customer_id,tenure_months,contract_type,plan_type,monthly_charges,total_charges,payment_method,payment_delay_days,data_usage_gb,has_streaming_addon,num_support_tickets,last_login_days_ago,clv_estimated,churned
C-00001,6,Month-to-month,Basic,36.6,219.6,Bank transfer,3,0.62,1,4,62,86.36,1
C-00002,46,Two-year,Standard,58.64,2697.44,Credit card,1,3.48,1,1,22,1574.56,0
C-00003,36,One-year,Premium,89.95,3238.2,Credit card,2,25.59,0,0,7,2334.58,0
C-00004,18,One-year,Basic,38.95,701.1,Bank transfer,0,1.09,0,3,0,1456.26,0
C-00005,8,Month-to-month,Premium,113.03,904.24,Bank transfer,0,15.92,0,0,0,3155.13,0
C-00006,7,Month-to-month,Basic,39.65,277.55,Mailed check,10,1.43,0,0,19,121.4,1
C-00007,2,Month-to-month,Standard,62.31,124.62,Credit card,8,10.11,1,2,3,884.94,0
C-00008,33,Two-year,Premium,92.02,3036.66,Bank transfer,0,18.47,1,0,7,5583.25,0
C-00009,23,One-year,Basic,25.62,589.26,Electronic check,1,1.42,0,0,1,397.18,0
C-00010,26,One-year,Standard,61.58,1601.08,Electronic check,3,13.1,0,2,8,1394.19,0
C-00011,20,Month-to-month,Basic,39.62,792.4,Mailed check,21,1.17,0,3,103,71.05,1
C-00012,42,Two-year,Standard,60.67,2548.14,Electronic check,2,4.35,0,1,4,3187.56,0
C-00013,53,Two-year,Standard,67.04,3553.12,Mailed check,14,2.8,0,1,5,2560.11,0
C-00014,12,Month-to-month,Standard,53.23,638.76,Credit card,2,27.91,1,0,1,914.04,0
C-00015,2,Month-to-month,Basic,28.14,56.28,Bank transfer,3,0.42,0,2,45,86.96,1
C-00016,11,Month-to-month,Basic,38.13,419.43,Credit card,3,2.62,0,1,7,417.53,0
C-00017,3,Month-to-month,Basic,35.14,105.42,Credit card,3,0.88,0,1,38,35.05,1
C-00018,21,One-year,Basic,39.63,832.23,Credit card,5,2.17,0,1,27,938.42,0
C-00019,21,Month-to-month,Standard,64.37,1351.77,Credit card,3,2.64,0,1,29,251.7,1
C-00020,3,Month-to-month,Premium,95.18,285.54,Credit card,10,2.77,1,0,15,222.28,1
C-00021,25,One-year,Standard,58.28,1457.0,Credit card,3,3.8,1,0,12,1348.48,0
C-00022,10,Month-to-month,Standard,67.51,675.1,Credit card,5,3.26,1,2,45,184.68,1
C-00023,6,Month-to-month,Premium,99.82,598.92,Mailed check,2,50.68,1,2,1,697.0,0
C-00024,4,Month-to-month,Standard,51.38,205.52,Credit card,2,2.52,1,2,34,97.38,1
C-00025,10,Month-to-month,Premium,94.6,946.0,Electronic check,2,18.58,1,0,0,1779.13,0
C-00026,25,One-year,Standard,57.91,1447.75,Credit card,0,13.71,1,0,0,2252.52,0
C-00027,16,Month-to-month,Basic,21.93,350.88,Mailed check,15,0.3,0,2,24,18.59,1
C-00028,29,One-year,Basic,34.88,1011.52,Mailed check,1,2.31,0,0,3,1404.75,0
C-00029,19,One-year,Standard,47.73,906.87,Electronic check,0,9.25,1,0,5,1823.65,0
C-00030,20,Month-to-month,Basic,28.1,562.0,Electronic check,13,0.26,0,3,44,86.24,1
C-00031,5,One-year,Basic,36.09,180.45,Credit card,4,2.0,0,1,11,736.09,0
C-00032,5,Month-to-month,Standard,56.69,283.45,Mailed check,14,25.99,0,2,3,1610.46,0
C-00033,7,Month-to-month,Standard,66.05,462.35,Mailed check,17,12.97,1,1,2,443.26,0
C-00034,55,Two-year,Standard,53.55,2945.25,Mailed check,9,17.38,1,0,5,1899.91,0
C-00035,50,Two-year,Basic,39.15,1957.5,Electronic check,13,1.27,0,1,7,1948.96,0
C-00036,31,Two-year,Basic,24.19,749.89,Credit card,1,3.48,0,0,5,1069.74,0
C-00037,5,Month-to-month,Standard,45.96,229.8,Mailed check,44,3.72,0,0,53,42.62,1
C-00038,4,Month-to-month,Premium,114.26,457.04,Credit card,2,5.56,1,2,21,444.57,1
C-00039,26,One-year,Standard,63.81,1659.06,Bank transfer,3,1.95,1,0,13,40.99,1
C-00040,6,Month-to-month,Premium,85.44,512.64,Credit card,2,18.98,1,0,3,647.93,0
C-00041,20,Month-to-month,Standard,69.62,1392.4,Mailed check,8,0.69,1,0,116,157.38,1
C-00042,14,Month-to-month,Standard,57.56,805.84,Credit card,2,9.76,0,3,1,1017.3,0
C-00043,1,Month-to-month,Basic,39.02,39.02,Credit card,8,1.25,0,3,38,32.39,1
C-00044,41,Two-year,Standard,57.63,2362.83,Bank transfer,3,2.69,0,2,62,215.75,1
C-00045,13,Month-to-month,Standard,56.8,738.4,Electronic check,1,4.44,1,1,39,118.3,1
C-00046,31,One-year,Standard,56.23,1743.13,Bank transfer,0,7.4,0,0,1,1430.91,0
C-00047,1,Month-to-month,Standard,53.37,53.37,Credit card,0,39.64,1,0,2,960.41,0
C-00048,14,One-year,Standard,58.34,816.76,Credit card,0,4.44,1,1,2,1016.09,0
C-00049,29,One-year,Basic,29.05,842.45,Electronic check,1,3.12,0,1,2,1124.37,0
C-00050,5,Month-to-month,Standard,45.92,229.6,Mailed check,19,2.75,1,0,11,101.42,1
C-00051,40,Two-year,Basic,25.21,1008.4,Electronic check,3,1.31,0,0,6,1147.47,0
C-00052,21,One-year,Premium,84.59,1776.39,Bank transfer,2,11.22,0,5,106,169.08,1
C-00053,44,Two-year,Basic,37.35,1643.4,Mailed check,6,1.0,1,0,3,1461.21,0
C-00054,35,Two-year,Basic,31.98,1119.3,Bank transfer,1,1.5,0,0,1,1898.24,0
C-00055,24,One-year,Standard,64.09,1538.16,Bank transfer,0,8.77,1,0,17,1587.68,0
C-00056,38,Two-year,Standard,68.92,2618.96,Bank transfer,2,3.56,1,0,1,2924.9,0
C-00057,1,Month-to-month,Standard,61.1,61.1,Bank transfer,13,3.1,0,3,22,131.92,1
C-00058,29,Month-to-month,Basic,39.65,1149.85,Electronic check,2,1.24,0,1,15,236.52,0
C-00059,27,Month-to-month,Standard,52.79,1425.33,Bank transfer,0,3.78,1,0,15,1124.66,0
C-00060,2,Month-to-month,Basic,23.73,47.46,Credit card,5,0.2,0,1,39,46.92,1
C-00061,9,Month-to-month,Premium,93.15,838.35,Credit card,3,36.6,0,3,19,225.93,1
C-00062,1,Month-to-month,Premium,96.19,96.19,Credit card,2,9.12,1,0,8,1592.09,0
C-00063,42,Two-year,Standard,67.38,2829.96,Bank transfer,1,11.72,0,0,1,2666.8,0
C-00064,1,Month-to-month,Basic,31.2,31.2,Credit card,2,0.72,0,4,29,65.26,1
C-00065,4,Month-to-month,Standard,52.3,209.2,Credit card,14,3.17,0,3,52,146.14,1
C-00066,30,One-year,Basic,34.85,1045.5,Electronic check,0,2.72,0,1,5,890.96,0
C-00067,1,Month-to-month,Standard,57.65,57.65,Electronic check,4,5.77,0,2,43,153.58,1
C-00068,58,Two-year,Basic,23.24,1347.92,Electronic check,1,1.43,1,0,11,1046.15,0
C-00069,6,Month-to-month,Premium,100.96,605.76,Bank transfer,4,1.9,0,4,41,165.04,1
C-00070,31,Two-year,Basic,38.23,1185.13,Mailed check,8,2.75,0,0,1,2173.6,0
C-00071,16,One-year,Standard,66.07,1057.12,Mailed check,4,12.57,1,0,1,2165.22,0
C-00072,2,Month-to-month,Standard,59.67,119.34,Electronic check,8,3.44,1,1,33,53.96,1
C-00073,1,Month-to-month,Standard,54.43,54.43,Bank transfer,4,3.99,0,0,40,100.1,1
C-00074,39,Two-year,Basic,21.74,847.86,Credit card,2,1.61,0,0,9,790.97,0
C-00075,21,One-year,Premium,96.13,2018.73,Mailed check,10,16.22,1,0,9,3289.55,0
C-00076,26,One-year,Standard,63.8,1658.8,Credit card,0,9.05,1,0,6,1449.51,0
C-00077,10,One-year,Standard,54.01,540.1,Credit card,3,12.32,0,0,1,1689.79,0
C-00078,2,Month-to-month,Basic,24.71,49.42,Bank transfer,3,0.78,0,1,74,59.68,1
C-00079,10,Month-to-month,Standard,68.28,682.8,Credit card,0,12.25,1,0,7,1445.87,0
C-00080,6,Month-to-month,Standard,65.54,393.24,Mailed check,0,2.09,0,0,60,102.39,1
C-00081,52,Two-year,Basic,32.77,1704.04,Bank transfer,3,4.44,0,0,8,1588.98,0
C-00082,36,One-year,Basic,22.74,818.64,Bank transfer,3,1.7,0,0,2,555.29,0
C-00083,6,Month-to-month,Premium,81.52,489.12,Electronic check,5,5.98,1,2,43,135.39,1
C-00084,3,Month-to-month,Basic,22.06,66.18,Bank transfer,10,0.45,0,2,17,27.38,1
C-00085,8,Month-to-month,Basic,32.33,258.64,Credit card,4,0.49,0,1,24,66.11,1
C-00086,11,Month-to-month,Standard,47.89,526.79,Bank transfer,3,4.64,0,0,27,114.09,1
C-00087,10,One-year,Standard,66.07,660.7,Electronic check,14,14.26,0,2,0,1536.25,0
C-00088,23,One-year,Basic,39.86,916.78,Bank transfer,0,4.4,1,0,4,928.49,0
C-00089,37,Two-year,Standard,54.16,2003.92,Electronic check,11,12.33,0,1,7,3463.78,0
C-00090,1,Month-to-month,Basic,29.07,29.07,Credit card,24,0.47,0,3,14,38.6,1
C-00091,2,Month-to-month,Basic,34.23,68.46,Credit card,0,1.61,0,0,4,763.81,0
C-00092,32,One-year,Basic,38.74,1239.68,Credit card,7,1.45,0,0,21,1474.32,0
C-00093,25,One-year,Premium,115.23,2880.75,Bank transfer,0,39.85,1,1,3,3719.41,0
C-00094,37,One-year,Basic,21.15,782.55,Electronic check,0,3.24,0,0,0,696.22,0
C-00095,10,One-year,Basic,23.38,233.8,Electronic check,11,1.18,1,1,3,714.8,0
C-00096,1,Month-to-month,Standard,63.86,63.86,Bank transfer,0,13.93,0,1,15,626.66,0
C-00097,30,One-year,Premium,106.0,3180.0,Bank transfer,0,33.96,1,0,0,4088.1,0
C-00098,23,Month-to-month,Basic,22.66,521.18,Electronic check,2,1.15,0,0,1,347.15,0
C-00099,1,Month-to-month,Standard,57.55,57.55,Credit card,2,12.48,1,0,7,1323.4,0
C-00100,2,Month-to-month,Basic,35.62,71.24,Credit card,3,0.5,0,0,73,70.6,1
C-00101,17,Month-to-month,Standard,50.47,857.99,Mailed check,21,2.1,0,0,3,1053.43,0
C-00102,30,One-year,Standard,66.78,2003.4,Bank transfer,1,8.2,1,0,9,2148.7,0
C-00103,11,Month-to-month,Standard,46.32,509.52,Mailed check,4,10.53,0,0,4,704.0,0
C-00104,35,One-year,Basic,35.64,1247.4,Credit card,2,0.43,0,4,21,93.84,1
C-00105,61,Two-year,Basic,32.32,1971.52,Electronic check,11,8.44,0,1,0,1119.6,0
C-00106,1,Month-to-month,Basic,26.3,26.3,Credit card,4,0.53,0,2,12,78.49,1
C-00107,7,Month-to-month,Basic,34.42,240.94,Credit card,4,2.17,0,0,9,847.21,0
C-00108,14,One-year,Basic,35.65,499.1,Bank transfer,4,2.5,0,0,5,993.85,0
C-00109,3,Month-to-month,Standard,68.35,205.05,Credit card,0,1.11,0,3,17,150.44,1
C-00110,10,Month-to-month,Premium,91.55,915.5,Credit card,1,39.05,1,0,9,1508.89,0
C-00111,6,Month-to-month,Premium,105.87,635.22,Credit card,1,29.39,1,0,2,1378.47,0
C-00112,19,Month-to-month,Premium,102.12,1940.28,Credit card,0,28.72,1,1,7,1785.66,0
C-00113,46,Two-year,Standard,58.13,2673.98,Electronic check,0,6.21,0,0,0,2948.84,0
C-00114,29,Two-year,Standard,67.26,1950.54,Bank transfer,3,3.53,1,0,0,4123.76,0
C-00115,17,One-year,Basic,20.06,341.02,Credit card,1,1.57,0,3,2,569.81,0
C-00116,32,Two-year,Standard,52.05,1665.6,Credit card,1,10.69,0,0,8,2503.64,0
C-00117,32,Two-year,Standard,58.46,1870.72,Credit card,1,6.91,0,1,4,3569.45,0
C-00118,17,Month-to-month,Standard,49.46,840.82,Bank transfer,2,10.75,1,2,3,1040.99,0
C-00119,35,Two-year,Standard,67.7,2369.5,Credit card,0,7.85,0,0,13,2304.05,0
C-00120,37,One-year,Basic,32.95,1219.15,Electronic check,5,2.5,1,2,4,980.5,0
C-00121,51,Two-year,Basic,29.56,1507.56,Credit card,1,1.24,0,0,5,1666.2,0
C-00122,49,Two-year,Premium,111.66,5471.34,Credit card,4,27.02,0,2,25,8103.72,0
C-00123,27,Month-to-month,Basic,29.02,783.54,Mailed check,7,1.46,0,0,4,554.64,0
C-00124,1,Month-to-month,Standard,58.97,58.97,Electronic check,20,0.71,0,5,27,29.48,1
C-00125,12,Month-to-month,Premium,75.12,901.44,Credit card,0,22.59,1,1,0,531.45,0
C-00126,19,Month-to-month,Standard,54.14,1028.66,Electronic check,20,22.69,1,1,10,751.37,0
C-00127,62,Two-year,Standard,48.47,3005.14,Bank transfer,3,3.76,0,1,17,1866.97,0
C-00128,42,Two-year,Basic,33.79,1419.18,Electronic check,5,2.14,0,0,3,1901.67,0
C-00129,2,Month-to-month,Basic,29.58,59.16,Bank transfer,1,0.73,0,1,96,103.42,1
C-00130,12,One-year,Premium,88.58,1062.96,Electronic check,2,77.48,1,0,4,3207.05,0
C-00131,4,Month-to-month,Standard,56.7,226.8,Mailed check,14,1.6,0,1,51,154.54,1
C-00132,5,Month-to-month,Standard,50.24,251.2,Credit card,7,1.74,0,2,94,127.07,1
C-00133,7,Month-to-month,Basic,38.5,269.5,Bank transfer,7,0.19,0,3,35,88.18,1
C-00134,5,Month-to-month,Basic,21.08,105.4,Bank transfer,11,1.87,0,2,27,29.33,1
C-00135,48,Two-year,Premium,113.94,5469.12,Credit card,2,15.9,1,0,0,6367.53,0
C-00136,6,Month-to-month,Basic,30.23,181.38,Credit card,13,0.33,1,3,41,51.63,1
C-00137,17,One-year,Standard,60.47,1027.99,Credit card,0,2.98,0,0,4,2214.47,0
C-00138,20,One-year,Basic,26.05,521.0,Bank transfer,10,1.35,0,3,28,61.12,1
C-00139,1,Month-to-month,Standard,69.17,69.17,Bank transfer,0,6.58,1,0,50,138.35,1
C-00140,45,Two-year,Premium,87.68,3945.6,Bank transfer,0,37.45,1,0,1,3557.15,0
C-00141,28,Two-year,Standard,59.72,1672.16,Credit card,3,3.44,1,1,2,2823.95,0
C-00142,15,Month-to-month,Basic,39.87,598.05,Bank transfer,0,2.73,0,0,11,578.43,0
C-00143,1,Month-to-month,Standard,67.03,67.03,Mailed check,0,3.31,1,0,0,512.75,0
C-00144,1,Month-to-month,Standard,58.41,58.41,Bank transfer,1,3.47,0,2,42,65.0,1
C-00145,13,Month-to-month,Standard,69.76,906.88,Bank transfer,8,1.96,0,2,37,155.87,1
C-00146,3,Month-to-month,Premium,106.56,319.68,Electronic check,2,28.65,1,0,3,253.28,0
C-00147,24,One-year,Standard,50.22,1205.28,Electronic check,19,12.44,1,3,2,2461.29,0
C-00148,24,One-year,Premium,93.25,2238.0,Bank transfer,0,24.43,1,1,0,2421.76,0
C-00149,3,Month-to-month,Standard,53.36,160.08,Mailed check,3,0.69,0,2,37,143.35,1
C-00150,3,Month-to-month,Basic,26.88,80.64,Bank transfer,1,1.21,0,1,32,13.44,1
C-00151,33,Two-year,Basic,35.21,1161.93,Mailed check,6,2.11,0,1,11,1345.12,0
C-00152,1,Month-to-month,Basic,31.69,31.69,Credit card,7,0.43,0,0,20,90.28,1
C-00153,1,Month-to-month,Premium,76.71,76.71,Credit card,9,3.72,1,2,7,179.03,1
C-00154,14,Month-to-month,Standard,66.94,937.16,Credit card,0,8.38,0,0,112,112.7,1
C-00155,42,Two-year,Standard,52.42,2201.64,Electronic check,6,18.89,0,0,2,3558.1,0
C-00156,7,Month-to-month,Basic,39.94,279.58,Bank transfer,5,0.93,1,2,39,34.74,1
C-00157,27,One-year,Basic,39.08,1055.16,Credit card,3,1.44,0,1,2,1514.84,0
C-00158,2,One-year,Standard,68.51,137.02,Credit card,1,1.99,0,0,29,1819.95,0
C-00159,2,Month-to-month,Standard,65.28,130.56,Mailed check,0,14.28,0,0,5,843.01,0
C-00160,27,One-year,Basic,24.41,659.07,Electronic check,5,2.42,1,0,2,348.27,0
C-00161,1,Month-to-month,Standard,58.32,58.32,Bank transfer,4,7.21,0,1,11,411.76,0
C-00162,24,One-year,Basic,24.49,587.76,Bank transfer,0,3.53,0,0,0,762.09,0
C-00163,16,One-year,Basic,25.19,403.04,Bank transfer,0,3.08,0,0,3,771.04,0
C-00164,17,One-year,Standard,60.27,1024.59,Bank transfer,0,10.03,1,0,10,1441.41,0
C-00165,2,Month-to-month,Basic,20.82,41.64,Mailed check,14,0.97,0,1,109,38.24,1
C-00166,53,Two-year,Premium,118.63,6287.39,Credit card,0,25.17,1,0,24,5517.88,0
C-00167,24,Month-to-month,Basic,38.37,920.88,Bank transfer,0,2.83,0,0,2,582.38,0
C-00168,2,Month-to-month,Basic,27.62,55.24,Credit card,4,0.59,0,2,42,33.12,1
C-00169,7,Month-to-month,Basic,30.31,212.17,Bank transfer,1,0.69,0,4,17,73.42,1
C-00170,20,One-year,Standard,56.65,1133.0,Bank transfer,32,2.46,1,3,40,169.75,1
C-00171,26,One-year,Standard,67.05,1743.3,Bank transfer,0,20.12,0,1,5,2212.69,0
C-00172,5,Month-to-month,Standard,62.22,311.1,Credit card,0,12.42,0,0,2,1282.66,0
C-00173,41,One-year,Basic,25.56,1047.96,Bank transfer,0,1.43,0,2,5,921.39,0
C-00174,2,Month-to-month,Basic,28.94,57.88,Credit card,0,2.1,1,0,12,480.47,0
C-00175,3,One-year,Standard,55.72,167.16,Credit card,0,5.41,0,0,2,1385.11,0
C-00176,15,Month-to-month,Premium,118.17,1772.55,Credit card,15,18.6,1,2,49,59.08,1
C-00177,21,One-year,Premium,82.89,1740.69,Electronic check,3,55.23,1,2,1,2120.04,0
C-00178,14,Month-to-month,Basic,21.79,305.06,Bank transfer,1,1.14,0,1,7,32.59,1
C-00179,42,Two-year,Standard,67.02,2814.84,Bank transfer,0,22.97,1,0,3,2511.91,0
C-00180,19,Month-to-month,Premium,115.35,2191.65,Electronic check,0,26.47,1,3,0,2238.7,0
C-00181,1,Month-to-month,Basic,37.43,37.43,Electronic check,12,2.95,0,0,2,630.37,0
C-00182,7,Month-to-month,Premium,97.99,685.93,Bank transfer,12,22.47,0,1,28,229.44,1
C-00183,50,Two-year,Basic,33.19,1659.5,Bank transfer,0,2.01,0,0,10,1219.82,0
C-00184,53,Two-year,Premium,100.35,5318.55,Bank transfer,3,25.42,1,0,3,3287.08,0
C-00185,1,Month-to-month,Standard,46.74,46.74,Bank transfer,3,5.38,0,3,14,118.47,1
C-00186,24,One-year,Premium,101.81,2443.44,Bank transfer,2,33.89,1,0,6,3726.87,0
C-00187,36,Two-year,Standard,45.34,1632.24,Electronic check,6,5.74,0,0,2,1794.91,0
C-00188,12,One-year,Basic,26.5,318.0,Mailed check,1,0.67,0,0,15,719.34,0
C-00189,20,One-year,Premium,116.95,2339.0,Credit card,6,22.47,1,0,0,3764.87,0
C-00190,17,Month-to-month,Basic,26.08,443.36,Credit card,8,0.32,0,1,22,64.26,1
C-00191,22,Month-to-month,Basic,38.8,853.6,Bank transfer,0,1.23,0,0,0,289.45,0
C-00192,32,Two-year,Standard,51.25,1640.0,Credit card,3,5.34,0,2,1,2964.59,0
C-00193,46,Two-year,Standard,52.86,2431.56,Credit card,1,6.42,0,0,5,1834.96,0
C-00194,14,One-year,Premium,103.28,1445.92,Mailed check,11,36.97,1,1,10,1939.05,0
C-00195,24,Month-to-month,Basic,35.23,845.52,Credit card,3,1.36,0,4,45,58.8,1
C-00196,6,Month-to-month,Standard,57.53,345.18,Mailed check,7,12.25,1,0,0,886.02,0
C-00197,23,One-year,Standard,67.05,1542.15,Electronic check,0,13.19,1,0,4,2026.6,0
C-00198,32,Two-year,Basic,20.8,665.6,Electronic check,4,2.8,0,0,0,1031.01,0
C-00199,53,Two-year,Basic,38.44,2037.32,Credit card,0,0.58,0,0,4,2497.05,0
C-00200,8,One-year,Basic,23.93,191.44,Credit card,7,0.65,0,3,15,30.4,1
C-00201,21,One-year,Basic,37.68,791.28,Bank transfer,1,0.82,1,0,4,1451.29,0
C-00202,51,Month-to-month,Premium,93.04,4745.04,Credit card,4,31.64,1,4,0,849.9,0
C-00203,7,Month-to-month,Standard,65.82,460.74,Credit card,2,1.2,0,4,58,66.5,1
C-00204,41,Two-year,Standard,61.79,2533.39,Credit card,4,8.1,1,2,5,2384.91,0
C-00205,28,One-year,Premium,82.92,2321.76,Credit card,0,32.26,1,0,4,1207.18,0
C-00206,1,Month-to-month,Basic,38.36,38.36,Credit card,3,0.22,0,1,126,90.46,1
C-00207,2,Month-to-month,Premium,86.05,172.1,Electronic check,4,39.68,1,0,7,2178.55,0
C-00208,23,One-year,Standard,51.1,1175.3,Credit card,5,4.68,0,3,64,139.27,1
C-00209,16,Month-to-month,Premium,111.64,1786.24,Credit card,5,5.0,1,0,37,85.56,1
C-00210,3,Month-to-month,Basic,22.12,66.36,Bank transfer,1,2.85,0,1,17,700.74,0
C-00211,18,One-year,Premium,84.99,1529.82,Mailed check,3,20.5,1,0,7,2625.59,0
C-00212,30,One-year,Basic,30.07,902.1,Credit card,6,2.17,1,0,14,1273.74,0
C-00213,24,One-year,Basic,36.61,878.64,Credit card,3,2.02,0,0,15,1057.46,0
C-00214,2,Month-to-month,Standard,48.69,97.38,Bank transfer,0,8.96,1,0,1,838.82,0
C-00215,19,One-year,Basic,30.95,588.05,Mailed check,1,1.44,0,0,30,835.43,0
C-00216,14,Month-to-month,Standard,62.78,878.92,Electronic check,13,0.91,1,1,48,229.31,1
C-00217,10,Month-to-month,Standard,66.51,665.1,Bank transfer,6,7.37,0,0,0,1751.01,0
C-00218,27,One-year,Standard,68.39,1846.53,Credit card,0,7.13,1,1,1,2019.79,0
C-00219,19,One-year,Basic,35.69,678.11,Bank transfer,3,1.39,0,0,5,978.99,0
C-00220,55,Two-year,Basic,33.06,1818.3,Credit card,0,3.08,0,1,8,1833.18,0
C-00221,33,One-year,Basic,28.67,946.11,Electronic check,25,0.44,0,3,38,14.6,1
C-00222,26,One-year,Standard,47.8,1242.8,Electronic check,8,8.14,1,0,9,602.8,0
C-00223,6,Month-to-month,Basic,34.19,205.14,Mailed check,4,0.99,0,2,98,40.05,1
C-00224,10,Month-to-month,Basic,39.85,398.5,Credit card,0,3.17,0,0,7,807.12,0
C-00225,3,Month-to-month,Basic,34.74,104.22,Credit card,2,3.7,0,0,2,846.56,0
C-00226,2,Month-to-month,Basic,20.33,40.66,Bank transfer,23,0.38,0,3,20,20.42,1
C-00227,54,Two-year,Standard,57.41,3100.14,Electronic check,15,14.45,0,4,2,3638.82,0
C-00228,9,Month-to-month,Premium,102.66,923.94,Electronic check,31,7.68,0,2,59,161.28,1
C-00229,40,Two-year,Basic,33.79,1351.6,Credit card,1,1.75,0,2,14,1766.09,0
C-00230,23,One-year,Standard,62.99,1448.77,Credit card,5,2.4,0,2,29,98.79,1
C-00231,34,One-year,Standard,58.95,2004.3,Bank transfer,1,6.39,0,0,0,1713.42,0
C-00232,18,One-year,Standard,50.58,910.44,Credit card,3,7.26,0,0,2,2248.31,0
C-00233,21,One-year,Standard,68.56,1439.76,Mailed check,20,2.52,1,1,42,107.72,1
C-00234,5,Month-to-month,Standard,62.42,312.1,Bank transfer,7,1.82,0,0,35,77.83,1
C-00235,10,Month-to-month,Standard,50.92,509.2,Electronic check,0,15.09,1,0,17,1120.25,0
C-00236,5,One-year,Basic,26.45,132.25,Bank transfer,3,0.32,1,2,26,73.51,1
C-00237,4,Month-to-month,Standard,68.05,272.2,Electronic check,6,4.27,0,2,40,54.01,1
C-00238,33,Month-to-month,Standard,67.19,2217.27,Credit card,1,9.96,1,1,1,1357.56,0
C-00239,23,One-year,Basic,28.1,646.3,Electronic check,3,2.07,0,0,3,963.65,0
C-00240,7,Month-to-month,Basic,20.77,145.39,Credit card,3,2.11,0,0,19,591.34,0
C-00241,50,Two-year,Premium,77.18,3859.0,Bank transfer,0,21.06,1,0,0,3394.1,0
C-00242,50,Two-year,Standard,52.1,2605.0,Credit card,1,21.14,0,0,9,3202.52,0
C-00243,52,Two-year,Standard,60.73,3157.96,Bank transfer,0,14.25,1,2,1,3013.02,0
C-00244,22,Month-to-month,Premium,101.29,2228.38,Credit card,0,24.76,1,1,4,1641.27,0
C-00245,12,Month-to-month,Standard,60.85,730.2,Credit card,3,2.45,1,0,62,85.55,1
C-00246,47,Two-year,Standard,62.93,2957.71,Mailed check,1,8.4,0,1,8,3333.09,0
C-00247,11,Month-to-month,Standard,45.48,500.28,Credit card,0,11.59,0,0,10,499.92,0
C-00248,50,Two-year,Premium,79.73,3986.5,Electronic check,4,51.93,1,0,2,2956.03,0
C-00249,52,Two-year,Standard,53.99,2807.48,Mailed check,0,3.96,1,4,2,2918.15,0
C-00250,35,Two-year,Standard,48.87,1710.45,Credit card,0,13.41,0,1,10,3248.57,0
C-00251,23,Month-to-month,Basic,21.51,494.73,Electronic check,17,1.07,0,4,76,18.61,1
C-00252,2,Month-to-month,Premium,103.84,207.68,Credit card,5,2.06,1,4,37,146.84,1
C-00253,28,Two-year,Standard,65.38,1830.64,Credit card,0,8.1,1,0,15,3329.79,0
C-00254,45,Month-to-month,Basic,35.05,1577.25,Bank transfer,0,1.18,0,0,12,514.69,0
C-00255,6,Month-to-month,Premium,111.77,670.62,Mailed check,29,8.13,0,2,24,55.88,1
C-00256,36,One-year,Standard,61.65,2219.4,Credit card,0,7.28,0,1,9,1427.87,0
C-00257,36,Two-year,Basic,34.71,1249.56,Bank transfer,1,1.89,0,1,0,1836.03,0
C-00258,13,One-year,Standard,51.79,673.27,Bank transfer,1,7.05,0,1,13,1437.65,0
C-00259,19,One-year,Standard,69.83,1326.77,Mailed check,19,7.0,0,2,43,160.16,1
C-00260,9,Month-to-month,Premium,83.24,749.16,Credit card,23,6.04,0,3,57,75.64,1
C-00261,25,One-year,Basic,24.29,607.25,Electronic check,2,2.26,1,1,2,794.0,0
C-00262,33,Two-year,Premium,88.0,2904.0,Electronic check,3,26.58,1,0,4,2380.34,0
C-00263,1,Month-to-month,Standard,69.38,69.38,Electronic check,11,3.02,0,1,59,182.13,1
C-00264,28,One-year,Basic,39.77,1113.56,Mailed check,34,1.77,0,1,2,1628.28,0
C-00265,45,Two-year,Premium,110.77,4984.65,Electronic check,13,57.42,1,1,2,3773.73,0
C-00266,21,One-year,Standard,60.73,1275.33,Credit card,2,4.3,1,0,7,1544.04,0
C-00267,27,One-year,Basic,30.4,820.8,Bank transfer,2,0.85,0,0,6,551.48,0
C-00268,35,One-year,Standard,69.27,2424.45,Bank transfer,0,3.05,1,0,4,2128.97,0
C-00269,15,Month-to-month,Premium,106.3,1594.5,Credit card,0,2.01,1,3,54,225.6,1
C-00270,13,Month-to-month,Basic,38.89,505.57,Bank transfer,0,2.82,0,3,3,387.82,0
C-00271,44,Two-year,Basic,26.33,1158.52,Bank transfer,1,1.34,0,4,31,40.47,1
C-00272,26,Two-year,Basic,26.68,693.68,Bank transfer,1,3.68,0,0,0,1567.88,0
C-00273,31,Two-year,Basic,37.09,1149.79,Mailed check,21,1.19,0,2,5,1986.68,0
C-00274,46,Two-year,Standard,48.75,2242.5,Credit card,2,14.12,0,0,1,2435.34,0
C-00275,23,One-year,Standard,68.65,1578.95,Mailed check,10,9.34,1,2,8,2662.31,0
C-00276,27,One-year,Basic,30.15,814.05,Bank transfer,0,2.19,0,0,8,1339.98,0
C-00277,37,One-year,Basic,38.53,1425.61,Bank transfer,3,1.18,1,3,38,81.32,1
C-00278,29,One-year,Basic,26.74,775.46,Electronic check,3,1.38,0,0,7,867.91,0
C-00279,34,One-year,Premium,107.22,3645.48,Bank transfer,1,89.45,1,2,14,2974.0,0
C-00280,24,One-year,Basic,29.66,711.84,Bank transfer,0,3.92,0,0,0,930.26,0
C-00281,33,Two-year,Premium,103.21,3405.93,Bank transfer,1,18.81,1,0,1,4226.28,0
C-00282,12,Month-to-month,Standard,57.61,691.32,Bank transfer,6,2.36,0,1,64,37.52,1
C-00283,5,Month-to-month,Basic,39.34,196.7,Mailed check,10,0.99,0,1,22,103.82,1
C-00284,3,Month-to-month,Premium,106.14,318.42,Electronic check,5,14.0,1,2,11,271.5,1
C-00285,23,One-year,Standard,51.28,1179.44,Credit card,1,17.1,1,0,0,1567.17,0
C-00286,1,Month-to-month,Standard,67.74,67.74,Credit card,9,1.54,1,2,40,142.33,1
C-00287,12,Month-to-month,Premium,88.23,1058.76,Bank transfer,1,28.3,1,1,13,1219.53,0
C-00288,21,One-year,Basic,27.43,576.03,Credit card,2,0.94,0,4,7,1086.86,0
C-00289,8,Month-to-month,Basic,22.04,176.32,Bank transfer,3,0.85,0,1,52,22.66,1
C-00290,33,One-year,Standard,67.5,2227.5,Credit card,1,8.46,0,0,11,2785.74,0
C-00291,2,Month-to-month,Basic,25.72,51.44,Bank transfer,7,2.55,0,1,37,63.46,1
C-00292,9,Month-to-month,Basic,25.18,226.62,Credit card,3,0.93,0,0,1,497.36,0
C-00293,41,Two-year,Basic,38.41,1574.81,Credit card,1,4.0,0,1,4,1978.56,0
C-00294,10,Month-to-month,Basic,36.11,361.1,Electronic check,7,0.24,0,2,85,101.5,1
C-00295,25,Month-to-month,Standard,48.53,1213.25,Bank transfer,2,4.07,1,1,0,709.95,0
C-00296,21,One-year,Basic,35.39,743.19,Mailed check,9,0.14,0,1,35,93.03,1
C-00297,34,One-year,Standard,67.83,2306.22,Mailed check,1,10.49,0,1,3,1818.26,0
C-00298,9,Month-to-month,Standard,46.96,422.64,Bank transfer,2,4.46,0,3,6,976.33,0
C-00299,19,One-year,Standard,65.63,1246.97,Credit card,2,4.02,1,0,17,1142.52,0
C-00300,26,Month-to-month,Basic,30.95,804.7,Electronic check,9,2.23,0,3,13,431.78,0
C-00301,5,Month-to-month,Standard,61.73,308.65,Mailed check,3,11.84,0,0,4,1760.93,0
C-00302,29,One-year,Basic,29.86,865.94,Electronic check,12,2.05,1,0,5,1213.94,0
C-00303,21,One-year,Standard,62.45,1311.45,Credit card,17,2.31,0,5,50,207.28,1
C-00304,23,One-year,Premium,76.53,1760.19,Mailed check,17,61.22,1,1,12,2994.29,0
C-00305,23,One-year,Standard,64.07,1473.61,Credit card,2,9.85,1,0,13,1597.06,0
C-00306,29,Two-year,Standard,45.83,1329.07,Electronic check,5,14.63,0,0,10,1966.28,0
C-00307,20,One-year,Standard,56.38,1127.6,Mailed check,1,9.83,1,0,0,2137.59,0
C-00308,9,Month-to-month,Basic,23.02,207.18,Credit card,3,0.51,0,3,57,65.93,1
C-00309,22,One-year,Premium,112.06,2465.32,Mailed check,11,32.3,0,1,2,4604.36,0
C-00310,1,Month-to-month,Premium,89.11,89.11,Credit card,2,3.52,1,0,117,192.0,1
C-00311,10,Month-to-month,Basic,29.08,290.8,Mailed check,14,0.89,0,3,19,56.65,1
C-00312,18,Month-to-month,Standard,55.72,1002.96,Credit card,2,5.16,0,2,17,164.76,1
C-00313,12,Month-to-month,Premium,109.76,1317.12,Mailed check,8,9.29,1,0,3,969.67,0
C-00314,62,Two-year,Premium,96.65,5992.3,Credit card,0,10.97,1,0,18,4475.97,0
C-00315,37,Two-year,Standard,64.72,2394.64,Electronic check,0,15.58,1,0,3,2939.81,0
C-00316,28,One-year,Standard,46.84,1311.52,Bank transfer,0,6.06,1,0,0,1313.04,0
C-00317,21,Month-to-month,Basic,23.83,500.43,Bank transfer,4,0.28,0,2,15,72.92,1
C-00318,3,Month-to-month,Premium,99.82,299.46,Credit card,0,26.66,1,0,0,2167.4,0
C-00319,1,Month-to-month,Basic,38.94,38.94,Electronic check,0,1.66,1,0,1,729.79,0
C-00320,18,Month-to-month,Standard,46.87,843.66,Credit card,21,2.19,0,1,165,36.51,1
C-00321,25,One-year,Basic,20.86,521.5,Bank transfer,0,1.96,1,0,9,436.53,0
C-00322,27,One-year,Basic,23.13,624.51,Credit card,2,2.22,1,0,0,843.36,0
C-00323,17,One-year,Standard,61.03,1037.51,Mailed check,26,5.92,1,0,2,1955.08,0
C-00324,6,Month-to-month,Premium,92.95,557.7,Credit card,1,27.03,1,0,6,2358.11,0
C-00325,33,Two-year,Basic,36.51,1204.83,Credit card,3,3.5,1,4,13,1492.64,0
C-00326,19,One-year,Standard,46.8,889.2,Credit card,7,6.42,0,0,7,1420.08,0
C-00327,30,One-year,Basic,23.93,717.9,Bank transfer,2,3.18,0,0,2,685.8,0
C-00328,8,One-year,Basic,26.0,208.0,Credit card,1,1.96,0,1,14,964.11,0
C-00329,16,Month-to-month,Standard,60.67,970.72,Bank transfer,0,3.22,0,1,49,221.39,1
C-00330,7,Month-to-month,Standard,62.13,434.91,Mailed check,6,9.75,0,0,6,908.63,0
C-00331,11,Month-to-month,Basic,22.48,247.28,Electronic check,12,0.58,0,1,27,11.24,1
C-00332,15,One-year,Basic,38.88,583.2,Bank transfer,2,2.4,0,0,0,1317.96,0
C-00333,9,Month-to-month,Basic,26.82,241.38,Credit card,7,1.34,0,4,80,62.53,1
C-00334,1,Month-to-month,Basic,34.26,34.26,Electronic check,12,0.78,0,1,38,18.74,1
C-00335,18,Month-to-month,Premium,98.59,1774.62,Credit card,6,15.31,1,1,27,119.34,1
C-00336,2,Month-to-month,Premium,85.02,170.04,Electronic check,2,4.22,1,1,12,140.15,1
C-00337,41,Two-year,Basic,36.92,1513.72,Credit card,0,4.42,0,0,3,2194.6,0
C-00338,24,One-year,Standard,65.46,1571.04,Bank transfer,2,13.25,1,0,0,1424.13,0
C-00339,13,Month-to-month,Premium,92.82,1206.66,Bank transfer,3,10.94,1,1,9,165.74,1
C-00340,3,Month-to-month,Basic,31.77,95.31,Mailed check,4,0.7,0,2,22,15.88,1
C-00341,3,Month-to-month,Premium,86.6,259.8,Credit card,3,40.0,1,1,1,1811.96,0
C-00342,3,Month-to-month,Premium,106.04,318.12,Bank transfer,22,8.06,0,2,46,106.69,1
C-00343,13,Month-to-month,Basic,26.18,340.34,Credit card,39,0.24,0,2,21,97.88,1
C-00344,8,Month-to-month,Basic,36.88,295.04,Electronic check,0,0.71,0,3,45,48.67,1
C-00345,21,Month-to-month,Premium,84.78,1780.38,Mailed check,32,7.18,1,5,35,233.96,1
C-00346,32,One-year,Standard,45.37,1451.84,Bank transfer,0,23.45,1,0,19,1555.68,0
C-00347,15,One-year,Basic,25.37,380.55,Bank transfer,0,1.91,0,2,1,585.26,0
C-00348,13,Month-to-month,Basic,23.82,309.66,Mailed check,19,0.4,0,2,67,68.79,1
C-00349,1,Month-to-month,Standard,57.71,57.71,Bank transfer,4,3.7,1,3,38,28.86,1
C-00350,20,One-year,Standard,50.09,1001.8,Bank transfer,0,7.7,1,0,2,1492.5,0
C-00351,4,One-year,Standard,64.08,256.32,Bank transfer,6,4.21,1,4,27,164.35,1
C-00352,28,Two-year,Premium,85.86,2404.08,Electronic check,23,23.51,1,0,5,3914.15,0
C-00353,15,One-year,Basic,34.14,512.1,Credit card,0,3.34,0,1,3,711.73,0
C-00354,11,Month-to-month,Standard,59.46,654.06,Electronic check,11,2.57,1,2,82,194.06,1
C-00355,2,Month-to-month,Standard,69.66,139.32,Bank transfer,0,14.67,1,2,1,1200.59,0
C-00356,26,One-year,Standard,70.0,1820.0,Credit card,1,7.98,0,4,4,1789.13,0
C-00357,8,Month-to-month,Basic,37.39,299.12,Electronic check,1,2.53,0,1,33,41.72,1
C-00358,25,One-year,Premium,109.2,2730.0,Bank transfer,0,31.25,1,0,3,3359.58,0
C-00359,35,Two-year,Premium,92.39,3233.65,Credit card,0,27.76,1,0,6,4237.8,0
C-00360,25,One-year,Standard,63.83,1595.75,Bank transfer,0,5.72,0,0,0,1766.94,0
C-00361,19,Month-to-month,Standard,68.92,1309.48,Mailed check,17,4.5,1,4,9,228.88,1
C-00362,30,One-year,Basic,20.47,614.1,Mailed check,15,0.83,0,2,228,67.68,1
C-00363,38,Month-to-month,Standard,58.45,2221.1,Mailed check,10,5.63,1,0,21,1139.83,0
C-00364,12,One-year,Standard,50.45,605.4,Mailed check,8,7.57,1,1,8,1790.97,0
C-00365,57,Two-year,Standard,58.95,3360.15,Credit card,0,8.17,0,0,1,1951.73,0
C-00366,5,Month-to-month,Premium,95.99,479.95,Bank transfer,12,4.32,1,1,104,198.99,1
C-00367,48,Two-year,Standard,59.39,2850.72,Electronic check,2,3.13,1,0,4,3009.92,0
C-00368,42,Two-year,Basic,31.02,1302.84,Bank transfer,0,1.88,0,0,2,1421.63,0
C-00369,9,Month-to-month,Standard,69.0,621.0,Bank transfer,4,3.21,1,1,37,113.9,1
C-00370,6,Month-to-month,Basic,31.04,186.24,Bank transfer,2,0.47,0,0,13,42.48,1
C-00371,4,Month-to-month,Basic,36.92,147.68,Bank transfer,0,3.38,0,0,0,672.39,0
C-00372,6,Month-to-month,Basic,26.4,158.4,Mailed check,5,2.49,0,4,14,76.98,1
C-00373,3,Month-to-month,Standard,55.95,167.85,Bank transfer,12,4.39,1,0,60,170.58,1
C-00374,14,One-year,Standard,56.76,794.64,Bank transfer,1,4.3,0,1,1,1702.79,0
C-00375,5,Month-to-month,Standard,51.97,259.85,Mailed check,5,1.26,0,2,102,148.27,1
C-00376,4,Month-to-month,Standard,54.49,217.96,Bank transfer,5,3.37,0,0,13,68.31,1
C-00377,26,Two-year,Standard,59.96,1558.96,Credit card,0,12.06,0,1,1,3216.06,0
C-00378,44,Month-to-month,Basic,31.6,1390.4,Bank transfer,2,1.06,0,2,73,60.35,1
C-00379,45,Two-year,Premium,103.64,4663.8,Electronic check,2,23.37,0,1,8,4267.95,0
C-00380,6,Month-to-month,Basic,27.04,162.24,Electronic check,0,1.68,0,2,9,836.51,0
C-00381,2,Month-to-month,Basic,26.32,52.64,Electronic check,1,4.84,0,0,5,399.06,0
C-00382,32,One-year,Standard,60.29,1929.28,Electronic check,6,4.16,0,3,24,102.97,1
C-00383,23,One-year,Basic,22.66,521.18,Credit card,0,0.25,0,1,86,36.99,1
C-00384,29,Two-year,Basic,25.06,726.74,Mailed check,8,4.21,0,0,0,1289.57,0
C-00385,25,One-year,Standard,46.05,1151.25,Mailed check,31,3.68,1,0,5,1878.31,0
C-00386,37,Two-year,Standard,46.82,1732.34,Credit card,3,1.11,1,1,1,1708.43,0
C-00387,3,Month-to-month,Standard,51.08,153.24,Credit card,9,3.79,0,1,23,121.64,1
C-00388,17,Month-to-month,Premium,75.88,1289.96,Mailed check,1,38.68,1,0,6,1524.2,0
C-00389,33,One-year,Standard,51.14,1687.62,Mailed check,6,2.12,0,3,86,36.39,1
C-00390,49,Two-year,Premium,104.47,5119.03,Mailed check,4,12.79,1,1,4,6425.66,0
C-00391,44,Two-year,Basic,21.22,933.68,Mailed check,35,1.96,0,2,10,1075.66,0
C-00392,9,Month-to-month,Standard,55.92,503.28,Bank transfer,14,3.03,0,1,60,144.18,1
C-00393,13,Month-to-month,Premium,116.09,1509.17,Bank transfer,0,18.75,1,0,3,645.32,0
C-00394,28,One-year,Standard,64.78,1813.84,Bank transfer,2,7.15,1,4,27,205.45,1
C-00395,1,Month-to-month,Standard,52.64,52.64,Credit card,4,4.82,1,0,4,1598.1,0
C-00396,55,Two-year,Basic,38.5,2117.5,Electronic check,9,2.36,0,1,1,1790.13,0
C-00397,33,Two-year,Basic,26.59,877.47,Bank transfer,1,3.66,0,0,4,1083.97,0
C-00398,13,Month-to-month,Standard,46.81,608.53,Bank transfer,0,11.35,1,1,1,154.77,0
C-00399,24,One-year,Basic,39.88,957.12,Bank transfer,0,3.75,1,1,10,782.52,0
C-00400,28,One-year,Premium,114.15,3196.2,Bank transfer,3,32.52,1,2,1,4188.63,0
C-00401,2,Month-to-month,Basic,29.32,58.64,Credit card,3,1.3,0,2,21,57.88,1
C-00402,42,Two-year,Premium,104.99,4409.58,Credit card,3,29.47,1,1,5,3446.65,0
C-00403,13,One-year,Premium,105.21,1367.73,Credit card,0,33.34,1,0,17,4440.14,0
C-00404,46,Two-year,Basic,23.89,1098.94,Credit card,5,1.66,0,0,1,986.87,0
C-00405,9,Month-to-month,Basic,24.0,216.0,Mailed check,9,0.47,0,2,30,19.6,1
C-00406,51,Two-year,Premium,96.13,4902.63,Credit card,0,39.53,0,0,0,4657.4,0
C-00407,16,Month-to-month,Premium,116.02,1856.32,Credit card,0,43.85,1,0,3,2443.52,0
C-00408,19,Month-to-month,Standard,45.25,859.75,Bank transfer,7,4.84,0,5,17,42.01,1
C-00409,51,Two-year,Basic,35.65,1818.15,Bank transfer,0,1.53,0,0,1,1604.19,0
C-00410,1,Month-to-month,Standard,46.44,46.44,Credit card,7,0.76,0,1,27,150.04,1
C-00411,4,Month-to-month,Standard,56.96,227.84,Electronic check,1,9.5,1,3,15,562.27,0
C-00412,41,Two-year,Basic,32.76,1343.16,Electronic check,0,1.03,0,0,9,1687.41,0
C-00413,61,Two-year,Standard,62.17,3792.37,Credit card,1,3.69,1,0,2,2787.07,0
C-00414,25,One-year,Basic,21.17,529.25,Credit card,6,0.51,0,0,81,51.43,1
C-00415,13,One-year,Basic,28.37,368.81,Mailed check,13,0.49,0,1,14,32.96,1
C-00416,5,Month-to-month,Basic,31.68,158.4,Electronic check,3,0.37,0,0,41,69.28,1
C-00417,4,Month-to-month,Basic,21.32,85.28,Electronic check,8,0.93,0,0,30,26.38,1
C-00418,16,Month-to-month,Basic,22.7,363.2,Credit card,4,0.69,1,2,19,11.35,1
C-00419,21,One-year,Standard,61.59,1293.39,Bank transfer,0,3.24,1,1,3,1152.71,0
C-00420,23,One-year,Basic,30.43,699.89,Bank transfer,0,1.31,0,2,4,859.84,0
C-00421,24,One-year,Basic,23.24,557.76,Credit card,1,0.23,0,1,40,50.83,1
C-00422,25,One-year,Basic,30.7,767.5,Bank transfer,1,1.09,0,0,7,1218.35,0
C-00423,4,Month-to-month,Premium,116.07,464.28,Bank transfer,1,20.81,1,0,9,2338.7,0
C-00424,27,Month-to-month,Standard,45.39,1225.53,Credit card,1,4.53,0,0,0,1241.51,0
C-00425,10,Month-to-month,Standard,61.07,610.7,Electronic check,13,4.01,1,3,15,112.31,1
C-00426,27,One-year,Standard,46.84,1264.68,Electronic check,2,10.43,0,0,8,1611.97,0
C-00427,4,Month-to-month,Premium,75.29,301.16,Credit card,1,16.23,1,3,6,911.85,0
C-00428,47,Two-year,Basic,23.01,1081.47,Electronic check,0,2.49,1,0,7,1176.83,0
C-00429,6,Month-to-month,Standard,55.57,333.42,Credit card,2,3.99,1,0,0,875.77,0
C-00430,2,Month-to-month,Standard,65.06,130.12,Electronic check,10,0.7,1,1,35,105.0,1
C-00431,3,Month-to-month,Standard,52.04,156.12,Credit card,6,1.65,1,1,87,107.03,1
C-00432,26,One-year,Basic,32.51,845.26,Credit card,4,2.84,0,1,7,606.5,0
C-00433,25,One-year,Standard,55.28,1382.0,Bank transfer,2,15.19,0,2,11,1804.83,0
C-00434,12,Month-to-month,Basic,24.69,296.28,Bank transfer,2,4.51,0,0,1,548.8,0
C-00435,6,Month-to-month,Standard,57.86,347.16,Mailed check,4,1.24,0,1,37,83.14,1
C-00436,18,One-year,Standard,64.94,1168.92,Bank transfer,0,8.36,1,0,2,2043.22,0
C-00437,9,Month-to-month,Basic,36.65,329.85,Credit card,7,0.41,0,2,76,109.95,1
C-00438,19,Two-year,Premium,113.09,2148.71,Bank transfer,3,13.11,1,0,1,6281.59,0
C-00439,32,One-year,Basic,26.77,856.64,Bank transfer,1,2.26,0,1,2,774.55,0
C-00440,7,Month-to-month,Premium,110.71,774.97,Credit card,0,16.64,1,1,6,2255.93,0
C-00441,1,Month-to-month,Standard,50.3,50.3,Electronic check,19,8.77,0,2,7,160.66,1
C-00442,38,Two-year,Basic,34.77,1321.26,Electronic check,2,0.97,0,0,6,1757.13,0
C-00443,15,Month-to-month,Basic,38.97,584.55,Mailed check,1,2.57,0,1,0,922.89,0
C-00444,12,Month-to-month,Premium,75.62,907.44,Mailed check,12,3.29,1,1,37,199.38,1
C-00445,57,Two-year,Basic,28.81,1642.17,Credit card,3,0.61,0,0,44,59.81,1
C-00446,71,Two-year,Basic,32.96,2340.16,Electronic check,2,2.64,0,0,3,2007.32,0
C-00447,44,Two-year,Basic,34.04,1497.76,Bank transfer,2,1.44,1,0,20,1289.53,0
C-00448,18,One-year,Standard,49.4,889.2,Electronic check,2,6.62,0,0,0,1651.09,0
C-00449,24,Month-to-month,Standard,69.3,1663.2,Bank transfer,4,5.54,0,0,4,1017.51,0
C-00450,1,Month-to-month,Basic,32.31,32.31,Mailed check,48,1.1,0,0,27,87.68,1
C-00451,27,One-year,Basic,23.29,628.83,Electronic check,10,1.48,0,1,7,695.42,0
C-00452,21,One-year,Basic,20.41,428.61,Mailed check,43,2.07,1,0,13,768.21,0
C-00453,3,Month-to-month,Basic,35.67,107.01,Electronic check,14,0.99,0,1,88,93.18,1
C-00454,46,Two-year,Standard,46.99,2161.54,Mailed check,8,10.31,1,1,1,2057.99,0
C-00455,9,Month-to-month,Standard,48.53,436.77,Electronic check,10,6.24,0,1,1,1030.01,0
C-00456,5,Month-to-month,Basic,31.5,157.5,Bank transfer,14,0.89,0,1,17,74.53,1
C-00457,3,Month-to-month,Basic,32.07,96.21,Credit card,1,1.09,0,5,10,58.9,1
C-00458,1,Month-to-month,Basic,33.74,33.74,Bank transfer,5,0.51,1,1,30,90.87,1
C-00459,13,Month-to-month,Premium,92.71,1205.23,Credit card,2,42.29,1,1,12,1607.73,0
C-00460,13,Month-to-month,Premium,109.83,1427.79,Bank transfer,2,44.38,1,3,5,1463.43,0
C-00461,11,Month-to-month,Premium,118.85,1307.35,Bank transfer,1,33.22,1,1,1,2343.55,0
C-00462,40,One-year,Basic,25.42,1016.8,Bank transfer,2,2.09,0,1,17,855.18,0
C-00463,13,One-year,Basic,34.06,442.78,Mailed check,12,0.11,0,4,27,17.03,1
C-00464,29,One-year,Basic,38.57,1118.53,Mailed check,6,2.49,0,0,8,1896.92,0
C-00465,22,Two-year,Basic,33.73,742.06,Credit card,0,1.66,0,0,2,2573.79,0
C-00466,1,Month-to-month,Standard,62.03,62.03,Bank transfer,2,7.79,1,1,8,805.86,0
C-00467,1,Month-to-month,Standard,50.59,50.59,Bank transfer,2,0.57,1,4,117,126.1,1
C-00468,41,Two-year,Premium,99.08,4062.28,Bank transfer,7,31.4,1,1,2,3697.42,0
C-00469,4,Month-to-month,Premium,100.31,401.24,Electronic check,10,11.89,1,3,1,805.28,0
C-00470,42,Two-year,Basic,34.0,1428.0,Bank transfer,1,2.14,1,0,1,1476.01,0
C-00471,2,Month-to-month,Standard,69.92,139.84,Bank transfer,10,5.19,0,3,67,62.3,1
C-00472,50,Two-year,Basic,20.67,1033.5,Mailed check,9,1.59,0,2,0,1102.56,0
C-00473,15,Month-to-month,Basic,21.3,319.5,Electronic check,4,1.15,0,2,7,57.58,1
C-00474,35,Two-year,Standard,46.95,1643.25,Credit card,1,5.77,1,3,0,3080.19,0
C-00475,17,One-year,Basic,34.86,592.62,Electronic check,1,2.72,0,0,11,1059.01,0
C-00476,42,Two-year,Standard,48.41,2033.22,Bank transfer,0,4.13,1,3,6,2741.54,0
C-00477,3,Month-to-month,Basic,32.45,97.35,Credit card,1,3.37,0,2,3,660.02,0
C-00478,11,One-year,Standard,53.12,584.32,Credit card,5,6.41,1,0,21,118.48,1
C-00479,40,Two-year,Standard,56.43,2257.2,Bank transfer,1,11.95,0,0,20,2145.13,0
C-00480,14,One-year,Basic,24.31,340.34,Bank transfer,8,0.36,0,2,83,43.96,1
C-00481,25,One-year,Premium,113.97,2849.25,Credit card,0,12.17,1,0,1,3084.22,0
C-00482,32,One-year,Basic,31.72,1015.04,Electronic check,4,1.66,0,0,0,1101.45,0
C-00483,21,Month-to-month,Standard,68.61,1440.81,Electronic check,1,17.57,1,0,1,367.53,0
C-00484,20,One-year,Standard,59.36,1187.2,Credit card,0,9.76,1,0,1,2280.35,0
C-00485,20,One-year,Standard,48.1,962.0,Credit card,2,3.55,1,0,20,1340.56,0
C-00486,30,Two-year,Premium,82.69,2480.7,Electronic check,2,13.98,1,2,9,3418.09,0
C-00487,10,Month-to-month,Basic,39.78,397.8,Credit card,5,1.41,0,1,49,90.54,1
C-00488,15,Month-to-month,Standard,63.14,947.1,Mailed check,4,12.09,0,1,0,1127.68,0
C-00489,66,Two-year,Standard,46.23,3051.18,Bank transfer,1,4.3,0,0,9,2292.42,0
C-00490,28,Two-year,Premium,106.67,2986.76,Credit card,3,10.15,1,1,1,6515.88,0
C-00491,8,Month-to-month,Basic,28.24,225.92,Credit card,14,0.63,0,4,13,16.03,1
C-00492,20,One-year,Standard,52.68,1053.6,Credit card,2,2.97,0,0,1,994.33,0
C-00493,1,Month-to-month,Standard,48.85,48.85,Credit card,1,8.22,0,0,2,717.0,0
C-00494,3,Month-to-month,Basic,36.8,110.4,Credit card,13,1.85,0,2,17,114.76,1
C-00495,2,Month-to-month,Standard,46.6,93.2,Bank transfer,6,1.6,0,1,20,122.67,1
C-00496,5,Month-to-month,Basic,25.8,129.0,Credit card,3,0.59,1,2,68,49.05,1
C-00497,33,One-year,Standard,52.66,1737.78,Bank transfer,1,19.83,0,0,9,1834.8,0
C-00498,12,Month-to-month,Premium,82.24,986.88,Bank transfer,1,35.68,1,0,0,1894.75,0
C-00499,58,Two-year,Standard,57.7,3346.6,Credit card,0,8.25,0,1,5,3068.52,0
C-00500,34,Two-year,Standard,45.29,1539.86,Credit card,0,8.27,1,2,11,2664.93,0
C-00501,26,One-year,Standard,52.52,1365.52,Credit card,0,4.51,0,0,0,1649.31,0
C-00502,18,One-year,Basic,38.67,696.06,Credit card,4,0.38,0,0,41,92.5,1
C-00503,18,Month-to-month,Basic,26.21,471.78,Electronic check,2,0.52,0,1,180,62.82,1
C-00504,38,Two-year,Standard,54.01,2052.38,Credit card,1,17.52,0,3,2,2370.91,0
C-00505,17,One-year,Basic,29.46,500.82,Electronic check,0,1.48,0,2,0,852.22,0
C-00506,4,Month-to-month,Basic,31.23,124.92,Bank transfer,1,1.83,0,0,6,657.43,0
C-00507,48,Two-year,Standard,65.22,3130.56,Bank transfer,0,5.11,1,2,2,2494.05,0
C-00508,42,Two-year,Basic,23.81,1000.02,Bank transfer,0,2.25,0,3,2,970.35,0
C-00509,46,Two-year,Basic,37.43,1721.78,Electronic check,0,2.98,0,0,7,1698.76,0
C-00510,18,One-year,Standard,63.94,1150.92,Credit card,0,13.17,0,1,17,1945.93,0
C-00511,30,One-year,Basic,34.45,1033.5,Credit card,0,1.12,0,0,2,1028.08,0
C-00512,2,Month-to-month,Premium,78.91,157.82,Bank transfer,2,26.4,1,0,8,1412.17,0
C-00513,48,Two-year,Premium,75.97,3646.56,Credit card,0,17.49,1,0,18,3748.85,0
C-00514,52,Two-year,Standard,59.85,3112.2,Bank transfer,0,16.55,0,0,0,2732.69,0
C-00515,11,Month-to-month,Basic,37.26,409.86,Bank transfer,3,0.49,0,4,29,54.17,1
C-00516,8,Month-to-month,Standard,59.61,476.88,Bank transfer,1,3.63,1,1,10,1085.88,0
C-00517,8,Month-to-month,Premium,84.6,676.8,Bank transfer,0,21.98,1,0,2,1847.04,0
C-00518,32,Two-year,Standard,47.26,1512.32,Bank transfer,1,11.88,1,0,2,2675.18,0
C-00519,51,Two-year,Basic,33.99,1733.49,Electronic check,8,2.28,0,0,6,954.93,0
C-00520,4,Month-to-month,Standard,63.04,252.16,Electronic check,8,1.42,0,2,37,76.08,1
C-00521,20,One-year,Premium,82.76,1655.2,Bank transfer,1,18.31,1,1,9,3107.6,0
C-00522,7,Month-to-month,Standard,45.7,319.9,Electronic check,0,4.99,0,0,3,745.94,0
C-00523,49,Two-year,Standard,55.21,2705.29,Mailed check,0,7.12,0,0,6,1636.95,0
C-00524,22,Two-year,Standard,59.57,1310.54,Bank transfer,5,5.4,1,0,18,3587.12,0
C-00525,24,Two-year,Standard,62.65,1503.6,Bank transfer,0,6.06,1,2,46,175.72,1
C-00526,18,Month-to-month,Basic,36.2,651.6,Electronic check,9,0.68,1,3,57,38.14,1
C-00527,16,Month-to-month,Standard,60.26,964.16,Bank transfer,5,9.71,0,0,17,660.78,0
C-00528,13,Month-to-month,Basic,22.22,288.86,Credit card,9,1.05,0,2,47,97.45,1
C-00529,6,Month-to-month,Standard,62.06,372.36,Mailed check,11,4.45,1,3,56,78.59,1
C-00530,51,Two-year,Basic,39.68,2023.68,Credit card,2,3.47,0,0,14,2387.45,0
C-00531,26,Two-year,Standard,67.64,1758.64,Electronic check,7,13.7,1,3,10,4291.41,0
C-00532,40,Two-year,Basic,37.43,1497.2,Electronic check,8,2.4,0,0,4,1253.13,0
C-00533,32,Two-year,Standard,52.55,1681.6,Mailed check,0,4.81,0,2,4,2043.47,0
C-00534,27,One-year,Standard,63.77,1721.79,Credit card,1,4.75,1,0,0,2439.33,0
C-00535,23,One-year,Basic,37.02,851.46,Bank transfer,0,1.32,0,0,0,707.04,0
C-00536,33,Two-year,Basic,33.57,1107.81,Bank transfer,0,2.93,0,0,8,1251.74,0
C-00537,58,Two-year,Basic,25.01,1450.58,Credit card,3,1.04,0,1,108,46.1,1
C-00538,1,Month-to-month,Premium,117.92,117.92,Credit card,1,37.88,1,3,17,2034.01,0
C-00539,8,Month-to-month,Standard,56.27,450.16,Bank transfer,0,8.76,0,1,45,161.64,1
C-00540,1,Month-to-month,Standard,48.25,48.25,Bank transfer,1,1.56,0,3,20,118.23,1
C-00541,47,Two-year,Basic,22.2,1043.4,Credit card,2,2.05,0,1,5,1111.46,0
C-00542,29,One-year,Standard,61.19,1774.51,Bank transfer,1,8.95,1,0,0,1763.61,0
C-00543,6,Month-to-month,Premium,94.7,568.2,Electronic check,12,20.82,1,3,5,1107.64,0
C-00544,31,One-year,Premium,79.25,2456.75,Electronic check,9,18.78,1,0,4,3148.61,0
C-00545,22,One-year,Standard,63.51,1397.22,Mailed check,33,18.37,0,2,7,1975.99,0
C-00546,3,Month-to-month,Basic,35.99,107.97,Bank transfer,1,2.07,0,1,2,789.39,0
C-00547,2,Month-to-month,Basic,34.51,69.02,Mailed check,11,1.04,0,2,34,75.13,1
C-00548,20,One-year,Basic,24.05,481.0,Mailed check,19,1.35,0,0,0,743.15,0
C-00549,28,One-year,Basic,33.8,946.4,Credit card,3,2.82,1,1,1,1042.12,0
C-00550,30,One-year,Basic,20.21,606.3,Credit card,2,1.22,0,0,6,606.96,0
C-00551,18,One-year,Basic,26.1,469.8,Bank transfer,1,2.53,1,0,3,753.47,0
C-00552,50,Two-year,Basic,27.98,1399.0,Bank transfer,0,2.56,0,0,4,1175.44,0
C-00553,16,One-year,Premium,112.59,1801.44,Bank transfer,3,19.96,1,0,2,3856.57,0
C-00554,19,One-year,Standard,54.76,1040.44,Bank transfer,10,5.99,0,0,80,158.78,1
C-00555,27,Two-year,Premium,75.51,2038.77,Electronic check,10,26.92,1,2,1,3806.12,0
C-00556,40,Month-to-month,Standard,53.81,2152.4,Bank transfer,0,8.81,0,1,8,1486.7,0
C-00557,2,Month-to-month,Basic,29.98,59.96,Credit card,0,2.03,1,1,3,456.88,0
C-00558,4,Month-to-month,Standard,68.73,274.92,Mailed check,8,4.4,1,4,18,255.5,1
C-00559,18,One-year,Basic,38.82,698.76,Credit card,4,0.66,0,3,13,91.4,1
C-00560,21,One-year,Standard,49.52,1039.92,Mailed check,22,9.36,0,0,11,387.42,0
C-00561,5,One-year,Basic,23.7,118.5,Credit card,0,0.46,1,2,54,83.65,1
C-00562,11,Month-to-month,Premium,82.35,905.85,Mailed check,14,6.72,1,5,33,102.01,1
C-00563,17,Month-to-month,Basic,35.78,608.26,Credit card,6,1.26,1,1,29,77.55,1
C-00564,7,Month-to-month,Basic,20.12,140.84,Credit card,8,0.37,0,2,79,48.47,1
C-00565,1,Month-to-month,Premium,80.72,80.72,Credit card,2,20.05,0,2,41,165.91,1
C-00566,22,One-year,Basic,30.76,676.72,Electronic check,8,2.75,0,0,5,895.01,0
C-00567,9,Month-to-month,Standard,51.19,460.71,Mailed check,48,0.96,1,5,50,76.12,1
C-00568,1,Month-to-month,Standard,47.31,47.31,Bank transfer,4,1.36,1,1,28,75.21,1
C-00569,57,Two-year,Premium,91.19,5197.83,Mailed check,7,21.0,0,0,5,5460.91,0
C-00570,2,Month-to-month,Premium,87.34,174.68,Bank transfer,3,12.88,1,5,46,103.63,1
C-00571,31,One-year,Premium,98.0,3038.0,Bank transfer,0,24.5,1,1,6,2982.03,0
C-00572,19,One-year,Basic,39.58,752.02,Electronic check,27,1.36,0,1,12,101.64,1
C-00573,8,Month-to-month,Premium,80.59,644.72,Credit card,4,7.9,1,1,82,93.19,1
C-00574,31,One-year,Standard,54.32,1683.92,Bank transfer,0,18.88,0,2,13,1832.61,0
C-00575,39,Two-year,Standard,68.3,2663.7,Mailed check,7,10.43,1,0,10,3994.27,0
C-00576,47,Two-year,Basic,37.54,1764.38,Mailed check,2,1.33,0,0,5,1934.42,0
C-00577,17,Month-to-month,Standard,54.86,932.62,Mailed check,7,6.82,0,0,0,1357.96,0
C-00578,49,Two-year,Premium,106.45,5216.05,Mailed check,11,33.18,1,4,8,5065.6,0
C-00579,15,Month-to-month,Premium,78.95,1184.25,Credit card,3,5.84,1,3,70,104.38,1
C-00580,26,Month-to-month,Standard,62.81,1633.06,Electronic check,12,4.02,0,0,22,1072.91,0
C-00581,1,Month-to-month,Basic,39.46,39.46,Bank transfer,7,1.0,0,3,67,35.84,1
C-00582,49,Two-year,Basic,30.75,1506.75,Mailed check,45,3.24,0,2,8,2206.59,0
C-00583,2,Month-to-month,Premium,97.43,194.86,Bank transfer,2,24.09,1,5,12,194.23,1
C-00584,23,Month-to-month,Standard,49.68,1142.64,Bank transfer,2,7.92,1,1,6,333.29,0
C-00585,28,One-year,Standard,60.84,1703.52,Bank transfer,2,17.06,1,1,15,1508.01,0
C-00586,7,Month-to-month,Basic,31.81,222.67,Credit card,0,2.09,1,0,3,534.28,0
C-00587,1,Month-to-month,Standard,61.3,61.3,Credit card,10,1.4,1,1,24,59.91,1
C-00588,3,Month-to-month,Standard,45.65,136.95,Mailed check,24,4.79,1,3,37,44.17,1
C-00589,7,Month-to-month,Premium,99.69,697.83,Electronic check,4,18.0,1,1,13,1588.58,0
C-00590,19,Month-to-month,Standard,59.87,1137.53,Credit card,1,15.66,0,2,1,1271.9,0
C-00591,12,Month-to-month,Basic,24.15,289.8,Electronic check,14,1.99,0,0,23,572.34,0
C-00592,16,One-year,Standard,50.21,803.36,Bank transfer,0,4.19,1,1,1,1954.45,0
C-00593,9,Month-to-month,Basic,25.52,229.68,Bank transfer,11,0.45,0,2,34,39.01,1
C-00594,6,Month-to-month,Premium,107.03,642.18,Credit card,2,24.28,1,1,6,208.85,0
C-00595,35,Two-year,Basic,32.13,1124.55,Mailed check,9,0.6,0,0,3,2113.65,0
C-00596,5,Month-to-month,Standard,66.14,330.7,Electronic check,1,6.61,1,1,2,1104.19,0
C-00597,21,One-year,Basic,25.91,544.11,Bank transfer,1,2.26,0,0,4,686.73,0
C-00598,1,Month-to-month,Standard,67.8,67.8,Bank transfer,1,4.79,0,1,19,1724.82,0
C-00599,2,Month-to-month,Standard,63.59,127.18,Credit card,1,16.39,1,1,19,1025.59,0
C-00600,5,Month-to-month,Standard,54.88,274.4,Bank transfer,7,9.7,0,2,11,131.31,1
C-00601,5,Month-to-month,Basic,21.91,109.55,Credit card,0,0.32,0,3,85,48.13,1
C-00602,1,Month-to-month,Basic,25.14,25.14,Credit card,3,1.73,0,3,7,265.89,0
C-00603,8,Month-to-month,Basic,39.14,313.12,Electronic check,3,3.31,0,0,6,449.2,0
C-00604,7,Month-to-month,Standard,52.76,369.32,Mailed check,43,3.27,1,3,16,96.15,1
C-00605,1,Month-to-month,Basic,26.6,26.6,Bank transfer,0,1.0,0,0,0,476.15,0
C-00606,28,Month-to-month,Standard,49.74,1392.72,Credit card,8,4.12,0,3,109,74.74,1
C-00607,1,Month-to-month,Premium,111.31,111.31,Bank transfer,0,16.02,1,0,1,1582.41,0
C-00608,19,Month-to-month,Premium,87.4,1660.6,Mailed check,10,16.31,1,2,43,169.77,1
C-00609,34,One-year,Standard,53.26,1810.84,Electronic check,1,12.98,0,1,2,1297.94,0
C-00610,17,One-year,Standard,55.36,941.12,Mailed check,13,7.48,1,0,1,2056.06,0
C-00611,5,Month-to-month,Basic,28.67,143.35,Bank transfer,4,1.02,0,1,52,64.27,1
C-00612,23,One-year,Standard,55.28,1271.44,Electronic check,1,4.12,1,4,2,1425.12,0
C-00613,18,One-year,Premium,97.67,1758.06,Credit card,0,16.83,1,1,6,3390.05,0
C-00614,12,Month-to-month,Basic,36.29,435.48,Credit card,14,2.36,0,2,23,111.19,1
C-00615,28,Two-year,Standard,65.48,1833.44,Bank transfer,0,9.32,1,1,4,3259.32,0
C-00616,36,Two-year,Premium,110.92,3993.12,Bank transfer,0,39.06,1,2,3,3720.93,0
C-00617,14,Month-to-month,Premium,79.55,1113.7,Mailed check,22,13.0,1,1,45,259.18,1
C-00618,15,Month-to-month,Basic,35.99,539.85,Mailed check,13,1.07,1,0,66,120.04,1
C-00619,39,Two-year,Standard,48.01,1872.39,Credit card,0,2.72,1,0,1,2899.72,0
C-00620,29,One-year,Basic,22.49,652.21,Credit card,8,0.36,0,2,50,56.32,1
C-00621,7,Month-to-month,Basic,38.96,272.72,Bank transfer,1,1.19,0,1,22,93.73,1
C-00622,4,Month-to-month,Premium,111.87,447.48,Credit card,3,39.57,1,1,4,2109.35,0
C-00623,2,Month-to-month,Premium,99.86,199.72,Bank transfer,0,47.59,1,0,0,1855.4,0
C-00624,13,Month-to-month,Standard,66.87,869.31,Mailed check,7,8.99,0,1,8,737.44,0
C-00625,17,One-year,Basic,39.79,676.43,Mailed check,3,1.54,0,1,14,830.39,0
C-00626,5,Month-to-month,Premium,102.48,512.4,Electronic check,16,14.68,1,0,0,1303.8,0
C-00627,12,Month-to-month,Standard,60.32,723.84,Electronic check,4,1.94,0,1,153,30.16,1
C-00628,9,One-year,Basic,35.09,315.81,Bank transfer,5,0.46,0,3,36,35.16,1
C-00629,24,Month-to-month,Standard,50.8,1219.2,Credit card,2,2.77,0,3,8,101.37,1
C-00630,10,Month-to-month,Basic,23.34,233.4,Bank transfer,0,0.55,0,3,13,11.67,1
C-00631,36,One-year,Standard,63.99,2303.64,Bank transfer,0,12.24,0,0,2,1432.27,0
C-00632,40,Two-year,Standard,53.62,2144.8,Electronic check,4,9.83,0,3,4,2449.61,0
C-00633,19,One-year,Basic,22.7,431.3,Credit card,0,3.26,0,1,1,541.91,0
C-00634,25,One-year,Basic,26.3,657.5,Bank transfer,4,3.24,0,0,7,718.53,0
C-00635,1,Month-to-month,Basic,27.17,27.17,Bank transfer,0,1.18,0,0,4,535.6,0
C-00636,1,Month-to-month,Basic,39.3,39.3,Mailed check,21,1.16,0,3,42,108.81,1
C-00637,34,One-year,Standard,62.45,2123.3,Bank transfer,0,3.32,0,0,2,1505.15,0
C-00638,3,Month-to-month,Premium,98.89,296.67,Electronic check,1,26.22,1,2,2,1599.08,0
C-00639,4,Month-to-month,Basic,39.38,157.52,Electronic check,22,0.46,0,3,66,19.69,1
C-00640,24,Month-to-month,Basic,38.06,913.44,Credit card,8,0.18,0,0,91,94.17,1
C-00641,18,Month-to-month,Standard,57.8,1040.4,Bank transfer,1,7.03,1,2,1,741.43,0
C-00642,10,Month-to-month,Premium,115.76,1157.6,Mailed check,14,9.14,1,2,70,263.28,1
C-00643,3,Month-to-month,Basic,28.09,84.27,Bank transfer,7,2.26,0,0,37,452.51,0
C-00644,1,Month-to-month,Basic,24.61,24.61,Mailed check,8,1.75,0,1,0,772.52,0
C-00645,1,Month-to-month,Standard,50.82,50.82,Credit card,0,4.47,1,1,5,1472.93,0
C-00646,40,Two-year,Basic,33.25,1330.0,Credit card,0,1.96,1,0,4,1805.02,0
C-00647,21,One-year,Basic,30.02,630.42,Mailed check,10,0.88,0,0,5,1003.12,0
C-00648,19,One-year,Standard,61.47,1167.93,Electronic check,6,7.85,0,0,4,1969.4,0
C-00649,18,One-year,Standard,62.15,1118.7,Mailed check,13,1.53,0,2,37,101.42,1
C-00650,1,Month-to-month,Standard,45.56,45.56,Electronic check,5,2.06,1,2,47,62.96,1
C-00651,1,Month-to-month,Standard,46.35,46.35,Mailed check,35,1.44,0,2,24,57.81,1
C-00652,24,One-year,Standard,58.32,1399.68,Electronic check,4,3.65,0,1,0,1454.05,0
C-00653,34,One-year,Basic,23.82,809.88,Electronic check,6,1.68,0,0,5,794.62,0
C-00654,36,One-year,Basic,32.65,1175.4,Bank transfer,0,3.21,0,0,3,917.2,0
C-00655,8,Month-to-month,Basic,31.04,248.32,Bank transfer,4,3.78,0,0,3,177.83,0
C-00656,2,Month-to-month,Basic,31.72,63.44,Mailed check,8,2.61,0,1,25,128.54,1
C-00657,4,Month-to-month,Standard,52.56,210.24,Bank transfer,12,4.29,1,2,77,98.25,1
C-00658,1,Month-to-month,Premium,103.79,103.79,Bank transfer,5,7.09,1,0,38,386.08,1
C-00659,26,One-year,Premium,112.33,2920.58,Bank transfer,3,20.0,1,0,0,3008.39,0
C-00660,22,One-year,Standard,69.95,1538.9,Bank transfer,0,8.9,0,0,4,1960.68,0
C-00661,38,Month-to-month,Basic,36.77,1397.26,Bank transfer,4,1.93,0,0,7,866.49,0
C-00662,48,Two-year,Basic,31.15,1495.2,Credit card,2,2.08,1,0,21,1402.05,0
C-00663,25,One-year,Premium,83.7,2092.5,Mailed check,0,81.76,1,0,8,2780.03,0
C-00664,10,Month-to-month,Standard,62.04,620.4,Bank transfer,0,4.72,0,0,4,994.26,0
C-00665,1,Month-to-month,Standard,68.44,68.44,Bank transfer,0,5.88,1,0,8,1035.64,0
C-00666,57,Month-to-month,Standard,50.3,2867.1,Credit card,1,24.2,0,0,34,1369.08,0
C-00667,1,Month-to-month,Standard,51.4,51.4,Credit card,2,6.24,0,0,13,553.12,0
C-00668,11,Month-to-month,Premium,81.71,898.81,Credit card,2,5.95,1,3,40,130.06,1
C-00669,2,Month-to-month,Basic,34.73,69.46,Electronic check,13,1.79,1,1,20,120.19,1
C-00670,4,Month-to-month,Standard,55.16,220.64,Credit card,4,5.57,1,2,57,95.78,1
C-00671,10,Month-to-month,Premium,77.82,778.2,Mailed check,13,12.99,1,0,78,64.05,1
C-00672,26,Two-year,Basic,37.5,975.0,Credit card,5,3.22,0,0,3,2030.57,0
C-00673,4,Month-to-month,Standard,58.94,235.76,Credit card,3,5.28,1,0,2,1048.35,0
C-00674,20,One-year,Basic,26.62,532.4,Credit card,0,1.57,0,0,5,894.33,0
C-00675,4,Month-to-month,Premium,90.48,361.92,Credit card,9,7.03,1,1,10,185.71,1
C-00676,27,Two-year,Basic,25.81,696.87,Electronic check,18,0.72,0,0,10,953.61,0
C-00677,16,Month-to-month,Standard,56.39,902.24,Mailed check,7,8.82,1,0,13,123.55,1
C-00678,1,Month-to-month,Basic,26.74,26.74,Bank transfer,17,1.12,0,3,77,80.58,1
C-00679,40,Two-year,Standard,58.7,2348.0,Credit card,0,9.89,0,0,12,2523.42,0
C-00680,36,Two-year,Basic,35.47,1276.92,Credit card,1,0.89,0,0,5,1388.38,0
C-00681,29,Two-year,Basic,33.49,971.21,Bank transfer,2,1.06,0,1,4,1549.43,0
C-00682,21,Month-to-month,Standard,52.36,1099.56,Mailed check,24,2.65,0,0,14,95.96,1
C-00683,1,Month-to-month,Premium,98.79,98.79,Credit card,2,36.73,1,0,0,1587.79,0
C-00684,23,One-year,Basic,36.8,846.4,Electronic check,4,0.71,0,0,6,1467.67,0
C-00685,31,Two-year,Basic,21.36,662.16,Bank transfer,1,2.99,0,0,36,1077.04,0
C-00686,28,One-year,Standard,46.96,1314.88,Credit card,2,7.27,1,0,9,2031.46,0
C-00687,10,One-year,Standard,58.9,589.0,Bank transfer,1,7.89,1,2,6,1873.99,0
C-00688,6,Month-to-month,Premium,103.76,622.56,Credit card,22,10.32,1,4,12,237.47,1
C-00689,16,One-year,Basic,24.23,387.68,Electronic check,11,2.3,0,0,7,1149.41,0
C-00690,1,Month-to-month,Standard,63.63,63.63,Credit card,4,1.26,0,2,32,144.72,1
C-00691,17,Month-to-month,Basic,32.93,559.81,Electronic check,6,0.87,0,2,16,59.13,1
C-00692,21,Month-to-month,Basic,38.47,807.87,Credit card,0,0.63,1,0,1,475.12,0
C-00693,22,One-year,Standard,49.22,1082.84,Mailed check,11,6.89,1,1,3,1140.17,0
C-00694,2,Month-to-month,Standard,63.78,127.56,Credit card,1,2.08,0,2,11,106.28,1
C-00695,1,Month-to-month,Standard,47.09,47.09,Mailed check,7,3.96,0,1,16,84.77,1
C-00696,25,One-year,Basic,31.31,782.75,Electronic check,1,0.34,0,0,77,15.66,1
C-00697,12,Month-to-month,Standard,58.8,705.6,Mailed check,6,2.41,1,4,68,116.84,1
C-00698,19,One-year,Standard,54.71,1039.49,Bank transfer,0,4.27,1,0,2,447.33,0
C-00699,4,Month-to-month,Premium,113.01,452.04,Electronic check,8,8.08,1,4,103,341.44,1
C-00700,11,Month-to-month,Basic,20.09,220.99,Bank transfer,1,0.88,0,3,64,10.04,1
C-00701,26,One-year,Basic,30.4,790.4,Credit card,0,2.03,0,0,0,956.92,0
C-00702,1,Month-to-month,Basic,24.34,24.34,Bank transfer,4,3.61,1,0,7,459.39,0
C-00703,2,Month-to-month,Standard,63.59,127.18,Credit card,0,8.74,0,0,3,1656.76,0
C-00704,1,Month-to-month,Basic,20.86,20.86,Mailed check,33,0.47,0,2,27,44.0,1
C-00705,20,Month-to-month,Premium,112.42,2248.4,Credit card,2,23.86,1,1,7,1956.62,0
C-00706,43,Two-year,Basic,36.76,1580.68,Bank transfer,0,2.74,0,1,4,1880.33,0
C-00707,15,Month-to-month,Premium,112.48,1687.2,Bank transfer,0,49.24,1,0,0,1668.8,0
C-00708,33,Two-year,Basic,23.05,760.65,Bank transfer,6,2.16,0,0,24,988.32,0
C-00709,3,Month-to-month,Standard,60.76,182.28,Electronic check,6,14.43,1,1,0,1171.7,0
C-00710,25,One-year,Premium,75.65,1891.25,Credit card,4,21.13,1,4,30,133.54,1
C-00711,28,One-year,Basic,36.96,1034.88,Bank transfer,0,3.97,0,2,17,1298.44,0
C-00712,9,One-year,Premium,107.53,967.77,Credit card,1,20.23,1,0,2,2467.75,0
C-00713,2,Month-to-month,Standard,58.28,116.56,Mailed check,16,3.71,1,0,16,160.95,1
C-00714,1,Month-to-month,Premium,107.88,107.88,Electronic check,14,27.78,1,0,5,2246.22,0
C-00715,13,Month-to-month,Standard,47.36,615.68,Mailed check,0,17.64,1,0,4,859.75,0
C-00716,37,Two-year,Basic,30.57,1131.09,Credit card,0,2.68,0,1,2,996.51,0
C-00717,23,Two-year,Basic,25.83,594.09,Credit card,0,2.31,0,0,7,1456.22,0
C-00718,44,Two-year,Basic,39.45,1735.8,Credit card,11,2.5,0,1,4,2667.81,0
C-00719,8,Month-to-month,Basic,37.14,297.12,Credit card,1,2.29,0,1,5,565.12,0
C-00720,21,One-year,Basic,34.67,728.07,Credit card,4,2.33,0,0,1,1278.38,0
C-00721,41,Two-year,Basic,38.67,1585.47,Electronic check,3,1.86,0,2,15,1811.83,0
C-00722,28,Month-to-month,Standard,53.67,1502.76,Credit card,2,7.76,0,0,0,612.82,0
C-00723,22,Month-to-month,Standard,67.52,1485.44,Bank transfer,0,26.0,0,0,7,904.54,0
C-00724,31,One-year,Basic,26.5,821.5,Mailed check,24,0.8,1,3,36,50.73,1
C-00725,29,One-year,Basic,34.66,1005.14,Electronic check,3,1.51,0,2,9,1165.5,0
C-00726,43,Two-year,Standard,63.41,2726.63,Bank transfer,2,7.64,1,1,7,2117.7,0
C-00727,3,Month-to-month,Basic,20.37,61.11,Bank transfer,0,1.36,0,3,35,29.25,1
C-00728,20,One-year,Basic,27.22,544.4,Bank transfer,1,1.39,1,2,10,823.78,0
C-00729,8,Month-to-month,Basic,20.39,163.12,Credit card,2,0.28,1,2,82,20.22,1
C-00730,12,Month-to-month,Premium,119.87,1438.44,Bank transfer,10,3.67,1,3,25,277.36,1
C-00731,14,Month-to-month,Premium,80.5,1127.0,Bank transfer,7,5.04,1,1,15,272.01,1
C-00732,40,Two-year,Basic,30.86,1234.4,Mailed check,7,1.05,0,0,2,1449.94,0
C-00733,22,One-year,Standard,64.76,1424.72,Electronic check,0,4.44,1,1,1,2323.64,0
C-00734,14,One-year,Standard,50.03,700.42,Bank transfer,0,20.72,1,1,0,990.27,0
C-00735,1,Month-to-month,Standard,57.13,57.13,Bank transfer,0,8.78,1,0,2,812.17,0
C-00736,32,Two-year,Standard,60.19,1926.08,Credit card,0,7.26,0,0,0,3487.76,0
C-00737,23,Month-to-month,Standard,49.01,1127.23,Electronic check,4,1.04,0,5,23,44.53,1
C-00738,46,Two-year,Basic,35.57,1636.22,Bank transfer,0,1.87,0,0,4,1454.87,0
C-00739,2,Month-to-month,Basic,25.99,51.98,Credit card,1,0.35,0,5,34,75.74,1
C-00740,3,Month-to-month,Standard,50.28,150.84,Credit card,5,3.54,0,4,25,76.03,1
C-00741,19,Month-to-month,Premium,100.12,1902.28,Credit card,3,68.87,1,1,19,600.78,0
C-00742,6,Month-to-month,Standard,55.26,331.56,Electronic check,1,13.44,1,0,2,807.77,0
C-00743,23,One-year,Premium,116.41,2677.43,Credit card,2,22.09,1,0,0,5116.29,0
C-00744,20,One-year,Premium,114.6,2292.0,Bank transfer,0,34.78,1,0,2,4757.95,0
C-00745,1,Month-to-month,Basic,29.67,29.67,Bank transfer,5,1.55,0,1,9,520.0,0
C-00746,42,Two-year,Standard,53.98,2267.16,Bank transfer,0,5.58,1,0,2,2465.08,0
C-00747,2,Month-to-month,Standard,53.14,106.28,Mailed check,27,5.3,0,3,89,206.57,1
C-00748,25,One-year,Premium,87.04,2176.0,Mailed check,6,13.86,1,1,1,1959.53,0
C-00749,34,Two-year,Premium,99.5,3383.0,Bank transfer,0,20.55,1,0,3,4137.5,0
C-00750,24,One-year,Standard,65.12,1562.88,Credit card,0,10.84,0,1,0,2505.49,0
C-00751,16,Month-to-month,Basic,26.22,419.52,Bank transfer,1,0.21,0,1,25,34.27,1
C-00752,29,Two-year,Standard,49.75,1442.75,Bank transfer,0,13.33,0,0,1,2570.44,0
C-00753,14,One-year,Basic,29.51,413.14,Bank transfer,0,1.73,0,0,1,593.41,0
C-00754,1,Month-to-month,Standard,46.73,46.73,Electronic check,14,13.44,1,0,3,1258.96,0
C-00755,10,Month-to-month,Premium,106.56,1065.6,Credit card,0,32.88,1,1,10,1641.64,0
C-00756,5,One-year,Basic,30.37,151.85,Bank transfer,0,1.78,0,1,2,753.27,0
C-00757,39,One-year,Standard,57.41,2238.99,Credit card,2,25.19,0,0,2,1335.08,0
C-00758,8,One-year,Standard,52.51,420.08,Electronic check,9,6.05,0,1,2,1092.28,0
C-00759,42,Two-year,Standard,67.62,2840.04,Credit card,0,20.27,0,1,2,3009.51,0
C-00760,28,One-year,Basic,21.81,610.68,Electronic check,10,1.74,0,2,66,10.9,1
C-00761,2,Month-to-month,Standard,66.75,133.5,Credit card,12,9.68,1,3,31,75.29,1
C-00762,11,Month-to-month,Premium,91.95,1011.45,Bank transfer,7,12.87,0,2,38,185.14,1
C-00763,4,Month-to-month,Premium,114.63,458.52,Electronic check,1,16.54,1,1,13,2123.99,0
C-00764,18,One-year,Basic,34.58,622.44,Credit card,0,5.69,0,1,3,1017.86,0
C-00765,7,Month-to-month,Premium,79.69,557.83,Electronic check,13,4.88,0,1,30,110.99,1
C-00766,33,One-year,Standard,65.79,2171.07,Bank transfer,0,5.54,1,0,6,2770.35,0
C-00767,24,One-year,Basic,33.64,807.36,Bank transfer,0,1.83,0,1,5,1243.12,0
C-00768,26,Two-year,Basic,20.65,536.9,Bank transfer,1,1.23,0,1,2,969.7,0
C-00769,5,Month-to-month,Basic,22.67,113.35,Bank transfer,2,1.27,1,0,28,43.25,1
C-00770,48,Two-year,Premium,103.6,4972.8,Bank transfer,1,18.12,1,0,0,4481.44,0
C-00771,11,Month-to-month,Standard,61.57,677.27,Bank transfer,6,1.43,1,2,26,91.46,1
C-00772,39,Two-year,Standard,63.67,2483.13,Electronic check,12,16.13,0,0,8,2956.39,0
C-00773,2,Month-to-month,Basic,34.4,68.8,Bank transfer,3,1.38,0,1,102,94.81,1
C-00774,3,Month-to-month,Standard,61.49,184.47,Credit card,3,9.11,1,0,2,941.97,0
C-00775,19,One-year,Basic,35.32,671.08,Credit card,0,2.19,0,0,9,1421.41,0
C-00776,2,Month-to-month,Basic,31.5,63.0,Credit card,4,0.97,0,1,41,46.6,1
C-00777,2,Month-to-month,Standard,51.52,103.04,Credit card,2,2.63,1,3,22,164.51,1
C-00778,21,One-year,Basic,38.25,803.25,Electronic check,2,2.01,0,0,4,1056.53,0
C-00779,20,One-year,Premium,75.82,1516.4,Electronic check,0,31.36,1,0,17,2687.29,0
C-00780,30,One-year,Basic,27.33,819.9,Credit card,0,1.89,0,0,3,1317.48,0
C-00781,29,One-year,Standard,63.22,1833.38,Mailed check,37,11.61,1,1,4,3119.68,0
C-00782,11,One-year,Standard,55.68,612.48,Bank transfer,6,2.15,1,1,28,51.57,1
C-00783,8,Month-to-month,Standard,45.62,364.96,Mailed check,5,6.28,0,0,3,1104.11,0
C-00784,17,Month-to-month,Basic,21.32,362.44,Electronic check,0,1.39,0,2,3,262.98,0
C-00785,15,Month-to-month,Basic,32.97,494.55,Electronic check,7,0.44,0,3,28,75.84,1
C-00786,36,Two-year,Premium,118.42,4263.12,Credit card,1,46.69,0,1,4,6263.02,0
C-00787,20,One-year,Basic,31.04,620.8,Credit card,0,2.9,0,0,8,1145.06,0
C-00788,1,Month-to-month,Premium,97.8,97.8,Credit card,11,3.3,1,0,13,95.47,1
C-00789,21,Month-to-month,Premium,89.32,1875.72,Electronic check,15,10.14,1,1,42,94.42,1
C-00790,27,Two-year,Basic,25.13,678.51,Credit card,2,1.66,0,0,6,998.31,0
C-00791,1,Month-to-month,Basic,20.42,20.42,Electronic check,28,0.59,0,0,17,50.37,1
C-00792,20,One-year,Standard,51.82,1036.4,Credit card,1,3.7,0,0,2,1656.41,0
C-00793,30,One-year,Premium,95.21,2856.3,Electronic check,7,39.88,0,0,4,3169.73,0
C-00794,20,One-year,Premium,83.91,1678.2,Credit card,0,12.4,1,1,7,1727.55,0
C-00795,3,Month-to-month,Standard,47.18,141.54,Credit card,2,8.75,1,1,3,896.64,0
C-00796,40,Two-year,Standard,62.94,2517.6,Credit card,0,5.12,1,0,2,2606.41,0
C-00797,37,Two-year,Basic,37.89,1401.93,Bank transfer,0,2.97,0,3,10,1585.51,0
C-00798,23,One-year,Premium,117.15,2694.45,Credit card,1,20.76,1,1,26,3394.56,0
C-00799,15,One-year,Premium,102.81,1542.15,Electronic check,0,22.94,0,0,1,1837.53,0
C-00800,37,Two-year,Basic,21.06,779.22,Credit card,1,1.91,0,0,13,1122.61,0
C-00801,28,One-year,Basic,34.82,974.96,Bank transfer,1,2.34,0,0,4,645.36,0
C-00802,5,Month-to-month,Basic,22.2,111.0,Electronic check,10,1.12,0,3,71,37.1,1
C-00803,21,One-year,Basic,33.39,701.19,Credit card,0,1.97,0,0,14,1199.85,0
C-00804,28,One-year,Premium,110.07,3081.96,Mailed check,1,18.93,1,0,1,1971.14,0
C-00805,1,Month-to-month,Basic,34.52,34.52,Mailed check,12,0.44,1,2,33,30.3,1
C-00806,11,One-year,Basic,39.04,429.44,Credit card,2,1.15,0,1,2,1494.63,0
C-00807,45,Two-year,Basic,34.76,1564.2,Credit card,0,2.88,0,0,11,1294.85,0
C-00808,25,Two-year,Premium,106.19,2654.75,Bank transfer,1,21.05,1,0,4,6124.84,0
C-00809,2,Month-to-month,Standard,51.54,103.08,Electronic check,16,1.96,1,1,52,121.19,1
C-00810,11,Month-to-month,Standard,68.12,749.32,Bank transfer,0,3.88,1,0,3,678.52,0
C-00811,57,Two-year,Basic,23.59,1344.63,Bank transfer,0,0.85,0,0,3,1172.71,0
C-00812,41,Two-year,Premium,115.72,4744.52,Electronic check,2,17.26,0,0,0,6078.74,0
C-00813,29,Month-to-month,Premium,89.07,2583.03,Credit card,4,38.25,1,0,1,858.04,0
C-00814,38,Two-year,Basic,22.6,858.8,Electronic check,1,1.52,0,0,1,1098.54,0
C-00815,34,Two-year,Basic,36.53,1242.02,Electronic check,2,2.46,0,0,8,2058.73,0
C-00816,17,One-year,Basic,20.05,340.85,Bank transfer,3,1.49,0,0,7,588.39,0
C-00817,20,One-year,Basic,36.64,732.8,Mailed check,5,1.24,0,0,14,77.67,1
C-00818,16,Month-to-month,Standard,51.56,824.96,Electronic check,9,1.41,1,1,57,97.34,1
C-00819,14,Month-to-month,Premium,114.81,1607.34,Credit card,0,13.25,1,0,0,2771.62,0
C-00820,6,Month-to-month,Standard,62.29,373.74,Bank transfer,6,7.68,1,0,23,1084.92,0
C-00821,35,Two-year,Premium,104.98,3674.3,Bank transfer,2,61.37,1,0,1,4306.55,0
C-00822,8,Month-to-month,Standard,54.13,433.04,Credit card,8,8.35,0,4,72,98.54,1
C-00823,15,Month-to-month,Standard,46.49,697.35,Mailed check,0,12.08,1,2,2,400.61,0
C-00824,8,Month-to-month,Standard,65.75,526.0,Credit card,2,2.66,0,1,21,32.88,1
C-00825,24,One-year,Basic,23.42,562.08,Electronic check,4,2.34,0,0,1,547.48,0
C-00826,50,Two-year,Basic,27.45,1372.5,Bank transfer,0,2.36,0,3,12,1735.99,0
C-00827,4,Month-to-month,Standard,60.01,240.04,Credit card,1,8.81,1,0,2,1447.02,0
C-00828,7,Month-to-month,Basic,29.65,207.55,Mailed check,9,2.51,0,1,6,241.4,0
C-00829,14,One-year,Basic,23.97,335.58,Mailed check,40,1.23,0,3,49,27.82,1
C-00830,6,Month-to-month,Standard,48.52,291.12,Bank transfer,2,2.29,0,4,28,72.82,1
C-00831,4,Month-to-month,Premium,80.55,322.2,Credit card,1,13.5,0,0,8,1357.58,0
C-00832,12,Month-to-month,Standard,66.58,798.96,Credit card,3,1.26,1,0,30,78.27,1
C-00833,21,Month-to-month,Premium,76.42,1604.82,Bank transfer,1,36.59,1,0,1,1094.71,0
C-00834,1,Month-to-month,Standard,69.43,69.43,Credit card,4,1.57,0,2,73,195.78,1
C-00835,27,Month-to-month,Standard,49.96,1348.92,Bank transfer,0,10.81,0,0,4,599.6,0
C-00836,7,Month-to-month,Standard,47.76,334.32,Mailed check,13,7.62,1,0,6,1020.7,0
C-00837,49,Two-year,Premium,100.96,4947.04,Bank transfer,4,14.44,1,0,11,5615.31,0
C-00838,6,Month-to-month,Standard,47.0,282.0,Mailed check,4,7.82,0,1,1,1522.41,0
C-00839,27,One-year,Standard,60.06,1621.62,Electronic check,2,2.1,0,1,203,87.1,1
C-00840,21,One-year,Standard,66.27,1391.67,Bank transfer,0,4.7,0,1,4,1395.3,0
C-00841,1,Month-to-month,Standard,46.2,46.2,Mailed check,12,4.94,1,3,15,28.83,1
C-00842,27,One-year,Basic,36.0,972.0,Bank transfer,1,1.63,0,0,0,1270.22,0
C-00843,10,Month-to-month,Basic,27.89,278.9,Mailed check,0,1.39,1,0,5,573.74,0
C-00844,45,Two-year,Basic,23.19,1043.55,Credit card,2,4.52,0,2,21,1089.12,0
C-00845,4,Month-to-month,Premium,82.92,331.68,Credit card,3,18.35,1,0,16,187.28,1
C-00846,39,Month-to-month,Basic,38.38,1496.82,Mailed check,25,0.57,0,3,21,79.31,1
C-00847,3,Month-to-month,Basic,22.21,66.63,Bank transfer,8,0.7,0,3,63,37.16,1
C-00848,63,Two-year,Standard,66.67,4200.21,Mailed check,6,7.83,1,0,7,2976.34,0
C-00849,25,One-year,Basic,30.88,772.0,Mailed check,20,1.42,0,1,2,902.49,0
C-00850,37,One-year,Standard,45.98,1701.26,Credit card,1,12.0,0,0,8,2281.1,0
C-00851,9,Month-to-month,Basic,29.29,263.61,Bank transfer,1,0.78,0,3,27,79.91,1
C-00852,27,One-year,Premium,111.79,3018.33,Bank transfer,1,25.48,1,0,0,2311.73,0
C-00853,8,Month-to-month,Premium,107.68,861.44,Bank transfer,0,40.88,1,0,2,2194.83,0
C-00854,41,Two-year,Premium,97.0,3977.0,Electronic check,0,38.69,1,0,1,4649.19,0
C-00855,27,Month-to-month,Standard,66.5,1795.5,Credit card,0,6.49,0,2,5,1917.53,0
C-00856,1,Month-to-month,Standard,48.01,48.01,Bank transfer,0,12.08,1,2,2,1226.79,0
C-00857,8,Month-to-month,Basic,38.2,305.6,Electronic check,7,0.36,0,3,68,73.32,1
C-00858,12,Month-to-month,Basic,36.93,443.16,Credit card,3,1.12,0,2,37,73.02,1
C-00859,27,One-year,Basic,34.17,922.59,Electronic check,3,2.17,0,0,12,714.41,0
C-00860,1,Month-to-month,Standard,65.45,65.45,Bank transfer,10,4.94,0,2,25,165.19,1
C-00861,25,One-year,Standard,58.6,1465.0,Mailed check,18,3.32,0,3,8,170.95,1
C-00862,1,Month-to-month,Standard,61.88,61.88,Credit card,0,31.51,1,1,1,1159.04,0
C-00863,20,One-year,Basic,31.21,624.2,Credit card,0,1.28,0,0,2,1002.34,0
C-00864,36,Month-to-month,Standard,53.89,1940.04,Bank transfer,0,16.17,1,1,2,864.45,0
C-00865,2,Month-to-month,Standard,59.22,118.44,Credit card,0,4.86,1,0,31,1379.28,0
C-00866,23,One-year,Standard,51.44,1183.12,Mailed check,0,12.21,1,2,0,991.28,0
C-00867,6,Month-to-month,Standard,56.01,336.06,Credit card,3,6.28,0,2,20,61.9,1
C-00868,1,Month-to-month,Basic,25.62,25.62,Electronic check,16,1.01,0,0,30,70.28,1
C-00869,18,Two-year,Premium,80.53,1449.54,Bank transfer,0,19.15,0,1,9,2729.52,0
C-00870,46,Two-year,Standard,53.05,2440.3,Bank transfer,0,9.82,0,2,7,2210.33,0
C-00871,1,Month-to-month,Basic,37.04,37.04,Credit card,9,0.96,1,2,78,65.83,1
C-00872,4,Month-to-month,Basic,27.62,110.48,Bank transfer,3,2.63,0,2,58,65.65,1
C-00873,25,One-year,Standard,63.7,1592.5,Bank transfer,0,5.35,1,1,5,1989.44,0
C-00874,43,Month-to-month,Premium,82.88,3563.84,Credit card,0,18.58,1,2,7,82.88,0
C-00875,15,Month-to-month,Standard,55.61,834.15,Mailed check,10,1.7,0,5,18,137.07,1
C-00876,50,Month-to-month,Basic,22.3,1115.0,Credit card,1,1.77,0,0,5,371.83,0
C-00877,12,One-year,Premium,81.24,974.88,Bank transfer,0,23.34,1,0,5,3130.36,0
C-00878,23,One-year,Standard,60.44,1390.12,Bank transfer,0,17.15,0,1,16,1344.26,0
C-00879,11,Month-to-month,Standard,60.19,662.09,Credit card,5,1.66,0,0,15,1652.49,0
C-00880,1,Month-to-month,Standard,50.33,50.33,Mailed check,15,3.29,1,2,34,53.33,1
C-00881,5,Month-to-month,Basic,29.49,147.45,Bank transfer,2,0.18,0,2,25,48.07,1
C-00882,28,One-year,Standard,66.58,1864.24,Credit card,0,4.4,0,0,4,2668.62,0
C-00883,16,Month-to-month,Basic,23.48,375.68,Bank transfer,0,6.7,1,0,2,740.32,0
C-00884,7,Month-to-month,Premium,75.86,531.02,Bank transfer,0,33.09,0,0,0,831.26,0
C-00885,32,One-year,Standard,61.3,1961.6,Bank transfer,3,15.97,0,1,3,3061.75,0
C-00886,2,Month-to-month,Standard,46.34,92.68,Electronic check,0,8.6,1,0,22,172.47,0
C-00887,30,One-year,Standard,69.5,2085.0,Credit card,21,3.34,0,4,46,181.03,1
C-00888,20,Month-to-month,Premium,102.43,2048.6,Credit card,0,10.14,1,0,2,2926.27,0
C-00889,6,Month-to-month,Premium,96.17,577.02,Electronic check,21,19.67,0,1,14,112.94,1
C-00890,2,Month-to-month,Standard,55.75,111.5,Credit card,1,1.71,1,5,67,166.31,1
C-00891,22,One-year,Standard,59.33,1305.26,Mailed check,8,6.56,0,0,21,1537.24,0
C-00892,52,Two-year,Standard,47.27,2458.04,Credit card,1,12.22,1,0,2,1914.5,0
C-00893,45,Two-year,Standard,68.25,3071.25,Electronic check,6,10.91,0,2,6,2350.45,0
C-00894,4,Month-to-month,Basic,32.51,130.04,Bank transfer,5,0.67,0,3,28,62.97,1
C-00895,36,One-year,Standard,49.6,1785.6,Bank transfer,0,3.98,1,0,4,1544.77,0
C-00896,16,Month-to-month,Basic,31.25,500.0,Credit card,5,0.54,1,4,25,32.65,1
C-00897,8,Month-to-month,Premium,81.0,648.0,Credit card,10,9.51,0,0,95,254.3,1
C-00898,33,Two-year,Basic,20.35,671.55,Credit card,1,1.54,0,0,2,853.11,0
C-00899,22,Month-to-month,Premium,103.37,2274.14,Credit card,5,9.11,1,3,58,203.56,1
C-00900,1,Month-to-month,Standard,61.21,61.21,Credit card,5,1.22,0,1,26,133.77,1
C-00901,19,Month-to-month,Standard,59.59,1132.21,Bank transfer,2,9.06,0,2,3,2143.74,0
C-00902,4,Month-to-month,Standard,49.59,198.36,Bank transfer,0,22.67,1,0,5,1274.26,0
C-00903,10,Month-to-month,Basic,32.07,320.7,Electronic check,21,0.54,0,1,28,85.06,1
C-00904,22,One-year,Basic,21.13,464.86,Electronic check,13,3.41,0,0,1,559.28,0
C-00905,25,Month-to-month,Basic,32.18,804.5,Bank transfer,2,2.34,0,3,26,73.99,1
C-00906,44,Two-year,Standard,58.85,2589.4,Bank transfer,0,10.0,0,0,4,3105.58,0
C-00907,30,Two-year,Standard,61.38,1841.4,Bank transfer,2,6.58,1,0,10,2927.31,0
C-00908,14,Month-to-month,Standard,67.39,943.46,Bank transfer,19,2.53,1,5,22,186.43,1
C-00909,14,Month-to-month,Basic,37.01,518.14,Electronic check,1,1.15,0,4,27,166.72,1
C-00910,7,Month-to-month,Basic,39.61,277.27,Credit card,4,1.98,0,1,44,44.04,1
C-00911,34,One-year,Standard,69.41,2359.94,Credit card,4,21.53,0,0,0,2312.11,0
C-00912,18,Month-to-month,Premium,109.75,1975.5,Electronic check,5,6.79,1,2,35,253.84,1
C-00913,29,One-year,Standard,68.91,1998.39,Credit card,3,16.82,0,2,4,1936.62,0
C-00914,14,Month-to-month,Standard,66.68,933.52,Mailed check,5,8.76,1,0,6,932.41,0
C-00915,20,One-year,Standard,63.19,1263.8,Mailed check,8,5.31,0,1,9,1531.13,0
C-00916,4,Month-to-month,Basic,21.51,86.04,Credit card,0,3.53,0,2,8,676.46,0
C-00917,1,Month-to-month,Premium,77.21,77.21,Credit card,0,55.53,1,0,0,1463.23,0
C-00918,41,Two-year,Standard,65.94,2703.54,Bank transfer,2,4.89,1,0,3,3833.26,0
C-00919,21,One-year,Basic,29.79,625.59,Bank transfer,0,1.2,0,0,0,827.0,0
C-00920,1,Month-to-month,Standard,65.37,65.37,Credit card,1,9.24,1,2,5,1346.48,0
C-00921,35,Two-year,Basic,26.26,919.1,Electronic check,12,3.25,0,0,0,1396.12,0
C-00922,11,Month-to-month,Premium,92.89,1021.79,Bank transfer,0,13.92,1,2,0,1538.75,0
C-00923,47,Two-year,Basic,34.0,1598.0,Credit card,0,2.26,0,2,2,1721.75,0
C-00924,11,One-year,Standard,67.88,746.68,Credit card,1,6.33,1,0,16,2733.56,0
C-00925,33,Month-to-month,Basic,21.76,718.08,Electronic check,1,2.86,0,0,7,246.4,0
C-00926,20,Month-to-month,Standard,66.54,1330.8,Credit card,3,5.59,0,1,0,1287.85,0
C-00927,20,Month-to-month,Standard,64.83,1296.6,Electronic check,2,14.34,1,0,2,1389.55,0
C-00928,19,One-year,Standard,52.89,1004.91,Bank transfer,1,8.21,0,0,0,1924.52,0
C-00929,17,One-year,Standard,53.88,915.96,Bank transfer,0,5.14,0,0,2,2030.15,0
C-00930,1,Month-to-month,Premium,77.09,77.09,Mailed check,0,4.93,1,3,78,198.84,1
C-00931,15,Month-to-month,Basic,20.31,304.65,Mailed check,1,0.76,0,2,9,511.14,0
C-00932,42,Two-year,Basic,29.54,1240.68,Bank transfer,0,1.52,0,0,14,1298.14,0
C-00933,34,Two-year,Basic,21.91,744.94,Credit card,1,2.38,0,1,2,1371.25,0
C-00934,17,One-year,Premium,83.73,1423.41,Electronic check,5,10.12,1,1,11,2594.7,0
C-00935,46,Month-to-month,Basic,36.94,1699.24,Bank transfer,3,0.3,0,3,63,99.69,1
C-00936,14,Month-to-month,Standard,59.28,829.92,Credit card,0,2.22,1,1,7,601.45,0
C-00937,18,Month-to-month,Standard,60.84,1095.12,Mailed check,6,20.01,1,0,4,1337.16,0
C-00938,33,Two-year,Basic,23.75,783.75,Credit card,3,1.94,0,0,18,1176.63,0
C-00939,8,Month-to-month,Basic,36.57,292.56,Credit card,1,1.54,0,0,17,592.29,0
C-00940,26,One-year,Basic,37.36,971.36,Credit card,0,3.23,0,2,13,1507.64,0
C-00941,29,Month-to-month,Standard,58.08,1684.32,Bank transfer,3,7.08,1,0,1,1123.65,0
C-00942,31,One-year,Basic,38.25,1185.75,Electronic check,14,0.84,1,5,40,82.67,1
C-00943,29,One-year,Basic,36.9,1070.1,Credit card,0,2.04,0,0,3,685.28,0
C-00944,26,Two-year,Premium,107.91,2805.66,Credit card,1,19.39,1,0,9,4439.34,0
C-00945,11,Month-to-month,Premium,108.03,1188.33,Credit card,1,28.42,1,1,6,2063.81,0
C-00946,4,Month-to-month,Basic,22.11,88.44,Electronic check,20,1.59,0,3,34,32.29,1
C-00947,21,Month-to-month,Basic,25.42,533.82,Credit card,2,0.57,0,1,79,80.37,1
C-00948,41,Two-year,Basic,21.34,874.94,Mailed check,33,0.72,0,1,31,37.67,1
C-00949,46,Two-year,Standard,45.22,2080.12,Credit card,0,7.35,0,0,4,1734.6,0
C-00950,19,One-year,Premium,82.12,1560.28,Mailed check,4,7.78,1,1,7,1730.26,0
C-00951,5,One-year,Basic,37.61,188.05,Credit card,3,2.32,0,1,8,1088.18,0
C-00952,27,One-year,Basic,24.8,669.6,Electronic check,9,1.1,0,0,0,912.9,0
C-00953,1,Month-to-month,Standard,69.25,69.25,Credit card,4,2.55,1,1,51,86.45,1
C-00954,51,Two-year,Standard,59.93,3056.43,Credit card,3,8.55,0,0,0,2250.14,0
C-00955,7,Month-to-month,Basic,24.75,173.25,Mailed check,21,1.04,0,2,21,38.09,1
C-00956,1,Month-to-month,Standard,57.43,57.43,Mailed check,10,13.74,0,0,2,1010.51,0
C-00957,18,One-year,Basic,24.38,438.84,Bank transfer,0,1.27,1,4,15,525.23,0
C-00958,6,Month-to-month,Basic,39.68,238.08,Electronic check,8,0.53,0,3,65,83.21,1
C-00959,16,Month-to-month,Standard,66.18,1058.88,Bank transfer,0,1.88,0,0,40,214.76,1
C-00960,32,One-year,Premium,76.18,2437.76,Mailed check,9,22.37,1,0,2,2277.05,0
C-00961,1,Month-to-month,Standard,68.69,68.69,Credit card,1,5.17,1,0,6,1068.27,0
C-00962,21,One-year,Premium,107.45,2256.45,Bank transfer,0,33.04,1,0,2,4184.79,0
C-00963,2,Month-to-month,Standard,47.06,94.12,Bank transfer,3,2.6,0,3,26,50.76,1
C-00964,4,Month-to-month,Standard,61.77,247.08,Bank transfer,16,3.6,1,1,26,149.76,1
C-00965,63,Month-to-month,Standard,61.17,3853.71,Mailed check,0,4.75,1,0,11,1110.9,0
C-00966,17,Month-to-month,Premium,84.85,1442.45,Credit card,2,5.03,0,2,168,284.59,1
C-00967,15,One-year,Premium,109.13,1636.95,Credit card,1,23.8,1,0,0,4368.78,0
C-00968,21,Month-to-month,Basic,21.74,456.54,Bank transfer,3,1.52,0,1,15,10.87,1
C-00969,22,One-year,Premium,97.03,2134.66,Electronic check,3,11.11,1,1,1,3073.41,0
C-00970,3,Month-to-month,Premium,75.45,226.35,Credit card,14,9.09,1,4,74,62.82,1
C-00971,28,One-year,Standard,69.22,1938.16,Bank transfer,0,7.09,0,0,0,2708.25,0
C-00972,48,Two-year,Basic,35.03,1681.44,Mailed check,16,1.93,0,1,16,1347.65,0
C-00973,19,One-year,Premium,82.15,1560.85,Credit card,2,12.8,0,1,1,2981.72,0
C-00974,11,Month-to-month,Premium,90.38,994.18,Electronic check,0,10.37,1,3,86,264.02,1
C-00975,2,Month-to-month,Basic,23.21,46.42,Electronic check,6,1.72,0,1,13,164.08,0
C-00976,4,Month-to-month,Premium,109.5,438.0,Bank transfer,1,14.6,1,2,15,2939.11,0
C-00977,50,One-year,Basic,21.18,1059.0,Mailed check,12,1.9,0,0,4,825.67,0
C-00978,21,Month-to-month,Basic,36.81,773.01,Electronic check,3,1.54,0,0,3,429.94,0
C-00979,4,Month-to-month,Standard,68.55,274.2,Bank transfer,6,5.76,0,3,66,200.79,1
C-00980,30,One-year,Standard,61.92,1857.6,Bank transfer,1,5.31,0,1,1,1263.76,0
C-00981,23,Month-to-month,Standard,50.32,1157.36,Electronic check,2,9.52,1,0,5,1180.07,0
C-00982,36,One-year,Basic,27.2,979.2,Bank transfer,0,1.34,1,0,5,796.15,0
C-00983,26,Month-to-month,Premium,96.48,2508.48,Mailed check,5,18.18,1,0,1,914.82,0
C-00984,23,Month-to-month,Basic,32.09,738.07,Bank transfer,2,2.34,1,2,24,861.84,0
C-00985,20,One-year,Basic,33.37,667.4,Credit card,1,2.26,0,1,11,1394.51,0
C-00986,1,Month-to-month,Basic,31.08,31.08,Credit card,1,0.83,0,1,23,66.94,1
C-00987,23,One-year,Standard,53.78,1236.94,Credit card,3,7.68,0,1,0,1623.07,0
C-00988,5,Month-to-month,Premium,115.09,575.45,Credit card,4,11.86,1,0,3,1794.67,0
C-00989,10,Month-to-month,Standard,47.03,470.3,Mailed check,15,10.39,0,1,66,114.87,1
C-00990,27,Two-year,Premium,95.98,2591.46,Electronic check,2,34.6,1,2,1,4999.44,0
C-00991,13,One-year,Basic,35.51,461.63,Electronic check,5,2.79,0,0,38,1498.91,0
C-00992,22,One-year,Standard,46.52,1023.44,Bank transfer,0,3.47,1,0,1,1473.83,0
C-00993,22,Month-to-month,Standard,62.63,1377.86,Electronic check,7,3.29,1,2,29,195.4,1
C-00994,23,One-year,Standard,65.49,1506.27,Bank transfer,2,7.38,0,1,1,989.98,0
C-00995,1,Month-to-month,Basic,33.22,33.22,Mailed check,28,0.4,0,1,18,87.98,1
C-00996,15,Month-to-month,Standard,45.32,679.8,Bank transfer,0,15.39,0,1,13,864.15,0
C-00997,47,Two-year,Standard,49.5,2326.5,Mailed check,0,21.59,0,0,0,2553.7,0
C-00998,11,Month-to-month,Standard,53.55,589.05,Electronic check,6,31.1,0,1,24,1548.17,0
C-00999,50,Two-year,Standard,50.84,2542.0,Credit card,0,4.82,0,0,12,3003.18,0
C-01000,37,Month-to-month,Basic,39.25,1452.25,Bank transfer,7,0.58,0,3,50,67.5,1
C-01001,8,Month-to-month,Standard,61.29,490.32,Bank transfer,0,19.96,1,1,10,789.8,0
C-01002,21,One-year,Basic,25.94,544.74,Credit card,0,1.77,0,0,3,380.52,0
C-01003,24,Two-year,Premium,116.84,2804.16,Bank transfer,1,18.48,1,0,4,6134.51,0
C-01004,28,One-year,Standard,63.51,1778.28,Credit card,1,2.95,1,0,3,2530.2,0
C-01005,27,Two-year,Basic,25.69,693.63,Credit card,1,3.55,0,2,26,1558.89,0
C-01006,40,One-year,Premium,92.05,3682.0,Mailed check,2,24.3,1,0,0,2464.31,0
C-01007,20,One-year,Standard,49.99,999.8,Bank transfer,0,5.83,1,2,2,1999.94,0
C-01008,40,Two-year,Basic,39.42,1576.8,Mailed check,16,2.32,1,0,20,2393.03,0
C-01009,2,Month-to-month,Standard,57.93,115.86,Electronic check,8,2.35,1,0,14,160.63,1
C-01010,2,Month-to-month,Basic,37.92,75.84,Bank transfer,9,0.89,1,4,11,77.43,1
C-01011,7,Month-to-month,Premium,90.59,634.13,Bank transfer,0,22.01,1,1,5,1606.01,0
C-01012,58,Two-year,Premium,113.74,6596.92,Electronic check,1,55.21,1,1,14,6068.07,0
C-01013,57,Two-year,Premium,77.42,4412.94,Mailed check,8,22.95,1,2,2,4244.38,0
C-01014,4,Month-to-month,Standard,69.55,278.2,Credit card,15,4.75,1,5,35,112.7,1
C-01015,33,One-year,Standard,67.8,2237.4,Mailed check,22,12.66,0,0,10,1837.75,0
C-01016,39,Two-year,Standard,54.08,2109.12,Mailed check,17,11.14,1,0,1,2741.32,0
C-01017,6,Month-to-month,Basic,35.49,212.94,Electronic check,0,0.45,1,1,39,53.42,1
C-01018,23,One-year,Standard,63.81,1467.63,Mailed check,17,16.19,1,1,0,1654.79,0
C-01019,44,Two-year,Standard,67.53,2971.32,Bank transfer,3,9.66,1,0,10,2053.0,0
C-01020,10,Month-to-month,Basic,26.15,261.5,Mailed check,0,1.26,0,0,3,312.38,0
C-01021,25,One-year,Standard,56.64,1416.0,Electronic check,15,2.32,1,4,15,147.01,1
C-01022,19,Month-to-month,Premium,113.92,2164.48,Credit card,1,30.3,1,1,5,2738.9,0
C-01023,37,Two-year,Premium,110.04,4071.48,Mailed check,2,15.59,1,0,1,5238.73,0
C-01024,47,Two-year,Basic,27.87,1309.89,Bank transfer,1,1.95,0,0,1,1558.15,0
C-01025,25,Two-year,Basic,36.91,922.75,Bank transfer,3,3.42,0,0,3,948.13,0
C-01026,5,Month-to-month,Basic,20.94,104.7,Bank transfer,3,2.34,0,0,0,430.7,0
C-01027,30,Two-year,Premium,110.19,3305.7,Credit card,5,17.1,1,0,6,3681.2,0
C-01028,44,Two-year,Basic,24.14,1062.16,Bank transfer,0,4.08,0,0,10,955.96,0
C-01029,19,Month-to-month,Standard,52.15,990.85,Electronic check,5,5.14,1,3,9,131.39,1
C-01030,40,Two-year,Basic,29.86,1194.4,Credit card,2,3.35,0,3,7,1677.86,0
C-01031,3,Month-to-month,Standard,56.24,168.72,Credit card,1,2.32,1,3,3,369.39,0
C-01032,30,One-year,Basic,30.41,912.3,Credit card,0,2.38,0,0,4,506.64,0
C-01033,1,Month-to-month,Standard,58.62,58.62,Bank transfer,1,6.14,0,3,9,85.78,1
C-01034,11,Month-to-month,Basic,26.63,292.93,Electronic check,1,2.5,0,3,55,15.09,1
C-01035,3,Month-to-month,Standard,49.38,148.14,Electronic check,10,1.56,1,3,73,82.41,1
C-01036,26,One-year,Basic,35.37,919.62,Mailed check,0,3.68,0,1,5,1306.33,0
C-01037,10,Month-to-month,Standard,55.0,550.0,Bank transfer,4,24.21,0,4,1,477.82,0
C-01038,29,One-year,Premium,97.76,2835.04,Credit card,0,8.95,1,0,3,4506.89,0
C-01039,8,Month-to-month,Basic,32.89,263.12,Mailed check,5,2.56,0,1,6,540.58,0
C-01040,1,Month-to-month,Premium,115.93,115.93,Electronic check,38,10.77,1,3,14,266.38,1
C-01041,25,One-year,Standard,62.69,1567.25,Bank transfer,0,7.42,0,0,2,1364.98,0
C-01042,28,One-year,Basic,20.91,585.48,Electronic check,0,1.58,0,0,4,801.5,0
C-01043,51,Month-to-month,Standard,65.96,3363.96,Mailed check,8,13.47,0,0,1,1279.83,0
C-01044,38,One-year,Basic,39.79,1512.02,Electronic check,0,1.48,0,2,0,1274.71,0
C-01045,45,Two-year,Standard,56.81,2556.45,Bank transfer,0,7.92,0,2,2,2946.61,0
C-01046,25,One-year,Standard,69.24,1731.0,Electronic check,11,14.69,0,1,7,1360.75,0
C-01047,14,Month-to-month,Basic,30.95,433.3,Credit card,11,1.27,0,2,59,72.07,1
C-01048,15,Month-to-month,Standard,56.49,847.35,Bank transfer,1,12.46,0,0,6,1255.53,0
C-01049,36,Two-year,Premium,89.91,3236.76,Bank transfer,1,26.23,0,1,4,2939.38,0
C-01050,14,Month-to-month,Premium,104.59,1464.26,Credit card,0,18.95,1,0,21,1713.51,0
C-01051,40,Two-year,Standard,50.75,2030.0,Credit card,1,4.92,1,0,12,2279.93,0
C-01052,26,One-year,Premium,79.72,2072.72,Credit card,0,42.73,1,2,4,2418.64,0
C-01053,31,Two-year,Standard,45.68,1416.08,Electronic check,2,8.23,0,1,4,2522.28,0
C-01054,34,One-year,Basic,25.85,878.9,Electronic check,4,3.58,1,1,1,944.69,0
C-01055,14,Two-year,Premium,92.81,1299.34,Mailed check,2,20.81,1,0,15,4362.23,0
C-01056,3,Month-to-month,Standard,58.8,176.4,Credit card,4,1.74,0,1,21,162.56,1
C-01057,23,One-year,Standard,52.32,1203.36,Bank transfer,0,11.62,1,1,13,993.05,0
C-01058,10,Month-to-month,Standard,69.6,696.0,Mailed check,22,2.25,0,0,24,153.75,1
C-01059,1,Month-to-month,Premium,88.13,88.13,Credit card,2,13.43,1,0,7,521.33,0
C-01060,26,One-year,Premium,94.84,2465.84,Electronic check,3,60.87,0,0,1,2467.35,0
C-01061,45,Two-year,Standard,47.58,2141.1,Electronic check,12,6.2,1,0,1,2513.05,0
C-01062,28,Two-year,Basic,25.21,705.88,Credit card,2,3.2,1,0,8,1390.12,0
C-01063,15,One-year,Standard,46.21,693.15,Mailed check,31,14.96,1,0,19,1494.94,0
C-01064,7,Month-to-month,Standard,58.99,412.93,Electronic check,2,4.24,0,0,0,1618.94,0
C-01065,1,Month-to-month,Basic,35.02,35.02,Credit card,7,0.2,0,0,47,73.08,1
C-01066,21,One-year,Standard,49.89,1047.69,Credit card,1,7.53,1,0,1,816.44,0
C-01067,1,Month-to-month,Standard,54.2,54.2,Credit card,2,1.37,0,3,77,27.1,1
C-01068,12,Month-to-month,Basic,20.33,243.96,Credit card,6,2.31,0,2,83,24.52,1
C-01069,3,Month-to-month,Basic,36.79,110.37,Bank transfer,33,0.8,0,1,339,44.19,1
C-01070,12,Month-to-month,Basic,35.6,427.2,Bank transfer,6,1.25,0,2,49,72.27,1
C-01071,8,Month-to-month,Premium,77.85,622.8,Credit card,3,16.21,1,1,21,121.36,1
C-01072,1,Month-to-month,Basic,27.3,27.3,Mailed check,13,0.59,0,1,26,33.81,1
C-01073,26,Month-to-month,Basic,39.11,1016.86,Bank transfer,2,0.78,0,2,32,59.99,1
C-01074,6,Month-to-month,Standard,54.8,328.8,Credit card,0,18.96,1,0,1,875.25,0
C-01075,45,Two-year,Basic,30.52,1373.4,Credit card,1,1.33,0,0,6,1209.88,0
C-01076,13,Month-to-month,Basic,27.1,352.3,Bank transfer,5,0.78,0,0,105,55.04,1
C-01077,6,Month-to-month,Basic,31.92,191.52,Bank transfer,3,0.54,0,1,35,88.03,1
C-01078,11,One-year,Standard,69.45,763.95,Credit card,2,14.42,1,0,1,1723.07,0
C-01079,2,Month-to-month,Standard,69.94,139.88,Credit card,2,1.28,1,1,13,144.52,1
C-01080,50,Two-year,Basic,35.49,1774.5,Electronic check,2,1.72,0,2,8,2438.08,0
C-01081,5,One-year,Standard,55.11,275.55,Mailed check,1,9.54,0,0,2,1761.35,0
C-01082,4,Month-to-month,Premium,97.25,389.0,Credit card,0,19.23,1,4,3,2386.74,0
C-01083,11,Month-to-month,Basic,27.13,298.43,Bank transfer,1,0.41,0,5,62,44.0,1
C-01084,58,Two-year,Basic,39.71,2303.18,Bank transfer,1,1.01,0,0,3,2370.3,0
C-01085,39,Two-year,Basic,34.16,1332.24,Electronic check,10,1.23,0,1,0,1365.15,0
C-01086,4,Month-to-month,Standard,56.22,224.88,Bank transfer,6,2.99,0,4,85,139.5,1
C-01087,24,One-year,Standard,45.3,1087.2,Mailed check,0,9.19,1,0,15,1749.38,0
C-01088,5,Month-to-month,Basic,30.41,152.05,Bank transfer,1,0.7,0,1,33,98.34,1
C-01089,39,Two-year,Standard,69.6,2714.4,Bank transfer,0,19.98,0,0,0,3428.24,0
C-01090,1,Month-to-month,Basic,30.46,30.46,Bank transfer,3,0.21,0,2,45,54.34,1
C-01091,38,Two-year,Standard,49.56,1883.28,Mailed check,3,7.26,1,0,1,1693.53,0
C-01092,20,One-year,Standard,45.55,911.0,Electronic check,2,6.66,1,2,2,1339.71,0
C-01093,37,One-year,Basic,27.09,1002.33,Credit card,10,1.43,0,2,95,71.61,1
C-01094,14,One-year,Standard,67.96,951.44,Credit card,0,9.29,0,2,7,2418.3,0
C-01095,15,Month-to-month,Basic,39.93,598.95,Bank transfer,5,0.57,0,1,7,79.24,1
C-01096,31,Month-to-month,Standard,68.63,2127.53,Credit card,1,0.75,1,3,34,157.61,1
C-01097,8,Month-to-month,Basic,34.59,276.72,Electronic check,2,3.1,0,1,8,969.42,0
C-01098,11,Month-to-month,Premium,100.12,1101.32,Electronic check,12,6.22,1,1,70,254.8,1
C-01099,27,One-year,Basic,31.81,858.87,Electronic check,5,2.13,0,2,0,894.74,0
C-01100,4,Month-to-month,Premium,99.25,397.0,Mailed check,0,16.87,1,0,2,1784.88,0
C-01101,4,Month-to-month,Basic,34.14,136.56,Credit card,0,1.28,0,0,0,752.91,0
C-01102,44,Two-year,Standard,55.47,2440.68,Mailed check,13,22.19,1,3,7,2992.27,0
C-01103,43,Two-year,Basic,33.38,1435.34,Electronic check,3,0.83,0,0,14,2355.67,0
C-01104,54,Two-year,Premium,80.47,4345.38,Bank transfer,0,14.48,1,0,13,5190.86,0
C-01105,47,Two-year,Basic,25.31,1189.57,Electronic check,0,4.22,1,0,2,955.44,0
C-01106,1,Month-to-month,Basic,36.72,36.72,Credit card,2,0.87,0,2,21,54.34,1
C-01107,2,Month-to-month,Standard,67.59,135.18,Electronic check,11,2.74,1,2,19,204.3,1
C-01108,13,One-year,Basic,30.78,400.14,Bank transfer,5,1.45,0,2,26,42.43,1
C-01109,25,One-year,Basic,20.63,515.75,Credit card,1,2.52,0,1,0,646.71,0
C-01110,10,Month-to-month,Premium,116.71,1167.1,Electronic check,2,27.56,1,0,1,3238.32,0
C-01111,51,Two-year,Premium,106.59,5436.09,Bank transfer,4,27.46,0,0,0,5448.98,0
C-01112,16,Month-to-month,Basic,28.28,452.48,Credit card,4,0.84,0,3,31,78.8,1
C-01113,6,Month-to-month,Premium,101.93,611.58,Credit card,4,10.38,1,3,38,221.91,1
C-01114,18,One-year,Standard,55.74,1003.32,Bank transfer,0,33.7,0,0,5,1640.54,0
C-01115,27,One-year,Basic,29.31,791.37,Bank transfer,0,1.83,0,0,17,447.57,0
C-01116,15,One-year,Standard,67.17,1007.55,Mailed check,26,2.16,1,4,31,148.15,1
C-01117,49,Month-to-month,Standard,49.03,2402.47,Mailed check,4,4.3,0,2,3,726.62,0
C-01118,38,Two-year,Premium,79.67,3027.46,Bank transfer,1,23.9,0,1,3,4893.96,0
C-01119,1,Month-to-month,Basic,20.05,20.05,Electronic check,6,1.55,0,0,17,10.02,1
C-01120,3,Month-to-month,Standard,52.85,158.55,Bank transfer,3,5.49,1,2,62,84.25,1
C-01121,43,Two-year,Basic,22.95,986.85,Electronic check,8,1.53,1,0,8,1420.28,0
C-01122,47,Two-year,Basic,24.4,1146.8,Credit card,0,2.04,0,1,7,1648.5,0
C-01123,36,Two-year,Basic,20.22,727.92,Bank transfer,1,1.05,0,1,8,1203.65,0
C-01124,37,Two-year,Premium,85.22,3153.14,Bank transfer,7,15.11,1,0,7,4660.96,0
C-01125,29,One-year,Premium,89.97,2609.13,Credit card,6,26.44,1,0,7,1458.17,0
C-01126,14,One-year,Standard,45.79,641.06,Electronic check,9,6.71,1,1,4,985.6,0
C-01127,23,Month-to-month,Standard,60.2,1384.6,Electronic check,11,1.88,0,3,44,165.13,1
C-01128,6,Month-to-month,Basic,31.38,188.28,Bank transfer,6,0.52,1,2,148,30.38,1
C-01129,10,Month-to-month,Basic,21.94,219.4,Bank transfer,1,1.93,0,1,1,364.04,0
C-01130,5,Month-to-month,Basic,31.9,159.5,Mailed check,2,0.42,1,0,26,55.85,1
C-01131,18,One-year,Basic,39.97,719.46,Electronic check,7,0.3,0,3,14,93.35,1
C-01132,9,Month-to-month,Standard,68.61,617.49,Credit card,7,1.73,0,2,89,174.02,1
C-01133,4,Month-to-month,Standard,45.07,180.28,Credit card,0,3.48,1,0,3,124.73,0
C-01134,4,Month-to-month,Basic,35.91,143.64,Electronic check,16,0.26,0,3,29,80.0,1
C-01135,33,One-year,Basic,27.07,893.31,Bank transfer,1,3.54,0,1,1,664.71,0
C-01136,3,Month-to-month,Basic,21.27,63.81,Credit card,0,1.92,1,0,4,453.84,0
C-01137,59,Two-year,Standard,52.4,3091.6,Credit card,1,7.7,0,0,5,1582.87,0
C-01138,1,Month-to-month,Premium,89.48,89.48,Mailed check,30,11.81,1,1,60,251.68,1
C-01139,4,Month-to-month,Standard,58.08,232.32,Electronic check,15,0.72,1,5,56,82.98,1
C-01140,38,One-year,Premium,104.75,3980.5,Mailed check,1,30.13,1,0,7,2818.24,0
C-01141,30,Two-year,Standard,63.73,1911.9,Electronic check,9,8.34,0,0,0,4098.31,0
C-01142,24,Month-to-month,Basic,24.92,598.08,Mailed check,8,1.38,0,2,0,428.16,0
C-01143,24,One-year,Basic,26.44,634.56,Credit card,1,1.49,0,0,22,1002.17,0
C-01144,12,One-year,Premium,88.88,1066.56,Electronic check,9,13.28,0,0,1,2649.02,0
C-01145,5,Month-to-month,Standard,54.07,270.35,Credit card,0,7.07,1,0,1,1513.41,0
C-01146,32,Two-year,Basic,39.99,1279.68,Electronic check,4,1.79,0,3,7,2055.42,0
C-01147,30,One-year,Standard,64.45,1933.5,Bank transfer,0,6.96,0,0,5,2199.95,0
C-01148,31,One-year,Standard,69.37,2150.47,Credit card,0,9.33,1,1,3,2181.07,0
C-01149,44,Two-year,Standard,62.33,2742.52,Mailed check,1,8.61,1,0,0,2807.25,0
C-01150,44,Two-year,Premium,93.28,4104.32,Mailed check,1,27.53,1,0,0,5293.74,0
C-01151,25,One-year,Standard,54.74,1368.5,Credit card,1,15.89,0,0,7,1314.93,0
C-01152,34,Two-year,Standard,57.21,1945.14,Bank transfer,0,12.88,0,0,0,3162.9,0
C-01153,19,One-year,Basic,28.34,538.46,Bank transfer,1,3.25,0,4,3,1068.11,0
C-01154,34,One-year,Basic,36.57,1243.38,Bank transfer,1,1.32,0,1,7,1254.13,0
C-01155,29,One-year,Basic,29.3,849.7,Electronic check,16,0.74,0,4,28,36.53,1
C-01156,25,One-year,Basic,25.91,647.75,Credit card,1,2.79,1,0,15,870.06,0
C-01157,35,Month-to-month,Standard,64.37,2252.95,Mailed check,47,4.79,0,1,70,182.73,1
C-01158,48,Two-year,Standard,66.36,3185.28,Credit card,0,6.01,1,0,6,2344.5,0
C-01159,29,Two-year,Basic,28.41,823.89,Electronic check,7,2.73,0,1,13,930.28,0
C-01160,7,Month-to-month,Premium,105.05,735.35,Electronic check,0,15.31,0,1,0,2423.8,0
C-01161,28,Two-year,Basic,21.18,593.04,Credit card,2,2.56,0,1,0,879.69,0
C-01162,4,Month-to-month,Basic,30.59,122.36,Credit card,0,1.99,1,2,3,687.63,0
C-01163,1,Month-to-month,Basic,20.9,20.9,Electronic check,15,0.4,0,0,28,70.41,1
C-01164,31,One-year,Basic,20.58,637.98,Electronic check,3,0.69,0,3,84,16.93,1
C-01165,13,Month-to-month,Basic,32.26,419.38,Credit card,4,1.99,0,2,29,24.29,1
C-01166,50,Two-year,Standard,52.58,2629.0,Bank transfer,1,10.19,0,0,0,2945.76,0
C-01167,45,Two-year,Standard,63.56,2860.2,Credit card,4,35.88,1,1,8,3885.06,0
C-01168,6,One-year,Premium,115.32,691.92,Credit card,0,11.92,1,2,5,5041.19,0
C-01169,4,Month-to-month,Basic,22.79,91.16,Bank transfer,3,0.66,0,2,49,60.29,1
C-01170,1,Month-to-month,Basic,34.49,34.49,Credit card,2,0.29,0,1,83,65.28,1
C-01171,15,One-year,Basic,30.29,454.35,Electronic check,7,2.01,0,0,10,931.93,0
C-01172,43,Two-year,Standard,47.8,2055.4,Electronic check,19,13.18,0,2,2,2455.14,0
C-01173,25,One-year,Basic,33.03,825.75,Mailed check,1,3.06,0,1,10,1435.79,0
C-01174,1,Month-to-month,Premium,102.43,102.43,Electronic check,3,16.45,1,0,2,2023.8,0
C-01175,22,One-year,Standard,57.89,1273.58,Mailed check,4,16.83,1,1,5,1417.28,0
C-01176,24,One-year,Standard,68.16,1635.84,Bank transfer,0,6.55,1,0,1,2166.43,0
C-01177,28,One-year,Standard,58.03,1624.84,Bank transfer,4,3.65,0,1,31,43.51,1
C-01178,40,Month-to-month,Basic,39.81,1592.4,Mailed check,10,1.62,0,0,1,583.92,0
C-01179,24,One-year,Basic,30.18,724.32,Bank transfer,5,1.14,0,0,3,831.13,0
C-01180,18,One-year,Basic,22.32,401.76,Credit card,9,1.65,1,0,21,37.68,1
C-01181,51,Two-year,Standard,56.76,2894.76,Electronic check,4,9.29,0,1,3,1823.91,0
C-01182,4,Month-to-month,Basic,23.65,94.6,Mailed check,5,1.14,0,3,27,24.85,1
C-01183,20,One-year,Basic,31.94,638.8,Electronic check,15,3.4,0,0,4,953.14,0
C-01184,48,Two-year,Premium,106.19,5097.12,Bank transfer,0,15.12,1,0,1,5987.51,0
C-01185,4,Month-to-month,Basic,29.37,117.48,Electronic check,27,1.29,0,1,34,48.93,1
C-01186,37,Two-year,Premium,79.4,2937.8,Mailed check,6,31.55,1,0,0,3870.92,0
C-01187,23,One-year,Standard,56.72,1304.56,Credit card,1,4.83,1,0,15,2099.71,0
C-01188,10,Month-to-month,Basic,21.63,216.3,Electronic check,4,1.21,0,4,30,89.47,1
C-01189,2,Month-to-month,Basic,33.64,67.28,Credit card,5,0.19,0,2,15,58.77,1
C-01190,22,One-year,Basic,35.81,787.82,Bank transfer,1,4.5,0,0,0,833.21,0
C-01191,5,Month-to-month,Standard,69.06,345.3,Bank transfer,1,7.3,0,1,27,181.77,1
C-01192,24,One-year,Standard,48.72,1169.28,Credit card,2,8.65,0,2,8,1793.64,0
C-01193,14,Month-to-month,Standard,58.31,816.34,Credit card,0,19.28,1,0,4,592.0,0
C-01194,19,One-year,Premium,100.54,1910.26,Bank transfer,0,11.12,1,0,0,2116.33,0
C-01195,5,Month-to-month,Standard,68.06,340.3,Credit card,4,0.97,0,2,24,61.53,1
C-01196,33,Two-year,Basic,32.55,1074.15,Credit card,0,1.77,1,0,2,1329.26,0
C-01197,40,Two-year,Basic,22.91,916.4,Electronic check,11,6.16,0,3,2,1297.48,0
C-01198,37,Two-year,Premium,94.64,3501.68,Credit card,1,14.36,1,0,10,4880.69,0
C-01199,20,One-year,Basic,33.1,662.0,Bank transfer,0,0.86,0,1,7,1037.63,0
C-01200,6,Month-to-month,Basic,34.01,204.06,Mailed check,27,0.39,0,0,35,41.31,1
C-01201,29,One-year,Standard,66.58,1930.82,Credit card,2,15.54,0,0,13,1432.88,0
C-01202,1,Month-to-month,Standard,49.51,49.51,Bank transfer,1,6.32,1,2,0,913.24,0
C-01203,9,Month-to-month,Premium,117.82,1060.38,Bank transfer,2,22.66,1,1,4,2086.43,0
C-01204,7,Month-to-month,Standard,46.48,325.36,Electronic check,4,4.04,0,1,23,111.16,1
C-01205,7,Month-to-month,Basic,39.68,277.76,Mailed check,28,0.78,0,2,32,123.41,1
C-01206,24,One-year,Premium,113.6,2726.4,Mailed check,5,27.17,1,0,2,2372.99,0
C-01207,21,One-year,Basic,33.21,697.41,Electronic check,11,2.63,1,3,2,956.63,0
C-01208,1,Month-to-month,Basic,34.7,34.7,Credit card,0,1.62,1,1,8,648.2,0
C-01209,11,Month-to-month,Standard,46.82,515.02,Credit card,0,8.17,1,0,0,897.09,0
C-01210,45,Two-year,Basic,20.83,937.35,Bank transfer,1,2.27,0,0,4,1015.3,0
C-01211,4,Month-to-month,Standard,47.54,190.16,Credit card,0,15.19,1,0,9,845.26,0
C-01212,1,Month-to-month,Basic,21.75,21.75,Electronic check,24,0.25,0,3,39,46.8,1
C-01213,2,Month-to-month,Standard,58.68,117.36,Electronic check,0,0.55,0,2,38,141.63,1
C-01214,31,One-year,Basic,24.31,753.61,Credit card,0,2.83,0,0,0,592.02,0
C-01215,11,One-year,Standard,66.51,731.61,Electronic check,0,15.75,1,2,2,2245.16,0
C-01216,1,Month-to-month,Premium,95.06,95.06,Credit card,2,13.34,1,1,28,229.26,1
C-01217,5,Month-to-month,Basic,33.91,169.55,Bank transfer,11,0.8,0,1,34,74.19,1
C-01218,1,One-year,Basic,33.06,33.06,Electronic check,4,1.52,0,0,10,1408.7,0
C-01219,14,One-year,Basic,26.4,369.6,Bank transfer,8,0.48,0,1,44,57.37,1
C-01220,36,Month-to-month,Basic,24.86,894.96,Bank transfer,0,3.09,0,0,3,501.88,0
C-01221,55,Two-year,Standard,53.56,2945.8,Credit card,0,9.34,0,1,13,2047.47,0
C-01222,5,Month-to-month,Standard,64.92,324.6,Bank transfer,2,6.64,0,0,142,183.85,1
C-01223,6,Month-to-month,Basic,31.73,190.38,Electronic check,8,0.92,0,0,1,935.69,0
C-01224,45,Two-year,Basic,25.07,1128.15,Mailed check,22,0.87,0,1,47,53.28,1
C-01225,21,Month-to-month,Basic,36.36,763.56,Bank transfer,8,0.2,0,0,33,18.18,1
C-01226,21,One-year,Standard,46.37,973.77,Bank transfer,5,15.3,0,0,0,1789.91,0
C-01227,2,Month-to-month,Basic,33.98,67.96,Electronic check,15,0.16,0,1,60,105.18,1
C-01228,6,Month-to-month,Premium,94.76,568.56,Mailed check,8,4.03,1,1,69,205.93,1
C-01229,45,Two-year,Standard,63.28,2847.6,Credit card,1,6.17,0,1,13,2709.47,0
C-01230,23,Month-to-month,Basic,38.55,886.65,Bank transfer,3,0.54,1,1,35,116.38,1
C-01231,53,Two-year,Standard,63.75,3378.75,Electronic check,5,6.31,0,1,0,3823.64,0
C-01232,12,Month-to-month,Premium,94.89,1138.68,Bank transfer,0,18.31,1,0,0,1851.28,0
C-01233,15,Month-to-month,Standard,48.77,731.55,Credit card,1,8.1,0,1,20,1211.31,0
C-01234,8,Month-to-month,Basic,36.13,289.04,Bank transfer,8,0.41,0,3,33,51.3,1
C-01235,13,One-year,Basic,29.21,379.73,Credit card,3,4.24,0,1,7,1178.27,0
C-01236,5,Month-to-month,Premium,78.39,391.95,Bank transfer,0,34.57,1,0,4,1539.71,0
C-01237,42,Two-year,Standard,62.98,2645.16,Bank transfer,4,7.43,0,0,0,2830.93,0
C-01238,13,Month-to-month,Standard,52.3,679.9,Mailed check,41,10.87,1,3,9,109.43,1
C-01239,45,Two-year,Premium,77.2,3474.0,Bank transfer,0,31.37,1,0,1,4329.34,0
C-01240,4,Month-to-month,Premium,115.62,462.48,Credit card,4,15.11,1,0,5,2295.2,0
C-01241,30,Two-year,Premium,96.74,2902.2,Credit card,4,27.89,1,2,9,6419.5,0
C-01242,30,One-year,Basic,25.62,768.6,Mailed check,0,2.63,0,1,3,1017.32,0
C-01243,30,One-year,Standard,62.91,1887.3,Credit card,2,5.97,0,1,4,1297.65,0
C-01244,32,Two-year,Standard,67.15,2148.8,Bank transfer,0,4.8,1,0,6,3843.89,0
C-01245,39,One-year,Standard,45.01,1755.39,Credit card,2,9.51,0,0,0,1712.61,0
C-01246,25,One-year,Standard,62.2,1555.0,Electronic check,14,7.27,1,0,10,2172.13,0
C-01247,3,Month-to-month,Basic,35.34,106.02,Bank transfer,1,4.22,1,0,10,434.63,0
C-01248,9,Month-to-month,Standard,50.25,452.25,Bank transfer,8,3.69,0,1,44,145.49,1
C-01249,63,Two-year,Standard,57.24,3606.12,Bank transfer,3,6.14,0,0,4,2896.57,0
C-01250,14,One-year,Basic,21.79,305.06,Mailed check,36,2.49,0,1,1,477.42,0
C-01251,32,One-year,Standard,63.67,2037.44,Bank transfer,0,19.3,1,0,4,2091.79,0
C-01252,16,Month-to-month,Basic,36.95,591.2,Electronic check,19,0.24,0,3,43,107.36,1
C-01253,3,Month-to-month,Basic,22.16,66.48,Mailed check,1,0.43,0,1,27,29.38,1
C-01254,3,Month-to-month,Basic,36.33,108.99,Mailed check,4,0.53,0,2,16,48.18,1
C-01255,16,One-year,Standard,64.29,1028.64,Credit card,2,9.22,1,0,17,2303.52,0
C-01256,10,Month-to-month,Standard,53.67,536.7,Mailed check,18,1.59,0,3,16,123.1,1
C-01257,11,Month-to-month,Standard,62.26,684.86,Credit card,7,3.17,1,1,96,165.43,1
C-01258,12,Month-to-month,Standard,45.0,540.0,Bank transfer,0,7.42,1,1,6,829.17,0
C-01259,11,Month-to-month,Premium,116.93,1286.23,Mailed check,1,29.73,1,0,2,3864.92,0
C-01260,11,One-year,Basic,31.01,341.11,Credit card,13,1.36,1,2,28,53.3,1
C-01261,2,Month-to-month,Basic,32.41,64.82,Credit card,0,1.58,1,2,0,713.5,0
C-01262,11,One-year,Premium,104.91,1154.01,Credit card,0,83.03,1,0,9,2764.83,0
C-01263,1,Month-to-month,Basic,31.23,31.23,Bank transfer,9,1.26,1,2,23,27.47,1
C-01264,11,Month-to-month,Premium,113.55,1249.05,Bank transfer,1,47.69,1,0,1,1960.5,0
C-01265,1,Month-to-month,Premium,102.44,102.44,Electronic check,2,33.49,1,3,8,1674.16,0
C-01266,27,Month-to-month,Standard,67.69,1827.63,Mailed check,9,11.53,1,3,52,232.14,1
C-01267,17,Month-to-month,Premium,101.2,1720.4,Electronic check,12,21.22,1,1,24,2089.19,0
C-01268,19,Month-to-month,Basic,23.42,444.98,Credit card,8,1.33,0,0,11,313.64,0
C-01269,22,One-year,Basic,38.27,841.94,Mailed check,0,1.55,0,0,6,1168.18,0
C-01270,18,Month-to-month,Standard,62.04,1116.72,Credit card,1,4.94,0,0,14,782.89,0
C-01271,30,One-year,Basic,33.98,1019.4,Credit card,0,2.14,0,1,2,953.58,0
C-01272,33,Two-year,Premium,119.35,3938.55,Credit card,3,28.5,1,0,0,6975.78,0
C-01273,30,One-year,Basic,21.5,645.0,Bank transfer,0,2.23,0,0,2,727.62,0
C-01274,11,Month-to-month,Standard,55.71,612.81,Credit card,2,8.96,0,1,21,453.16,0
C-01275,1,Month-to-month,Standard,50.98,50.98,Credit card,1,9.78,1,1,12,676.95,0
C-01276,18,Month-to-month,Standard,60.76,1093.68,Credit card,1,25.58,1,0,0,792.52,0
C-01277,1,Month-to-month,Basic,36.14,36.14,Credit card,5,1.46,0,4,20,52.48,1
C-01278,31,Two-year,Basic,39.33,1219.23,Bank transfer,0,3.19,0,0,9,2004.59,0
C-01279,1,Month-to-month,Premium,95.46,95.46,Electronic check,11,26.99,0,0,2,2318.28,0
C-01280,6,Month-to-month,Basic,35.72,214.32,Electronic check,2,0.9,0,1,14,571.08,0
C-01281,29,One-year,Premium,116.27,3371.83,Credit card,0,9.91,1,0,0,2904.02,0
C-01282,28,One-year,Standard,62.08,1738.24,Credit card,1,31.49,1,2,7,2277.87,0
C-01283,17,One-year,Standard,51.07,868.19,Mailed check,6,6.56,0,0,3,1660.38,0
C-01284,2,Month-to-month,Standard,60.2,120.4,Credit card,11,3.32,1,4,36,95.32,1
C-01285,4,Month-to-month,Basic,39.4,157.6,Mailed check,18,0.83,0,1,40,66.57,1
C-01286,10,One-year,Standard,69.69,696.9,Credit card,1,12.56,0,1,3,1928.93,0
C-01287,4,Month-to-month,Premium,103.91,415.64,Mailed check,21,6.51,1,5,10,300.18,1
C-01288,16,Month-to-month,Standard,67.17,1074.72,Credit card,3,8.72,0,1,90,158.08,1
C-01289,1,Month-to-month,Premium,84.02,84.02,Bank transfer,0,51.95,1,0,6,2437.42,0
C-01290,1,Month-to-month,Standard,51.15,51.15,Electronic check,2,0.89,0,0,14,124.74,1
C-01291,3,Month-to-month,Basic,39.06,117.18,Bank transfer,5,1.03,0,4,41,50.43,1
C-01292,5,Month-to-month,Basic,22.7,113.5,Credit card,5,0.85,0,2,21,15.13,1
C-01293,28,One-year,Premium,83.6,2340.8,Bank transfer,0,22.9,1,0,7,2091.84,0
C-01294,6,One-year,Basic,28.41,170.46,Electronic check,0,1.17,0,1,0,481.58,0
C-01295,49,Two-year,Premium,101.53,4974.97,Credit card,1,10.52,1,1,6,4083.7,0
C-01296,15,Month-to-month,Premium,102.17,1532.55,Credit card,1,24.15,1,0,9,1851.21,0
C-01297,1,Month-to-month,Basic,25.84,25.84,Bank transfer,5,0.42,1,4,72,24.81,1
C-01298,5,Month-to-month,Basic,38.41,192.05,Credit card,1,3.2,0,0,3,872.7,0
C-01299,36,One-year,Standard,67.88,2443.68,Electronic check,3,7.62,0,1,4,1761.53,0
C-01300,14,One-year,Basic,27.84,389.76,Credit card,2,2.35,1,0,1,1013.47,0
C-01301,33,Month-to-month,Standard,55.86,1843.38,Bank transfer,3,7.59,0,0,57,69.49,1
C-01302,45,Two-year,Standard,62.56,2815.2,Credit card,2,3.7,0,2,2,3455.78,0
C-01303,3,Month-to-month,Standard,61.57,184.71,Bank transfer,1,1.25,0,1,15,98.28,1
C-01304,24,One-year,Standard,54.56,1309.44,Credit card,0,10.06,1,0,2,1533.6,0
C-01305,11,One-year,Basic,28.28,311.08,Credit card,7,0.37,0,3,36,42.19,1
C-01306,32,Two-year,Standard,53.7,1718.4,Credit card,0,17.5,0,0,2,2496.82,0
C-01307,22,One-year,Basic,24.71,543.62,Mailed check,4,3.11,0,0,1,855.16,0
C-01308,33,Two-year,Basic,29.16,962.28,Credit card,4,2.11,0,1,3,997.77,0
C-01309,4,Month-to-month,Standard,62.16,248.64,Electronic check,22,5.93,1,2,26,234.81,1
C-01310,38,Two-year,Premium,108.39,4118.82,Credit card,4,28.95,0,2,6,7623.15,0
C-01311,21,Month-to-month,Basic,35.58,747.18,Credit card,12,0.97,0,0,1,533.63,0
C-01312,35,Two-year,Standard,54.37,1902.95,Bank transfer,3,8.22,1,0,0,3151.52,0
C-01313,32,One-year,Standard,64.12,2051.84,Bank transfer,1,10.48,0,0,17,1310.15,0
C-01314,32,Two-year,Basic,20.13,644.16,Mailed check,3,2.53,1,0,6,636.22,0
C-01315,9,Month-to-month,Basic,29.54,265.86,Mailed check,35,0.36,0,0,57,104.76,1
C-01316,11,One-year,Premium,110.73,1218.03,Electronic check,12,13.01,1,0,0,4025.03,0
C-01317,20,One-year,Standard,60.75,1215.0,Bank transfer,0,7.84,0,2,6,1898.73,0
C-01318,33,One-year,Standard,56.85,1876.05,Bank transfer,1,29.38,1,2,1,2048.61,0
C-01319,4,Month-to-month,Standard,61.12,244.48,Bank transfer,0,1.44,0,2,29,89.71,1
C-01320,2,Month-to-month,Basic,38.14,76.28,Mailed check,39,1.37,0,1,50,79.55,1
C-01321,1,Month-to-month,Standard,59.16,59.16,Bank transfer,1,23.36,0,0,9,1151.29,0
C-01322,21,Month-to-month,Standard,64.99,1364.79,Bank transfer,0,9.27,0,0,1,607.99,0
C-01323,24,Two-year,Standard,69.52,1668.48,Credit card,0,6.0,1,2,4,4141.67,0
C-01324,5,Month-to-month,Basic,34.11,170.55,Credit card,9,1.17,0,2,30,56.07,1
C-01325,40,Two-year,Basic,31.47,1258.8,Mailed check,9,2.22,0,1,0,1142.08,0
C-01326,20,Month-to-month,Basic,20.75,415.0,Credit card,1,1.31,0,0,4,584.15,0
C-01327,7,Month-to-month,Premium,91.85,642.95,Bank transfer,2,4.42,0,2,52,274.73,1
C-01328,42,One-year,Standard,59.14,2483.88,Credit card,0,11.85,1,1,1,1676.73,0
C-01329,30,One-year,Standard,64.93,1947.9,Electronic check,0,15.8,0,0,7,1299.01,0
C-01330,12,Month-to-month,Basic,28.76,345.12,Credit card,1,1.71,0,0,5,609.99,0
C-01331,23,One-year,Basic,39.2,901.6,Electronic check,4,1.95,0,2,2,1200.35,0
C-01332,28,One-year,Standard,51.79,1450.12,Credit card,0,13.48,0,0,7,2465.36,0
C-01333,7,Month-to-month,Standard,63.61,445.27,Mailed check,8,8.14,1,0,1,1659.94,0
C-01334,46,Two-year,Standard,55.48,2552.08,Electronic check,0,7.54,0,0,14,2413.93,0
C-01335,62,Two-year,Basic,29.72,1842.64,Credit card,5,1.38,0,0,2,1862.98,0
C-01336,30,One-year,Standard,65.06,1951.8,Bank transfer,0,5.68,1,0,8,2660.79,0
C-01337,5,Month-to-month,Basic,25.92,129.6,Credit card,0,7.65,1,0,1,195.94,0
C-01338,18,One-year,Basic,21.94,394.92,Credit card,0,1.83,0,3,7,762.45,0
C-01339,32,Month-to-month,Standard,58.01,1856.32,Mailed check,1,20.47,0,0,0,1469.9,0
C-01340,13,Month-to-month,Basic,30.58,397.54,Bank transfer,0,4.67,1,0,2,477.17,0
C-01341,9,Month-to-month,Basic,35.94,323.46,Bank transfer,5,0.66,0,1,33,36.65,1
C-01342,3,Month-to-month,Standard,69.21,207.63,Credit card,2,11.26,0,0,3,2500.17,0
C-01343,45,Two-year,Standard,46.38,2087.1,Bank transfer,0,9.6,0,1,2,2969.5,0
C-01344,21,One-year,Premium,101.63,2134.23,Mailed check,5,10.96,1,4,23,3287.83,0
C-01345,14,One-year,Standard,62.03,868.42,Bank transfer,3,3.56,1,1,1,817.31,0
C-01346,10,Month-to-month,Basic,39.72,397.2,Mailed check,7,0.58,0,1,19,67.61,1
C-01347,10,Month-to-month,Basic,38.85,388.5,Mailed check,15,0.56,1,2,30,140.17,1
C-01348,4,Month-to-month,Premium,107.06,428.24,Credit card,0,63.17,1,0,2,2817.36,0
C-01349,53,Two-year,Standard,58.04,3076.12,Credit card,0,7.83,1,0,1,2656.15,0
C-01350,1,Month-to-month,Standard,49.04,49.04,Mailed check,14,6.24,1,0,99,80.18,1
C-01351,46,Two-year,Basic,27.68,1273.28,Bank transfer,0,1.59,0,1,6,1746.75,0
C-01352,36,One-year,Standard,59.63,2146.68,Credit card,4,28.43,0,0,2,1697.37,0
C-01353,7,Month-to-month,Basic,34.5,241.5,Credit card,3,0.92,0,0,26,67.01,1
C-01354,21,One-year,Standard,60.88,1278.48,Bank transfer,1,12.65,1,2,2,2062.7,0
C-01355,10,Month-to-month,Premium,107.14,1071.4,Electronic check,5,18.99,1,2,3,2342.7,0
C-01356,44,Two-year,Premium,94.31,4149.64,Credit card,0,32.74,1,0,2,3539.89,0
C-01357,42,Two-year,Standard,63.19,2653.98,Credit card,2,24.92,0,0,21,3458.53,0
C-01358,1,Month-to-month,Standard,48.59,48.59,Mailed check,6,1.4,0,3,28,60.52,1
C-01359,6,Month-to-month,Premium,82.32,493.92,Electronic check,14,10.06,1,2,13,253.81,1
C-01360,15,One-year,Standard,49.07,736.05,Bank transfer,2,7.78,1,2,3,1361.0,0
C-01361,38,Two-year,Basic,37.82,1437.16,Electronic check,2,4.53,0,0,4,1946.64,0
C-01362,33,Month-to-month,Standard,46.9,1547.7,Bank transfer,0,15.08,0,0,8,51.32,0
C-01363,22,One-year,Basic,36.03,792.66,Electronic check,1,4.15,0,0,12,1338.72,0
C-01364,27,One-year,Standard,50.84,1372.68,Bank transfer,0,4.37,1,2,18,143.72,1
C-01365,28,One-year,Standard,56.71,1587.88,Credit card,0,9.24,1,1,3,1491.43,0
C-01366,16,Month-to-month,Standard,67.9,1086.4,Electronic check,36,6.13,1,3,18,64.3,1
C-01367,41,One-year,Basic,31.72,1300.52,Bank transfer,0,3.44,0,2,7,609.57,0
C-01368,49,Two-year,Basic,24.2,1185.8,Mailed check,0,1.78,1,0,5,1175.71,0
C-01369,7,Month-to-month,Standard,52.1,364.7,Credit card,0,20.52,1,1,3,606.45,0
C-01370,23,Month-to-month,Premium,116.42,2677.66,Mailed check,3,29.46,1,1,1,2088.98,0
C-01371,50,Two-year,Standard,55.68,2784.0,Mailed check,0,2.13,1,1,12,2769.16,0
C-01372,23,Month-to-month,Basic,31.74,730.02,Credit card,2,1.22,0,2,16,70.74,1
C-01373,65,Two-year,Premium,95.7,6220.5,Electronic check,0,12.99,1,1,9,6025.48,0
C-01374,56,Month-to-month,Premium,92.03,5153.68,Bank transfer,6,8.4,1,2,28,284.65,1
C-01375,3,Month-to-month,Basic,24.47,73.41,Mailed check,14,1.09,0,2,18,53.13,1
C-01376,47,Two-year,Basic,33.72,1584.84,Bank transfer,3,2.37,0,0,4,1863.94,0
C-01377,3,Month-to-month,Standard,62.96,188.88,Electronic check,4,5.2,1,3,7,148.94,1
C-01378,20,One-year,Premium,87.37,1747.4,Bank transfer,2,42.5,1,1,7,3689.48,0
C-01379,40,Month-to-month,Premium,110.51,4420.4,Credit card,0,19.15,1,0,0,2127.39,0
C-01380,26,One-year,Premium,113.45,2949.7,Credit card,3,36.48,1,0,3,4301.3,0
C-01381,13,Month-to-month,Standard,68.02,884.26,Bank transfer,7,5.43,0,2,18,259.73,1
C-01382,19,Month-to-month,Standard,49.03,931.57,Electronic check,10,25.95,0,1,1,1027.12,0
C-01383,42,Two-year,Basic,26.08,1095.36,Bank transfer,3,1.16,0,1,0,1145.44,0
C-01384,11,Month-to-month,Basic,37.21,409.31,Electronic check,9,2.47,0,0,3,588.27,0
C-01385,18,One-year,Standard,49.96,899.28,Credit card,4,1.88,1,3,25,73.35,1
C-01386,7,Month-to-month,Standard,45.09,315.63,Bank transfer,6,1.06,0,1,22,120.27,1
C-01387,32,One-year,Standard,66.77,2136.64,Credit card,0,11.19,1,0,4,2235.68,0
C-01388,4,Month-to-month,Standard,53.16,212.64,Electronic check,6,9.45,1,0,21,865.84,0
C-01389,47,Two-year,Basic,28.29,1329.63,Mailed check,5,3.57,0,0,6,1814.86,0
C-01390,18,Month-to-month,Standard,56.16,1010.88,Bank transfer,0,7.33,1,1,1,903.01,0
C-01391,1,Month-to-month,Basic,36.97,36.97,Credit card,2,0.87,0,5,14,78.94,1
C-01392,3,Month-to-month,Standard,53.45,160.35,Credit card,2,10.25,0,0,1,735.15,0
C-01393,1,Month-to-month,Standard,67.31,67.31,Electronic check,1,2.76,0,4,11,132.68,1
C-01394,13,One-year,Standard,60.42,785.46,Bank transfer,1,5.85,0,1,1,1460.01,0
C-01395,16,Month-to-month,Premium,98.73,1579.68,Electronic check,9,11.83,1,1,38,195.07,1
C-01396,26,Two-year,Basic,26.51,689.26,Credit card,0,1.53,0,0,6,1013.85,0
C-01397,10,Month-to-month,Standard,51.09,510.9,Electronic check,11,8.58,1,3,16,84.26,1
C-01398,5,Month-to-month,Basic,32.48,162.4,Electronic check,24,0.51,0,3,46,48.36,1
C-01399,20,One-year,Standard,56.17,1123.4,Credit card,4,3.57,0,0,0,1420.47,0
C-01400,25,One-year,Premium,115.97,2899.25,Bank transfer,0,31.98,1,0,25,2705.72,0
C-01401,1,Month-to-month,Standard,57.29,57.29,Credit card,0,12.35,1,2,3,937.51,0
C-01402,9,Month-to-month,Premium,98.03,882.27,Bank transfer,0,7.54,0,1,38,49.02,1
C-01403,10,Month-to-month,Basic,28.33,283.3,Mailed check,0,1.88,0,1,1,634.51,0
C-01404,20,One-year,Premium,110.52,2210.4,Bank transfer,0,15.33,1,0,17,3615.37,0
C-01405,35,One-year,Basic,28.5,997.5,Electronic check,16,3.95,0,0,3,935.61,0
C-01406,12,Month-to-month,Premium,87.12,1045.44,Bank transfer,4,23.32,1,0,2,1504.36,0
C-01407,42,Two-year,Basic,37.24,1564.08,Credit card,3,1.29,1,0,1,2273.02,0
C-01408,42,Two-year,Basic,31.94,1341.48,Bank transfer,0,2.53,0,0,1,1319.53,0
C-01409,26,One-year,Standard,59.79,1554.54,Bank transfer,0,5.78,1,0,23,1002.67,0
C-01410,27,Two-year,Premium,102.49,2767.23,Bank transfer,1,15.26,1,1,2,5236.31,0
C-01411,9,Month-to-month,Basic,34.38,309.42,Credit card,8,0.56,0,1,23,122.24,1
C-01412,66,Month-to-month,Basic,26.26,1733.16,Bank transfer,0,1.44,0,1,3,706.28,0
C-01413,2,Month-to-month,Premium,76.52,153.04,Credit card,6,4.74,1,3,24,211.28,1
C-01414,7,Month-to-month,Basic,36.21,253.47,Credit card,6,1.2,0,3,63,139.14,1
C-01415,26,One-year,Basic,22.58,587.08,Bank transfer,2,1.9,0,0,1,609.65,0
C-01416,20,Two-year,Standard,63.05,1261.0,Credit card,1,19.13,0,1,10,2758.9,0
C-01417,2,Month-to-month,Basic,21.65,43.3,Mailed check,17,0.49,0,2,17,39.39,1
C-01418,1,Month-to-month,Premium,91.89,91.89,Bank transfer,4,1.91,1,1,25,45.94,1
C-01419,8,Month-to-month,Standard,46.58,372.64,Electronic check,8,2.0,0,1,64,148.68,1
C-01420,31,Two-year,Standard,58.06,1799.86,Bank transfer,0,27.48,0,0,8,2801.82,0
C-01421,3,Month-to-month,Premium,104.39,313.17,Electronic check,1,5.46,1,2,44,158.33,1
C-01422,19,One-year,Standard,49.29,936.51,Credit card,0,62.13,0,1,2,1408.13,0
C-01423,1,Month-to-month,Basic,27.43,27.43,Mailed check,11,1.26,0,4,77,34.44,1
C-01424,30,Month-to-month,Basic,38.6,1158.0,Bank transfer,7,2.27,0,1,3,709.76,0
C-01425,54,Two-year,Standard,56.06,3027.24,Electronic check,3,2.48,0,0,9,2410.13,0
C-01426,45,Two-year,Basic,36.05,1622.25,Bank transfer,3,2.49,0,3,2,1566.69,0
C-01427,5,Month-to-month,Premium,116.72,583.6,Credit card,0,26.69,0,0,2,1488.35,0
C-01428,41,Two-year,Standard,69.36,2843.76,Electronic check,1,7.07,1,0,1,3359.96,0
C-01429,31,One-year,Basic,37.97,1177.07,Credit card,1,1.88,0,2,3,987.18,0
C-01430,38,Two-year,Standard,52.94,2011.72,Bank transfer,0,8.66,0,0,0,3260.94,0
C-01431,13,Month-to-month,Standard,69.06,897.78,Credit card,7,3.31,0,1,17,167.94,1
C-01432,45,One-year,Premium,111.56,5020.2,Bank transfer,0,69.75,1,1,1,2179.41,0
C-01433,8,Month-to-month,Premium,112.67,901.36,Mailed check,21,10.03,1,4,12,280.63,1
C-01434,18,One-year,Standard,45.38,816.84,Bank transfer,1,3.66,1,0,37,103.18,1
C-01435,9,Month-to-month,Standard,68.86,619.74,Electronic check,10,1.61,1,3,18,141.61,1
C-01436,6,Month-to-month,Standard,64.45,386.7,Bank transfer,1,5.79,0,2,27,120.8,1
C-01437,1,Month-to-month,Standard,64.2,64.2,Bank transfer,6,3.53,1,3,66,188.83,1
C-01438,20,One-year,Basic,21.63,432.6,Mailed check,10,1.75,0,0,1,457.47,0
C-01439,5,Month-to-month,Basic,24.65,123.25,Mailed check,7,0.24,0,5,60,47.96,1
C-01440,34,One-year,Standard,69.06,2348.04,Electronic check,1,10.44,0,2,4,1145.53,0
C-01441,42,Two-year,Basic,30.01,1260.42,Credit card,1,1.72,0,0,0,1600.57,0
C-01442,1,Month-to-month,Basic,27.96,27.96,Bank transfer,4,0.58,0,4,27,54.48,1
C-01443,32,One-year,Standard,66.0,2112.0,Credit card,0,4.44,0,2,7,1462.2,0
C-01444,10,Month-to-month,Basic,21.75,217.5,Bank transfer,13,1.69,0,2,22,46.71,1
C-01445,37,Two-year,Standard,55.42,2050.54,Bank transfer,1,15.09,0,2,5,3416.26,0
C-01446,3,Month-to-month,Standard,54.39,163.17,Electronic check,4,21.29,1,3,3,1015.38,0
C-01447,23,One-year,Premium,90.74,2087.02,Mailed check,32,43.53,1,0,7,1578.9,0
C-01448,54,Two-year,Standard,52.69,2845.26,Bank transfer,1,12.88,0,0,4,2519.29,0
C-01449,46,Two-year,Basic,24.2,1113.2,Credit card,3,1.14,0,0,3,1232.89,0
C-01450,23,One-year,Standard,49.32,1134.36,Mailed check,7,10.83,0,2,25,71.31,1
C-01451,29,Month-to-month,Premium,103.82,3010.78,Credit card,0,15.43,1,0,4,3251.53,0
C-01452,16,One-year,Premium,116.37,1861.92,Bank transfer,1,21.45,1,0,3,2141.78,0
C-01453,38,Two-year,Standard,57.72,2193.36,Credit card,5,13.79,0,3,0,1302.6,0
C-01454,23,One-year,Basic,25.96,597.08,Bank transfer,2,2.94,1,1,6,584.19,0
C-01455,28,Month-to-month,Premium,82.16,2300.48,Mailed check,2,32.66,1,2,19,518.34,0
C-01456,39,Two-year,Basic,36.6,1427.4,Credit card,0,1.65,0,3,3,2102.39,0
C-01457,24,One-year,Standard,69.29,1662.96,Bank transfer,1,6.27,0,0,3,2667.14,0
C-01458,32,One-year,Standard,53.73,1719.36,Credit card,1,41.29,0,1,0,919.55,0
C-01459,8,Month-to-month,Basic,25.82,206.56,Mailed check,9,0.41,0,1,37,29.15,1
C-01460,14,One-year,Basic,32.03,448.42,Mailed check,2,1.86,0,0,10,649.6,0
C-01461,1,Month-to-month,Basic,35.51,35.51,Credit card,2,0.67,0,1,7,70.37,1
C-01462,29,One-year,Standard,56.39,1635.31,Credit card,7,4.23,0,1,62,133.99,1
C-01463,9,Month-to-month,Premium,103.35,930.15,Bank transfer,2,9.87,1,0,57,330.35,1
C-01464,26,One-year,Basic,34.33,892.58,Credit card,5,2.0,1,0,12,1146.54,0
C-01465,47,Two-year,Premium,118.23,5556.81,Electronic check,2,29.69,1,2,3,5276.87,0
C-01466,4,Month-to-month,Basic,23.3,93.2,Credit card,3,4.86,0,0,9,365.98,0
C-01467,25,Two-year,Standard,69.93,1748.25,Credit card,2,6.32,1,0,0,3424.92,0
C-01468,70,Month-to-month,Basic,27.84,1948.8,Electronic check,18,2.06,0,1,3,527.5,0
C-01469,49,Two-year,Premium,107.54,5269.46,Credit card,0,17.74,1,0,0,5030.15,0
C-01470,29,One-year,Standard,59.31,1719.99,Mailed check,3,10.77,0,2,14,1825.5,0
C-01471,35,One-year,Standard,57.17,2000.95,Credit card,2,6.42,0,0,19,1704.16,0
C-01472,39,One-year,Premium,106.41,4149.99,Credit card,5,18.86,1,0,0,1956.41,0
C-01473,29,Two-year,Standard,54.89,1591.81,Mailed check,17,3.76,1,0,4,2715.89,0
C-01474,4,Month-to-month,Premium,80.67,322.68,Bank transfer,4,11.58,1,2,16,104.89,1
C-01475,1,Month-to-month,Standard,57.22,57.22,Electronic check,3,2.47,1,1,14,123.89,1
C-01476,29,One-year,Premium,98.49,2856.21,Credit card,2,62.19,1,0,3,3340.32,0
C-01477,40,Two-year,Standard,50.05,2002.0,Bank transfer,2,11.96,0,1,0,2991.63,0
C-01478,18,One-year,Basic,38.71,696.78,Electronic check,8,1.61,0,0,1,1150.97,0
C-01479,25,One-year,Standard,50.69,1267.25,Credit card,2,3.99,0,0,5,1261.89,0
C-01480,21,Month-to-month,Basic,28.18,591.78,Electronic check,10,0.56,0,5,37,75.4,1
C-01481,32,Two-year,Standard,48.87,1563.84,Bank transfer,1,4.15,1,1,2,2376.76,0
C-01482,3,Month-to-month,Standard,58.39,175.17,Bank transfer,2,7.19,0,2,30,208.5,1
C-01483,17,One-year,Standard,52.69,895.73,Bank transfer,4,10.73,1,0,10,982.96,0
C-01484,8,Month-to-month,Basic,29.79,238.32,Bank transfer,1,0.38,0,2,110,45.76,1
C-01485,7,Month-to-month,Basic,24.49,171.43,Credit card,5,0.59,0,3,62,35.01,1
C-01486,6,Month-to-month,Standard,46.34,278.04,Bank transfer,7,5.4,0,1,0,1346.87,0
C-01487,12,Month-to-month,Premium,110.07,1320.84,Credit card,0,18.09,1,1,1,2281.66,0
C-01488,32,One-year,Basic,32.82,1050.24,Bank transfer,0,3.89,0,1,34,493.37,0
C-01489,1,Month-to-month,Standard,53.52,53.52,Electronic check,6,8.86,0,0,3,387.48,0
C-01490,15,Month-to-month,Standard,46.19,692.85,Bank transfer,0,3.79,1,0,2,1069.47,0
C-01491,10,Month-to-month,Standard,66.64,666.4,Mailed check,6,10.24,1,3,13,76.88,1
C-01492,11,Month-to-month,Basic,23.4,257.4,Credit card,4,1.14,0,0,2,421.95,0
C-01493,6,Month-to-month,Standard,68.27,409.62,Bank transfer,10,3.05,0,4,41,125.26,1
C-01494,10,Month-to-month,Basic,29.57,295.7,Electronic check,2,1.09,0,2,95,105.94,1
C-01495,18,One-year,Premium,90.32,1625.76,Bank transfer,0,30.19,1,0,18,2538.35,0
C-01496,36,One-year,Basic,34.84,1254.24,Bank transfer,0,1.59,0,1,5,927.53,0
C-01497,28,One-year,Basic,37.54,1051.12,Credit card,1,1.09,1,1,2,1295.65,0
C-01498,1,Month-to-month,Basic,27.41,27.41,Bank transfer,2,0.46,0,3,27,79.21,1
C-01499,25,Month-to-month,Basic,28.15,703.75,Credit card,3,1.28,0,1,8,527.4,0
C-01500,42,Two-year,Standard,55.83,2344.86,Mailed check,8,9.06,0,0,4,1398.11,0
C-01501,26,One-year,Basic,38.45,999.7,Credit card,0,2.22,0,2,2,1402.27,0
C-01502,6,Month-to-month,Basic,33.85,203.1,Mailed check,3,1.87,0,2,1,333.69,0
C-01503,13,Month-to-month,Standard,51.19,665.47,Electronic check,8,2.14,1,1,36,39.5,1
C-01504,3,Month-to-month,Basic,23.7,71.1,Credit card,0,1.19,0,1,19,356.6,0
C-01505,6,Month-to-month,Basic,24.61,147.66,Bank transfer,10,1.03,0,4,100,51.68,1
C-01506,24,Month-to-month,Premium,86.86,2084.64,Electronic check,14,46.54,1,1,9,2323.71,0
C-01507,17,One-year,Standard,50.75,862.75,Mailed check,4,8.19,0,0,3,695.39,0
C-01508,17,One-year,Premium,104.63,1778.71,Credit card,0,22.4,1,1,8,3268.44,0
C-01509,19,One-year,Premium,80.22,1524.18,Credit card,3,25.57,1,0,3,3354.88,0
C-01510,9,One-year,Standard,54.68,492.12,Credit card,0,17.65,1,0,0,1595.91,0
C-01511,31,Two-year,Basic,32.5,1007.5,Credit card,0,1.29,0,1,4,1810.52,0
C-01512,12,One-year,Standard,52.27,627.24,Bank transfer,0,21.55,0,0,12,1855.28,0
C-01513,55,Two-year,Premium,77.94,4286.7,Mailed check,29,30.28,1,0,11,3297.31,0
C-01514,13,Month-to-month,Standard,47.05,611.65,Bank transfer,4,9.18,1,0,5,1018.27,0
C-01515,16,Month-to-month,Standard,48.15,770.4,Electronic check,5,4.05,0,1,70,100.82,1
C-01516,1,Month-to-month,Basic,36.72,36.72,Bank transfer,6,0.57,0,4,72,64.11,1
C-01517,28,One-year,Premium,104.6,2928.8,Bank transfer,0,31.85,1,0,8,4473.78,0
C-01518,66,Two-year,Standard,46.61,3076.26,Credit card,2,11.68,0,0,5,2155.92,0
C-01519,1,Month-to-month,Premium,92.6,92.6,Electronic check,1,15.37,0,0,5,2505.87,0
C-01520,52,Two-year,Basic,25.57,1329.64,Mailed check,0,2.54,1,1,3,1140.18,0
C-01521,2,Month-to-month,Basic,31.56,63.12,Electronic check,10,2.32,0,2,3,543.87,0
C-01522,51,Two-year,Basic,30.46,1553.46,Credit card,0,1.84,0,1,12,1391.19,0
C-01523,24,Month-to-month,Standard,57.03,1368.72,Credit card,0,15.15,1,0,2,1385.73,0
C-01524,6,Month-to-month,Basic,26.29,157.74,Credit card,9,0.45,1,3,44,34.4,1
C-01525,7,Month-to-month,Basic,22.76,159.32,Bank transfer,15,0.78,0,1,44,53.92,1
C-01526,17,Month-to-month,Premium,108.41,1842.97,Electronic check,6,22.97,1,0,8,2208.57,0
C-01527,7,Month-to-month,Basic,37.6,263.2,Credit card,13,0.24,0,2,66,87.27,1
C-01528,7,Month-to-month,Premium,117.49,822.43,Electronic check,4,31.55,1,0,12,3559.27,0
C-01529,45,Two-year,Basic,21.17,952.65,Bank transfer,0,1.82,0,0,0,971.17,0
C-01530,24,One-year,Premium,108.3,2599.2,Electronic check,0,11.75,1,0,2,5616.04,0
C-01531,23,Month-to-month,Standard,63.16,1452.68,Mailed check,16,1.65,0,2,26,182.98,1
C-01532,24,One-year,Premium,117.62,2822.88,Credit card,0,36.4,0,2,11,2167.2,0
C-01533,25,One-year,Premium,86.38,2159.5,Mailed check,7,13.33,1,0,1,1804.1,0
C-01534,18,Month-to-month,Basic,34.84,627.12,Credit card,0,2.32,0,4,22,841.87,0
C-01535,1,Month-to-month,Basic,21.09,21.09,Bank transfer,2,0.98,0,1,61,29.62,1
C-01536,15,Month-to-month,Basic,32.62,489.3,Mailed check,2,0.55,1,2,36,71.66,1
C-01537,2,Month-to-month,Standard,53.77,107.54,Mailed check,4,29.2,1,0,3,744.27,0
C-01538,11,One-year,Premium,109.6,1205.6,Bank transfer,1,26.84,1,0,2,2882.38,0
C-01539,16,Month-to-month,Standard,66.58,1065.28,Bank transfer,0,14.2,1,3,2,1096.61,0
C-01540,14,One-year,Standard,54.12,757.68,Electronic check,2,10.71,1,1,12,2050.35,0
C-01541,27,One-year,Basic,30.51,823.77,Electronic check,29,0.93,0,1,85,55.52,1
C-01542,6,Month-to-month,Premium,80.28,481.68,Credit card,2,24.3,0,0,3,2132.37,0
C-01543,32,One-year,Premium,93.76,3000.32,Electronic check,4,50.87,1,0,17,2081.37,0
C-01544,5,Month-to-month,Basic,27.22,136.1,Bank transfer,10,1.81,0,0,15,71.74,1
C-01545,56,Two-year,Standard,49.58,2776.48,Bank transfer,1,29.11,1,2,1,2485.84,0
C-01546,22,Month-to-month,Basic,37.89,833.58,Bank transfer,8,0.82,1,1,17,38.35,1
C-01547,52,Two-year,Standard,48.7,2532.4,Bank transfer,0,5.33,1,0,5,2050.34,0
C-01548,51,One-year,Standard,60.89,3105.39,Mailed check,10,6.93,1,0,3,1769.34,0
C-01549,1,Month-to-month,Basic,37.8,37.8,Bank transfer,5,0.27,0,1,31,113.08,1
C-01550,35,One-year,Standard,67.8,2373.0,Mailed check,0,14.3,1,2,0,1965.7,0
C-01551,43,Two-year,Basic,35.86,1541.98,Credit card,0,1.5,0,0,11,2462.82,0
C-01552,25,One-year,Standard,49.4,1235.0,Electronic check,0,1.44,1,0,2,1356.1,0
C-01553,27,Two-year,Standard,65.44,1766.88,Electronic check,14,39.58,1,1,4,3205.52,0
C-01554,49,Two-year,Basic,25.53,1250.97,Electronic check,1,1.51,0,0,3,1563.03,0
C-01555,8,Month-to-month,Standard,68.06,544.48,Bank transfer,0,6.39,1,0,4,710.82,0
C-01556,19,Month-to-month,Standard,62.73,1191.87,Bank transfer,1,24.61,0,0,0,1581.41,0
C-01557,17,One-year,Basic,35.71,607.07,Mailed check,7,1.1,1,4,10,885.54,0
C-01558,22,Month-to-month,Basic,21.7,477.4,Electronic check,5,3.55,0,1,2,360.22,0
C-01559,55,Two-year,Standard,59.57,3276.35,Credit card,1,6.34,0,3,7,3008.6,0
C-01560,50,Two-year,Premium,111.95,5597.5,Electronic check,3,12.66,1,1,0,4469.66,0
C-01561,7,Month-to-month,Basic,37.23,260.61,Bank transfer,2,4.72,0,0,4,1264.66,0
C-01562,4,Month-to-month,Basic,20.57,82.28,Credit card,0,1.1,0,1,31,44.81,1
C-01563,29,One-year,Basic,38.78,1124.62,Mailed check,6,0.89,1,3,64,81.84,1
C-01564,5,Month-to-month,Standard,46.08,230.4,Bank transfer,10,3.7,0,2,27,70.43,1
C-01565,44,Two-year,Basic,32.29,1420.76,Electronic check,1,2.72,1,0,22,1116.64,0
C-01566,3,Month-to-month,Basic,33.87,101.61,Credit card,1,0.56,0,4,54,98.52,1
C-01567,14,One-year,Standard,47.68,667.52,Credit card,0,9.65,1,0,1,1327.06,0
C-01568,1,Month-to-month,Standard,46.2,46.2,Bank transfer,0,5.17,0,0,3,923.31,0
C-01569,7,One-year,Basic,35.7,249.9,Credit card,0,1.01,0,1,3,792.19,0
C-01570,6,Month-to-month,Standard,54.62,327.72,Electronic check,4,3.03,1,3,37,144.8,1
C-01571,45,One-year,Standard,47.68,2145.6,Credit card,0,18.08,0,0,6,1310.36,0
C-01572,4,Month-to-month,Basic,35.25,141.0,Bank transfer,3,0.81,0,2,22,23.9,1
C-01573,22,One-year,Basic,36.98,813.56,Credit card,0,1.81,0,0,8,1023.77,0
C-01574,51,Two-year,Premium,101.43,5172.93,Credit card,2,13.89,1,0,4,5658.67,0
C-01575,31,Month-to-month,Basic,23.22,719.82,Electronic check,9,2.02,0,0,10,499.86,0
C-01576,8,Month-to-month,Standard,45.38,363.04,Credit card,2,7.46,0,4,21,104.69,1
C-01577,1,Month-to-month,Premium,106.54,106.54,Bank transfer,6,36.44,1,0,3,1895.24,0
C-01578,26,One-year,Basic,31.0,806.0,Mailed check,11,2.64,0,1,0,939.53,0
C-01579,16,One-year,Basic,33.02,528.32,Electronic check,8,1.48,0,1,0,843.76,0
C-01580,20,One-year,Standard,65.33,1306.6,Electronic check,1,6.11,0,1,7,2566.92,0
C-01581,1,Month-to-month,Premium,94.54,94.54,Credit card,3,36.51,1,0,4,1673.01,0
C-01582,1,Month-to-month,Premium,80.6,80.6,Credit card,5,36.82,1,0,5,1196.44,0
C-01583,38,One-year,Standard,68.5,2603.0,Mailed check,2,8.14,1,1,7,3036.59,0
C-01584,17,Month-to-month,Basic,30.91,525.47,Electronic check,6,1.63,0,4,1,786.02,0
C-01585,45,Two-year,Standard,60.38,2717.1,Bank transfer,2,18.18,0,0,3,2956.88,0
C-01586,15,Month-to-month,Standard,68.34,1025.1,Electronic check,2,7.27,1,2,5,1086.19,0
C-01587,28,One-year,Standard,68.29,1912.12,Bank transfer,0,14.12,1,0,0,1873.55,0
C-01588,12,Month-to-month,Basic,31.44,377.28,Credit card,0,1.88,1,2,10,384.2,0
C-01589,1,Month-to-month,Basic,25.95,25.95,Electronic check,14,0.56,0,1,56,71.68,1
C-01590,23,One-year,Standard,69.93,1608.39,Electronic check,0,23.75,1,1,2,3126.66,0
C-01591,33,One-year,Standard,62.02,2046.66,Bank transfer,1,9.7,0,1,6,2144.93,0
C-01592,53,Two-year,Basic,28.17,1493.01,Mailed check,9,1.41,1,1,32,1789.26,0
C-01593,23,Month-to-month,Basic,31.2,717.6,Credit card,5,0.36,0,3,12,83.89,1
C-01594,4,Month-to-month,Premium,93.71,374.84,Credit card,1,12.87,1,0,1,860.42,0
C-01595,22,One-year,Standard,67.21,1478.62,Mailed check,3,7.22,0,0,0,2803.17,0
C-01596,24,One-year,Basic,29.65,711.6,Electronic check,0,5.27,0,0,8,836.27,0
C-01597,4,Month-to-month,Basic,36.47,145.88,Bank transfer,14,0.56,1,1,33,79.33,1
C-01598,1,Month-to-month,Basic,36.8,36.8,Credit card,1,4.15,0,0,2,461.52,0
C-01599,7,Month-to-month,Premium,112.09,784.63,Credit card,5,10.98,1,1,53,66.82,1
C-01600,36,Two-year,Standard,63.05,2269.8,Electronic check,0,4.44,0,1,2,2634.06,0
C-01601,7,Month-to-month,Standard,66.37,464.59,Bank transfer,1,1.14,0,3,20,147.3,1
C-01602,2,Month-to-month,Standard,54.68,109.36,Electronic check,10,1.86,1,1,13,115.0,1
C-01603,1,Month-to-month,Basic,22.29,22.29,Mailed check,7,0.47,0,3,128,58.79,1
C-01604,7,Month-to-month,Premium,112.91,790.37,Electronic check,16,4.86,1,1,33,252.03,1
C-01605,1,Month-to-month,Standard,57.45,57.45,Bank transfer,1,2.88,0,0,2,1086.81,0
C-01606,28,One-year,Basic,22.55,631.4,Electronic check,2,4.29,0,1,12,578.37,0
C-01607,8,Month-to-month,Basic,22.31,178.48,Bank transfer,7,1.02,0,1,8,80.75,1
C-01608,63,Two-year,Standard,48.98,3085.74,Credit card,1,5.98,0,0,0,3315.73,0
C-01609,1,Month-to-month,Premium,108.79,108.79,Credit card,0,27.41,1,0,0,2133.2,0
C-01610,33,One-year,Basic,34.22,1129.26,Bank transfer,10,0.34,0,2,15,30.52,1
C-01611,53,Two-year,Premium,84.17,4461.01,Mailed check,2,6.45,0,0,8,4351.1,0
C-01612,26,One-year,Standard,66.17,1720.42,Credit card,3,53.2,1,0,2,1318.18,0
C-01613,18,One-year,Basic,25.63,461.34,Credit card,3,2.21,1,0,1,482.39,0
C-01614,8,Month-to-month,Basic,35.86,286.88,Mailed check,12,0.76,0,3,28,100.4,1
C-01615,11,Month-to-month,Basic,29.78,327.58,Credit card,1,0.33,0,1,15,39.21,1
C-01616,27,One-year,Standard,63.29,1708.83,Electronic check,0,3.68,1,0,2,1649.5,0
C-01617,47,Two-year,Basic,27.63,1298.61,Credit card,0,4.61,0,0,5,1579.84,0
C-01618,29,One-year,Basic,26.94,781.26,Credit card,2,4.27,0,0,11,910.47,0
C-01619,35,One-year,Standard,66.03,2311.05,Mailed check,2,14.18,0,0,2,2350.99,0
C-01620,32,One-year,Standard,45.88,1468.16,Credit card,0,1.82,0,1,23,157.82,1
C-01621,16,Month-to-month,Basic,39.49,631.84,Bank transfer,1,4.28,0,4,2,584.43,0
C-01622,10,Month-to-month,Standard,61.2,612.0,Credit card,1,4.25,0,1,26,139.07,1
C-01623,15,One-year,Standard,55.81,837.15,Credit card,12,3.14,0,2,10,178.72,1
C-01624,26,Two-year,Standard,60.7,1578.2,Credit card,2,11.8,1,4,5,2353.32,0
C-01625,22,Month-to-month,Premium,80.52,1771.44,Credit card,6,4.58,1,0,31,152.55,1
C-01626,24,One-year,Basic,30.28,726.72,Credit card,3,1.11,1,1,5,1117.58,0
C-01627,51,Month-to-month,Premium,119.33,6085.83,Electronic check,1,19.01,1,0,4,1265.92,0
C-01628,24,One-year,Standard,50.88,1221.12,Bank transfer,1,13.28,1,2,5,1620.08,0
C-01629,11,Month-to-month,Standard,63.06,693.66,Credit card,0,3.94,0,2,6,1026.22,0
C-01630,1,Month-to-month,Standard,55.87,55.87,Bank transfer,4,3.57,0,1,16,71.21,1
C-01631,19,One-year,Standard,61.31,1164.89,Mailed check,5,8.12,1,0,2,2429.46,0
C-01632,5,Month-to-month,Basic,24.1,120.5,Mailed check,32,0.46,0,2,49,65.91,1
C-01633,30,One-year,Standard,56.76,1702.8,Electronic check,8,13.53,1,3,8,1945.45,0
C-01634,15,One-year,Standard,69.5,1042.5,Mailed check,14,1.46,1,1,66,178.34,1
C-01635,32,Two-year,Standard,49.88,1596.16,Credit card,1,21.5,0,4,15,2194.77,0
C-01636,5,Month-to-month,Basic,32.73,163.65,Bank transfer,8,0.55,0,3,65,66.86,1
C-01637,4,Month-to-month,Premium,100.9,403.6,Bank transfer,9,17.07,1,1,77,135.49,1
C-01638,10,Month-to-month,Standard,59.13,591.3,Bank transfer,9,2.57,1,3,15,154.83,1
C-01639,36,Two-year,Basic,32.3,1162.8,Bank transfer,3,2.19,0,0,18,1258.22,0
C-01640,51,Two-year,Standard,57.56,2935.56,Bank transfer,2,10.34,0,0,4,2475.8,0
C-01641,29,One-year,Standard,45.42,1317.18,Mailed check,16,10.16,1,0,1,990.96,0
C-01642,30,Two-year,Standard,67.5,2025.0,Electronic check,3,13.53,0,0,1,3386.38,0
C-01643,29,One-year,Standard,65.67,1904.43,Bank transfer,7,2.75,1,2,64,117.73,1
C-01644,26,One-year,Premium,82.84,2153.84,Electronic check,6,36.3,1,0,10,2751.96,0
C-01645,1,Month-to-month,Basic,28.27,28.27,Credit card,0,1.02,0,3,89,41.54,1
C-01646,24,One-year,Standard,64.26,1542.24,Credit card,4,4.23,0,1,3,1539.67,0
C-01647,9,Month-to-month,Premium,119.1,1071.9,Bank transfer,8,13.04,1,5,29,279.88,1
C-01648,53,Two-year,Premium,117.8,6243.4,Bank transfer,0,18.51,1,1,9,5496.25,0
C-01649,22,One-year,Standard,67.48,1484.56,Credit card,1,4.64,0,1,10,3558.37,0
C-01650,17,One-year,Premium,82.13,1396.21,Electronic check,7,21.22,1,0,11,2892.45,0
C-01651,2,Month-to-month,Basic,38.29,76.58,Bank transfer,4,0.69,0,0,117,80.9,1
C-01652,2,Month-to-month,Premium,114.53,229.06,Bank transfer,7,6.19,1,0,61,347.93,1
C-01653,7,Month-to-month,Basic,27.54,192.78,Credit card,0,3.41,0,0,1,661.29,0
C-01654,16,Month-to-month,Basic,27.89,446.24,Credit card,0,3.87,0,1,0,532.71,0
C-01655,13,Month-to-month,Basic,29.2,379.6,Mailed check,17,0.43,0,3,30,129.55,1
C-01656,52,Two-year,Standard,61.4,3192.8,Bank transfer,0,12.31,0,3,3,3656.91,0
C-01657,42,One-year,Basic,25.22,1059.24,Mailed check,15,2.11,0,0,0,531.9,0
C-01658,5,Month-to-month,Basic,20.46,102.3,Mailed check,7,2.96,0,1,0,327.3,0
C-01659,36,Month-to-month,Basic,22.82,821.52,Bank transfer,7,0.91,0,4,37,12.95,1
C-01660,8,Month-to-month,Basic,28.8,230.4,Credit card,11,0.83,0,2,46,23.86,1
C-01661,17,One-year,Standard,52.05,884.85,Mailed check,21,7.06,1,2,68,228.33,1
C-01662,17,One-year,Standard,64.11,1089.87,Mailed check,5,6.5,0,2,6,2616.57,0
C-01663,46,Two-year,Basic,22.13,1017.98,Bank transfer,0,4.17,0,0,3,689.53,0
C-01664,1,Month-to-month,Standard,67.94,67.94,Electronic check,3,1.27,0,3,11,135.58,1
C-01665,65,Two-year,Premium,115.29,7493.85,Electronic check,0,36.85,1,2,3,5123.88,0
C-01666,47,Two-year,Standard,67.72,3182.84,Bank transfer,1,21.37,0,0,5,5046.26,0
C-01667,10,Month-to-month,Basic,34.79,347.9,Bank transfer,2,0.78,0,0,1,134.65,0
C-01668,50,Two-year,Standard,47.67,2383.5,Electronic check,1,9.81,0,1,1,1985.55,0
C-01669,1,Month-to-month,Basic,28.76,28.76,Electronic check,7,1.09,0,3,21,43.16,1
C-01670,47,Two-year,Basic,22.63,1063.61,Credit card,1,2.28,1,0,4,924.87,0
C-01671,19,Month-to-month,Basic,39.75,755.25,Credit card,4,2.43,1,0,2,776.97,0
C-01672,40,Two-year,Premium,89.99,3599.6,Credit card,0,26.26,1,0,10,5118.89,0
C-01673,34,Two-year,Basic,31.71,1078.14,Credit card,0,1.17,0,1,10,1356.83,0
C-01674,37,Two-year,Basic,35.59,1316.83,Mailed check,25,6.58,1,0,2,1680.94,0
C-01675,7,One-year,Basic,38.41,268.87,Credit card,0,1.57,1,0,3,858.93,0
C-01676,11,Month-to-month,Premium,109.0,1199.0,Credit card,2,30.48,1,1,22,1390.63,0
C-01677,33,Month-to-month,Standard,61.86,2041.38,Credit card,3,1.3,0,2,25,144.07,1
C-01678,4,Month-to-month,Basic,29.32,117.28,Bank transfer,2,0.17,0,5,54,72.19,1
C-01679,1,Month-to-month,Standard,60.14,60.14,Bank transfer,10,2.04,0,5,27,31.55,1
C-01680,18,One-year,Standard,47.35,852.3,Credit card,3,3.79,0,0,6,1144.52,0
C-01681,22,Month-to-month,Standard,67.1,1476.2,Credit card,1,7.64,0,1,31,116.88,1
C-01682,46,Two-year,Basic,30.88,1420.48,Credit card,0,1.49,0,0,2,1363.25,0
C-01683,25,One-year,Premium,76.81,1920.25,Bank transfer,1,18.97,1,0,4,2142.08,0
C-01684,12,Two-year,Basic,38.4,460.8,Credit card,2,0.48,0,3,55,19.2,1
C-01685,4,Month-to-month,Standard,57.23,228.92,Mailed check,9,4.16,1,2,51,163.56,1
C-01686,34,Two-year,Basic,37.37,1270.58,Bank transfer,3,1.41,0,0,2,1764.94,0
C-01687,32,Two-year,Basic,37.14,1188.48,Credit card,4,3.31,1,0,1,2825.61,0
C-01688,13,Month-to-month,Basic,36.32,472.16,Electronic check,5,0.9,0,1,28,90.89,1
C-01689,27,One-year,Standard,46.54,1256.58,Credit card,3,3.1,1,2,76,107.32,1
C-01690,19,One-year,Basic,24.94,473.86,Electronic check,1,3.08,0,1,10,577.19,0
C-01691,25,Month-to-month,Standard,66.89,1672.25,Credit card,5,4.36,0,1,14,102.66,1
C-01692,37,One-year,Basic,37.98,1405.26,Bank transfer,0,2.04,0,0,4,1383.23,0
C-01693,1,Month-to-month,Standard,56.45,56.45,Electronic check,8,1.76,0,3,34,100.41,1
C-01694,3,Month-to-month,Premium,94.8,284.4,Mailed check,27,9.0,1,4,29,137.03,1
C-01695,1,Month-to-month,Standard,49.38,49.38,Credit card,1,10.95,0,0,1,1448.58,0
C-01696,15,Month-to-month,Standard,69.21,1038.15,Credit card,0,20.09,1,0,5,1400.55,0
C-01697,9,Month-to-month,Standard,50.33,452.97,Bank transfer,0,5.75,0,0,10,1145.71,0
C-01698,3,Month-to-month,Basic,23.82,71.46,Mailed check,10,3.44,1,1,72,41.78,1
C-01699,40,Two-year,Premium,104.73,4189.2,Mailed check,12,32.41,1,1,0,6304.5,0
C-01700,14,One-year,Basic,24.86,348.04,Credit card,7,0.16,0,1,124,39.17,1
C-01701,33,Two-year,Standard,68.47,2259.51,Credit card,0,5.44,1,1,7,4101.66,0
C-01702,20,Month-to-month,Standard,45.27,905.4,Bank transfer,0,21.17,1,2,6,693.08,0
C-01703,7,Month-to-month,Basic,20.12,140.84,Credit card,2,3.75,0,1,2,559.52,0
C-01704,17,One-year,Basic,30.1,511.7,Credit card,8,0.46,0,2,23,91.77,1
C-01705,13,Month-to-month,Standard,57.2,743.6,Credit card,1,4.67,0,1,52,95.23,1
C-01706,1,Month-to-month,Premium,82.35,82.35,Bank transfer,0,13.7,0,0,11,2606.47,0
C-01707,21,One-year,Premium,97.25,2042.25,Mailed check,10,47.5,1,1,3,3030.42,0
C-01708,2,Month-to-month,Standard,55.29,110.58,Mailed check,7,4.99,1,0,1,1566.99,0
C-01709,5,One-year,Standard,67.26,336.3,Bank transfer,0,14.98,1,0,6,1415.49,0
C-01710,26,One-year,Premium,75.42,1960.92,Bank transfer,1,48.23,0,0,0,2688.24,0
C-01711,1,Month-to-month,Basic,39.53,39.53,Mailed check,40,0.99,0,1,111,91.77,1
C-01712,10,Month-to-month,Basic,32.49,324.9,Credit card,2,1.56,0,2,63,54.93,1
C-01713,23,One-year,Standard,48.8,1122.4,Electronic check,3,27.35,0,2,0,1840.27,0
C-01714,35,Month-to-month,Premium,77.1,2698.5,Bank transfer,2,28.05,1,4,3,1991.92,0
C-01715,38,Month-to-month,Premium,99.21,3769.98,Credit card,8,11.21,1,3,80,241.22,1
C-01716,29,Two-year,Standard,50.87,1475.23,Bank transfer,0,8.67,1,0,6,2643.19,0
C-01717,2,Month-to-month,Basic,26.02,52.04,Credit card,1,0.44,0,1,60,57.62,1
C-01718,23,One-year,Standard,51.13,1175.99,Electronic check,4,5.7,0,0,10,1749.43,0
C-01719,55,Two-year,Basic,33.0,1815.0,Credit card,5,2.51,0,0,1,1848.94,0
C-01720,13,Month-to-month,Basic,31.07,403.91,Credit card,4,0.97,0,2,17,80.85,1
C-01721,10,Month-to-month,Standard,46.95,469.5,Credit card,1,2.57,1,4,43,116.78,1
C-01722,17,Month-to-month,Basic,30.53,519.01,Mailed check,24,0.96,0,1,0,468.69,0
C-01723,11,Month-to-month,Premium,110.6,1216.6,Bank transfer,10,12.29,1,3,31,310.76,1
C-01724,7,Month-to-month,Standard,47.03,329.21,Bank transfer,0,16.74,1,0,1,1009.69,0
C-01725,28,One-year,Standard,67.24,1882.72,Bank transfer,1,4.61,0,0,3,2227.0,0
C-01726,2,Month-to-month,Basic,31.57,63.14,Bank transfer,8,0.76,0,4,52,57.62,1
C-01727,22,One-year,Basic,39.01,858.22,Credit card,1,0.8,0,1,2,1479.44,0
C-01728,58,Two-year,Basic,22.96,1331.68,Electronic check,3,1.05,1,0,7,634.07,0
C-01729,51,Two-year,Premium,119.71,6105.21,Credit card,1,36.74,1,0,1,5680.67,0
C-01730,18,One-year,Premium,103.99,1871.82,Credit card,7,21.02,1,0,3,2797.38,0
C-01731,11,Month-to-month,Standard,59.19,651.09,Electronic check,10,26.93,1,1,12,896.84,0
C-01732,13,One-year,Basic,30.31,394.03,Credit card,0,2.5,0,0,2,845.97,0
C-01733,29,One-year,Premium,76.06,2205.74,Credit card,3,31.99,1,0,0,1654.16,0
C-01734,23,Month-to-month,Basic,38.79,892.17,Bank transfer,2,1.18,0,1,4,618.02,0
C-01735,1,Month-to-month,Basic,32.88,32.88,Bank transfer,1,1.66,0,1,3,359.86,0
C-01736,53,Two-year,Standard,47.29,2506.37,Electronic check,6,5.81,0,0,1,2465.92,0
C-01737,4,Month-to-month,Premium,75.94,303.76,Bank transfer,0,14.4,1,0,14,1796.15,0
C-01738,30,Month-to-month,Basic,21.02,630.6,Bank transfer,9,0.61,1,3,33,59.72,1
C-01739,19,Month-to-month,Basic,32.19,611.61,Electronic check,8,3.1,0,0,5,685.39,0
C-01740,3,Month-to-month,Premium,102.63,307.89,Credit card,0,29.95,1,0,2,1501.93,0
C-01741,48,Two-year,Basic,29.99,1439.52,Credit card,0,1.33,0,4,33,1107.99,0
C-01742,28,One-year,Basic,26.14,731.92,Bank transfer,0,2.38,1,1,0,648.06,0
C-01743,21,One-year,Standard,58.29,1224.09,Credit card,3,2.86,1,0,11,1600.93,0
C-01744,34,Month-to-month,Premium,98.23,3339.82,Mailed check,11,47.54,1,1,1,1396.56,0
C-01745,1,Month-to-month,Standard,45.49,45.49,Electronic check,3,4.14,1,0,1,1481.73,0
C-01746,6,Month-to-month,Premium,87.71,526.26,Credit card,15,6.23,1,5,161,224.88,1
C-01747,7,Month-to-month,Standard,46.33,324.31,Credit card,2,9.67,1,4,7,994.95,0
C-01748,1,Month-to-month,Basic,38.0,38.0,Credit card,6,0.6,0,2,35,85.45,1
C-01749,11,One-year,Premium,107.64,1184.04,Credit card,0,23.66,1,1,0,2796.25,0
C-01750,7,Month-to-month,Standard,69.9,489.3,Credit card,11,1.11,0,3,71,147.5,1
C-01751,15,One-year,Basic,26.04,390.6,Bank transfer,7,0.78,0,3,15,66.6,1
C-01752,10,Month-to-month,Standard,66.96,669.6,Mailed check,2,0.53,0,2,45,185.58,1
C-01753,12,Month-to-month,Basic,32.06,384.72,Electronic check,2,0.96,0,0,1,634.26,0
C-01754,1,Month-to-month,Basic,29.06,29.06,Credit card,1,0.87,0,1,61,75.85,1
C-01755,47,Two-year,Basic,24.45,1149.15,Bank transfer,2,1.07,0,0,4,1056.3,0
C-01756,51,Two-year,Standard,63.46,3236.46,Bank transfer,1,18.79,0,0,6,2049.26,0
C-01757,40,Two-year,Premium,115.69,4627.6,Electronic check,4,13.61,1,0,0,7074.55,0
C-01758,22,Month-to-month,Standard,50.88,1119.36,Electronic check,3,22.97,1,1,4,734.24,0
C-01759,20,Month-to-month,Premium,82.89,1657.8,Mailed check,10,14.18,0,2,8,126.06,1
C-01760,31,One-year,Basic,33.92,1051.52,Bank transfer,3,3.73,0,0,5,779.35,0
C-01761,5,Month-to-month,Basic,39.54,197.7,Electronic check,5,2.8,1,1,28,88.84,1
C-01762,48,Two-year,Basic,35.0,1680.0,Credit card,1,2.1,0,0,6,1491.59,0
C-01763,12,Month-to-month,Basic,25.69,308.28,Bank transfer,0,1.21,1,1,21,691.79,0
C-01764,26,Month-to-month,Basic,28.4,738.4,Credit card,4,0.62,0,2,78,90.0,1
C-01765,15,Month-to-month,Standard,54.61,819.15,Bank transfer,3,6.42,0,0,1,1110.06,0
C-01766,9,Month-to-month,Premium,113.34,1020.06,Bank transfer,8,17.21,1,1,4,1564.83,0
C-01767,22,One-year,Premium,109.71,2413.62,Credit card,0,26.45,1,0,0,4923.23,0
C-01768,1,Month-to-month,Basic,31.78,31.78,Credit card,11,0.84,0,1,7,92.91,1
C-01769,3,Month-to-month,Premium,87.37,262.11,Credit card,0,16.84,1,0,0,1223.64,0
C-01770,34,Month-to-month,Basic,38.76,1317.84,Credit card,11,0.96,0,2,49,90.65,1
C-01771,3,Month-to-month,Basic,33.07,99.21,Credit card,2,2.65,0,1,5,652.33,0
C-01772,26,One-year,Premium,118.67,3085.42,Credit card,1,39.58,0,0,9,4119.5,0
C-01773,36,Two-year,Standard,59.5,2142.0,Credit card,2,3.45,1,0,3,2944.04,0
C-01774,32,Two-year,Basic,36.42,1165.44,Credit card,2,1.73,1,0,3,1756.58,0
C-01775,31,One-year,Standard,65.33,2025.23,Mailed check,2,8.29,1,0,1,3495.78,0
C-01776,3,Month-to-month,Basic,26.75,80.25,Credit card,3,0.18,0,0,17,66.29,1
C-01777,20,One-year,Standard,69.1,1382.0,Credit card,3,8.4,0,0,8,1714.31,0
C-01778,15,Month-to-month,Standard,45.55,683.25,Bank transfer,3,1.89,1,1,54,76.98,1
C-01779,3,Month-to-month,Premium,109.59,328.77,Mailed check,26,31.8,1,1,6,3219.42,0
C-01780,41,Two-year,Basic,39.31,1611.71,Electronic check,9,2.09,0,3,7,1776.13,0
C-01781,19,Month-to-month,Basic,26.78,508.82,Credit card,1,1.3,0,0,0,341.74,0
C-01782,47,Two-year,Standard,61.2,2876.4,Bank transfer,3,30.18,1,2,6,3012.25,0
C-01783,3,Month-to-month,Standard,59.06,177.18,Electronic check,5,14.84,0,1,7,1022.23,0
C-01784,32,One-year,Basic,35.23,1127.36,Electronic check,4,2.65,0,2,0,1472.15,0
C-01785,1,One-year,Standard,66.65,66.65,Electronic check,2,16.49,1,0,2,2886.99,0
C-01786,50,Two-year,Premium,102.14,5107.0,Mailed check,21,27.72,1,2,0,4680.34,0
C-01787,31,One-year,Premium,111.72,3463.32,Mailed check,1,46.67,1,3,6,4163.53,0
C-01788,20,One-year,Premium,89.05,1781.0,Bank transfer,0,25.24,1,2,1,2636.71,0
C-01789,6,Month-to-month,Premium,85.29,511.74,Bank transfer,12,7.1,1,3,23,121.32,1
C-01790,26,One-year,Standard,55.77,1450.02,Bank transfer,1,13.21,1,0,1,2511.47,0
C-01791,7,Month-to-month,Premium,105.5,738.5,Electronic check,14,26.87,1,1,35,383.25,1
C-01792,44,One-year,Basic,23.74,1044.56,Credit card,1,4.29,0,2,0,796.35,0
C-01793,29,One-year,Basic,33.61,974.69,Mailed check,2,2.71,1,0,11,864.95,0
C-01794,16,One-year,Basic,27.88,446.08,Credit card,3,2.61,1,0,0,639.21,0
C-01795,1,Month-to-month,Standard,64.89,64.89,Bank transfer,7,6.65,1,0,20,169.19,1
C-01796,8,Month-to-month,Basic,20.74,165.92,Mailed check,19,0.98,0,2,41,65.23,1
C-01797,30,One-year,Premium,105.06,3151.8,Credit card,0,46.96,1,0,14,3364.1,0
C-01798,7,Month-to-month,Basic,33.0,231.0,Bank transfer,5,0.41,0,5,24,97.91,1
C-01799,1,Month-to-month,Basic,38.82,38.82,Credit card,6,1.83,0,4,41,74.6,1
C-01800,8,Month-to-month,Standard,62.83,502.64,Bank transfer,0,4.31,0,2,10,103.49,1
C-01801,43,Two-year,Basic,35.93,1544.99,Credit card,3,2.79,0,1,0,1860.42,0
C-01802,24,One-year,Basic,38.09,914.16,Bank transfer,0,4.02,0,0,4,567.91,0
C-01803,1,Month-to-month,Basic,33.5,33.5,Bank transfer,8,0.48,0,0,166,57.36,1
C-01804,6,Month-to-month,Standard,52.25,313.5,Mailed check,9,15.64,0,2,15,1237.52,0
C-01805,27,Month-to-month,Standard,66.74,1801.98,Mailed check,8,3.37,1,2,14,33.37,1
C-01806,19,One-year,Standard,63.69,1210.11,Credit card,1,22.18,1,0,1,1322.75,0
C-01807,20,One-year,Standard,55.61,1112.2,Electronic check,1,13.7,1,0,6,1667.36,0
C-01808,2,Month-to-month,Standard,62.76,125.52,Credit card,6,5.18,0,3,10,72.28,1
C-01809,11,Month-to-month,Basic,37.35,410.85,Credit card,2,0.58,0,1,9,64.46,1
C-01810,22,Month-to-month,Basic,39.51,869.22,Credit card,1,7.34,0,0,6,260.44,0
C-01811,25,One-year,Standard,68.81,1720.25,Mailed check,4,4.48,0,2,18,2490.72,0
C-01812,37,One-year,Basic,26.51,980.87,Mailed check,6,1.35,0,0,11,1055.77,0
C-01813,31,Month-to-month,Basic,28.43,881.33,Credit card,1,7.71,0,0,6,275.66,0
C-01814,13,Month-to-month,Standard,47.74,620.62,Credit card,3,11.66,1,1,3,959.01,0
C-01815,18,Month-to-month,Standard,51.19,921.42,Credit card,1,2.68,0,3,97,99.69,1
C-01816,63,Two-year,Basic,37.65,2371.95,Bank transfer,0,1.9,0,1,1,2031.81,0
C-01817,4,Month-to-month,Basic,27.22,108.88,Bank transfer,4,1.76,1,4,28,89.47,1
C-01818,40,One-year,Premium,102.92,4116.8,Credit card,2,90.52,1,0,5,2257.2,0
C-01819,31,One-year,Premium,104.97,3254.07,Electronic check,2,17.59,1,2,4,4319.51,0
C-01820,3,Month-to-month,Standard,64.55,193.65,Credit card,1,8.52,1,0,6,1868.78,0
C-01821,8,Month-to-month,Standard,49.57,396.56,Mailed check,9,2.81,0,1,55,35.72,1
C-01822,2,Month-to-month,Standard,52.62,105.24,Electronic check,2,7.65,0,0,19,152.56,1
C-01823,21,One-year,Premium,95.18,1998.78,Bank transfer,0,45.2,1,2,5,2303.99,0
C-01824,16,One-year,Premium,91.42,1462.72,Electronic check,0,55.17,1,0,1,3308.83,0
C-01825,26,One-year,Basic,39.66,1031.16,Electronic check,2,2.95,0,0,3,983.8,0
C-01826,25,One-year,Premium,112.57,2814.25,Credit card,0,86.46,0,0,6,3001.41,0
C-01827,6,Month-to-month,Basic,29.59,177.54,Credit card,2,0.78,1,1,18,47.03,1
C-01828,34,Two-year,Basic,37.59,1278.06,Mailed check,1,1.33,0,1,3,1493.4,0
C-01829,26,One-year,Standard,53.69,1395.94,Credit card,0,21.79,1,0,7,1990.32,0
C-01830,23,Month-to-month,Standard,64.65,1486.95,Credit card,0,9.72,0,0,13,1403.63,0
C-01831,56,Two-year,Premium,85.07,4763.92,Bank transfer,1,12.33,1,1,2,4630.92,0
C-01832,26,One-year,Basic,35.45,921.7,Electronic check,11,1.72,0,1,48,997.35,0
C-01833,18,One-year,Standard,56.41,1015.38,Electronic check,6,10.52,1,1,0,1632.46,0
C-01834,30,One-year,Premium,79.84,2395.2,Mailed check,11,3.93,0,1,45,192.21,1
C-01835,47,Two-year,Premium,87.3,4103.1,Bank transfer,1,14.77,1,0,2,3602.88,0
C-01836,24,One-year,Basic,28.05,673.2,Credit card,0,0.76,0,3,46,48.1,1
C-01837,1,Month-to-month,Basic,34.99,34.99,Bank transfer,0,0.49,1,3,66,99.59,1
C-01838,11,Month-to-month,Standard,46.82,515.02,Electronic check,14,2.57,0,2,12,113.19,1
C-01839,33,Two-year,Basic,33.19,1095.27,Credit card,0,0.76,0,1,7,2021.6,0
C-01840,4,Month-to-month,Premium,107.22,428.88,Credit card,0,4.77,1,2,37,53.61,1
C-01841,1,Month-to-month,Premium,104.43,104.43,Credit card,3,12.02,1,1,103,342.56,1
C-01842,17,Month-to-month,Basic,35.21,598.57,Bank transfer,0,1.92,0,0,4,857.21,0
C-01843,18,Month-to-month,Basic,23.56,424.08,Mailed check,27,1.08,0,1,46,67.4,1
C-01844,30,One-year,Basic,31.74,952.2,Electronic check,11,1.01,0,0,9,576.01,0
C-01845,27,Two-year,Premium,117.35,3168.45,Mailed check,35,17.28,0,0,13,5138.43,0
C-01846,1,Month-to-month,Basic,32.22,32.22,Credit card,14,0.63,0,1,65,56.86,1
C-01847,13,Month-to-month,Standard,60.28,783.64,Mailed check,22,3.4,0,4,66,134.99,1
C-01848,12,Month-to-month,Standard,63.41,760.92,Electronic check,9,10.29,1,0,5,1867.22,0
C-01849,54,Two-year,Standard,53.33,2879.82,Credit card,4,32.66,0,0,3,2739.41,0
C-01850,25,One-year,Basic,34.01,850.25,Mailed check,7,1.35,0,4,21,1375.16,0
C-01851,17,Month-to-month,Basic,38.32,651.44,Credit card,3,0.37,0,2,74,123.38,1
C-01852,46,Two-year,Premium,75.49,3472.54,Mailed check,0,60.01,1,0,4,4243.48,0
C-01853,49,Two-year,Premium,114.16,5593.84,Mailed check,0,12.0,1,1,4,5885.25,0
C-01854,55,Two-year,Standard,50.47,2775.85,Electronic check,0,13.6,0,0,6,3113.84,0
C-01855,50,Two-year,Basic,29.12,1456.0,Bank transfer,3,1.23,0,0,7,976.46,0
C-01856,10,Month-to-month,Basic,37.05,370.5,Credit card,0,0.72,0,0,3,836.37,0
C-01857,22,One-year,Standard,65.6,1443.2,Bank transfer,0,7.21,1,1,2,2840.4,0
C-01858,5,Month-to-month,Basic,37.84,189.2,Bank transfer,10,0.96,0,4,49,84.0,1
C-01859,39,Two-year,Premium,117.32,4575.48,Electronic check,0,13.32,1,0,1,6470.8,0
C-01860,20,One-year,Standard,56.18,1123.6,Electronic check,12,12.75,0,0,3,2201.94,0
C-01861,10,One-year,Basic,33.13,331.3,Mailed check,15,2.95,0,0,1,927.29,0
C-01862,26,One-year,Premium,92.57,2406.82,Credit card,0,12.99,1,0,3,5098.98,0
C-01863,2,Month-to-month,Premium,90.78,181.56,Electronic check,0,21.89,1,0,12,1043.42,0
C-01864,13,One-year,Basic,28.63,372.19,Mailed check,14,2.24,0,4,38,16.99,1
C-01865,43,Two-year,Standard,63.58,2733.94,Electronic check,46,3.63,0,5,47,168.69,1
C-01866,41,Two-year,Basic,30.03,1231.23,Credit card,4,1.77,1,1,0,1288.49,0
C-01867,8,Month-to-month,Basic,36.28,290.24,Credit card,6,1.24,0,5,140,80.75,1
C-01868,1,Month-to-month,Basic,34.9,34.9,Credit card,0,0.44,1,1,14,80.29,1
C-01869,3,Month-to-month,Standard,45.51,136.53,Bank transfer,0,17.61,0,1,2,967.9,0
C-01870,35,One-year,Premium,103.36,3617.6,Bank transfer,1,42.8,1,1,1,2093.6,0
C-01871,54,Two-year,Standard,55.91,3019.14,Mailed check,4,9.7,1,0,1,2319.36,0
C-01872,14,Month-to-month,Basic,29.13,407.82,Bank transfer,3,0.86,0,1,12,86.97,1
C-01873,21,One-year,Standard,65.46,1374.66,Credit card,2,4.96,1,0,1,1726.68,0
C-01874,47,Two-year,Basic,30.95,1454.65,Bank transfer,0,1.02,0,1,12,1475.0,0
C-01875,13,One-year,Premium,114.85,1493.05,Electronic check,0,20.32,1,2,9,2985.77,0
C-01876,24,One-year,Standard,62.82,1507.68,Mailed check,15,8.56,0,1,0,2162.03,0
C-01877,28,One-year,Basic,31.06,869.68,Electronic check,7,0.91,0,3,33,53.12,1
C-01878,31,One-year,Basic,35.09,1087.79,Bank transfer,1,3.19,0,0,2,1524.51,0
C-01879,12,Month-to-month,Standard,45.96,551.52,Bank transfer,1,10.08,0,1,4,625.5,0
C-01880,29,One-year,Basic,20.54,595.66,Mailed check,7,3.65,0,1,0,388.71,0
C-01881,37,One-year,Standard,47.08,1741.96,Bank transfer,7,2.43,1,1,18,50.65,1
C-01882,54,Two-year,Basic,28.75,1552.5,Credit card,4,3.45,0,3,3,1723.23,0
C-01883,27,One-year,Basic,24.71,667.17,Credit card,1,1.36,0,0,1,510.66,0
C-01884,31,One-year,Standard,69.61,2157.91,Credit card,2,18.99,1,1,2,1354.68,0
C-01885,13,Month-to-month,Premium,99.4,1292.2,Electronic check,9,11.88,1,2,108,263.07,1
C-01886,2,Month-to-month,Premium,104.81,209.62,Credit card,7,4.28,1,4,46,364.27,1
C-01887,4,Month-to-month,Basic,25.58,102.32,Credit card,0,1.18,0,0,49,95.94,1
C-01888,1,Month-to-month,Basic,26.44,26.44,Credit card,2,0.82,0,2,41,51.14,1
C-01889,1,One-year,Basic,26.71,26.71,Bank transfer,1,1.6,0,0,5,152.97,0
C-01890,46,Two-year,Standard,62.47,2873.62,Bank transfer,0,7.22,1,0,1,2908.06,0
C-01891,58,Month-to-month,Standard,56.84,3296.72,Electronic check,3,8.2,0,0,6,1456.09,0
C-01892,9,Month-to-month,Premium,98.3,884.7,Credit card,2,9.37,1,0,14,1176.63,0
C-01893,35,Two-year,Premium,101.64,3557.4,Credit card,0,7.52,0,1,0,4352.21,0
C-01894,17,Month-to-month,Basic,35.38,601.46,Bank transfer,1,3.86,0,0,3,714.2,0
C-01895,32,One-year,Standard,47.26,1512.32,Credit card,1,5.5,1,0,0,1889.07,0
C-01896,36,One-year,Premium,109.96,3958.56,Credit card,0,62.03,0,2,9,2491.51,0
C-01897,31,One-year,Premium,100.35,3110.85,Credit card,0,48.68,1,1,5,3919.79,0
C-01898,3,Month-to-month,Basic,33.38,100.14,Mailed check,1,4.41,0,0,12,754.59,0
C-01899,7,Month-to-month,Basic,26.55,185.85,Electronic check,4,0.59,0,1,47,48.88,1
C-01900,33,One-year,Standard,55.23,1822.59,Credit card,0,3.44,0,0,0,2024.58,0
C-01901,38,One-year,Basic,24.62,935.56,Credit card,1,1.17,0,0,14,948.9,0
C-01902,24,Month-to-month,Basic,39.59,950.16,Mailed check,30,0.86,0,1,32,133.51,1
C-01903,19,One-year,Basic,29.94,568.86,Electronic check,3,0.61,0,1,1,1275.08,0
C-01904,5,Month-to-month,Standard,69.9,349.5,Bank transfer,2,2.78,1,1,28,79.47,1
C-01905,30,One-year,Basic,29.8,894.0,Electronic check,6,1.82,0,0,0,1022.5,0
C-01906,2,Month-to-month,Basic,24.4,48.8,Electronic check,9,0.56,0,1,34,49.16,1
C-01907,24,Two-year,Basic,30.15,723.6,Electronic check,1,1.2,0,0,9,1576.46,0
C-01908,14,Month-to-month,Premium,76.78,1074.92,Bank transfer,0,21.97,1,2,13,1431.39,0
C-01909,17,Month-to-month,Premium,115.71,1967.07,Bank transfer,4,29.32,1,4,5,2237.3,0
C-01910,37,Month-to-month,Standard,65.46,2422.02,Credit card,4,5.29,0,1,1,1197.05,0
C-01911,10,Month-to-month,Standard,63.15,631.5,Mailed check,0,2.92,0,2,14,97.83,1
C-01912,34,Two-year,Premium,102.44,3482.96,Bank transfer,1,26.27,1,1,0,5228.28,0
C-01913,23,Two-year,Basic,31.6,726.8,Credit card,6,2.06,0,1,4,1827.23,0
C-01914,2,Month-to-month,Basic,39.93,79.86,Mailed check,13,0.71,1,2,55,75.81,1
C-01915,2,Month-to-month,Basic,25.56,51.12,Mailed check,7,0.45,0,3,93,41.78,1
C-01916,21,One-year,Basic,35.59,747.39,Mailed check,2,4.7,0,0,5,1145.61,0
C-01917,47,Two-year,Basic,31.63,1486.61,Mailed check,3,2.76,0,4,0,1656.26,0
C-01918,17,One-year,Premium,118.91,2021.47,Mailed check,13,40.56,1,0,3,2969.66,0
C-01919,4,Month-to-month,Standard,65.7,262.8,Credit card,9,4.1,0,2,169,113.4,1
C-01920,6,Month-to-month,Standard,69.96,419.76,Electronic check,4,8.18,0,0,0,811.66,0
C-01921,21,One-year,Premium,101.47,2130.87,Electronic check,0,31.35,1,1,1,3364.3,0
C-01922,1,Month-to-month,Basic,24.09,24.09,Credit card,10,0.35,0,1,80,43.04,1
C-01923,15,One-year,Basic,30.07,451.05,Credit card,7,0.39,0,2,36,94.73,1
C-01924,7,Month-to-month,Standard,62.78,439.46,Mailed check,8,2.37,0,3,57,155.01,1
C-01925,24,One-year,Standard,64.36,1544.64,Credit card,1,3.59,1,2,17,167.55,1
C-01926,8,Month-to-month,Basic,20.01,160.08,Mailed check,12,0.41,0,2,79,43.59,1
C-01927,22,One-year,Standard,57.63,1267.86,Credit card,0,11.02,1,0,5,2165.49,0
C-01928,12,Month-to-month,Standard,50.88,610.56,Credit card,0,9.48,1,1,2,440.2,0
C-01929,9,One-year,Standard,66.87,601.83,Bank transfer,0,20.82,1,1,2,2031.05,0
C-01930,1,Month-to-month,Standard,48.82,48.82,Credit card,6,39.82,1,2,3,806.52,0
C-01931,13,One-year,Basic,33.33,433.29,Electronic check,15,0.57,1,3,9,98.95,1
C-01932,38,One-year,Basic,25.32,962.16,Bank transfer,0,2.17,0,0,1,514.34,0
C-01933,47,One-year,Standard,53.91,2533.77,Credit card,4,9.85,0,1,5,1742.83,0
C-01934,37,One-year,Basic,38.81,1435.97,Credit card,2,2.0,0,0,2,1585.15,0
C-01935,22,One-year,Premium,85.82,1888.04,Bank transfer,0,14.26,1,0,1,2556.92,0
C-01936,47,Two-year,Standard,47.38,2226.86,Credit card,4,5.21,1,0,8,2259.47,0
C-01937,1,Month-to-month,Basic,21.39,21.39,Electronic check,10,0.39,0,4,26,48.77,1
C-01938,48,Two-year,Standard,57.62,2765.76,Bank transfer,2,5.12,1,0,7,2683.68,0
C-01939,9,Month-to-month,Standard,61.04,549.36,Credit card,1,9.93,1,1,13,1273.33,0
C-01940,1,Month-to-month,Basic,26.55,26.55,Bank transfer,5,0.28,0,1,10,78.19,1
C-01941,11,Month-to-month,Premium,106.06,1166.66,Credit card,1,9.15,1,4,49,245.65,1
C-01942,4,Month-to-month,Premium,77.75,311.0,Credit card,12,7.45,1,2,27,158.6,1
C-01943,11,One-year,Standard,66.43,730.73,Credit card,1,9.92,1,1,6,2452.5,0
C-01944,33,One-year,Basic,36.33,1198.89,Mailed check,47,0.32,1,2,59,119.15,1
C-01945,24,One-year,Standard,69.64,1671.36,Mailed check,9,9.94,0,0,1,1768.89,0
C-01946,20,One-year,Standard,68.41,1368.2,Electronic check,0,20.16,1,2,5,3131.65,0
C-01947,25,Month-to-month,Basic,27.12,678.0,Credit card,0,2.29,0,1,11,405.83,0
C-01948,9,Month-to-month,Basic,27.99,251.91,Credit card,3,2.37,0,0,4,578.92,0
C-01949,35,Month-to-month,Premium,108.57,3799.95,Bank transfer,0,36.91,1,0,3,2214.06,0
C-01950,1,Month-to-month,Basic,22.68,22.68,Electronic check,7,0.43,0,4,55,53.66,1
C-01951,8,Month-to-month,Standard,52.85,422.8,Mailed check,18,9.33,0,0,30,39.24,1
C-01952,16,Month-to-month,Standard,47.96,767.36,Credit card,5,4.79,0,0,6,526.4,0
C-01953,16,One-year,Standard,56.37,901.92,Credit card,2,15.3,1,1,4,1543.24,0
C-01954,24,One-year,Basic,31.04,744.96,Electronic check,1,2.93,0,0,6,784.73,0
C-01955,60,Two-year,Premium,84.5,5070.0,Electronic check,2,15.63,1,1,2,4547.94,0
C-01956,55,Two-year,Basic,20.53,1129.15,Electronic check,8,3.33,0,0,0,1244.14,0
C-01957,31,One-year,Standard,62.98,1952.38,Electronic check,14,12.17,1,0,1,887.04,0
C-01958,14,Month-to-month,Standard,45.5,637.0,Mailed check,60,7.47,1,2,30,51.17,1
C-01959,30,One-year,Standard,69.34,2080.2,Bank transfer,1,10.14,1,1,3,1815.52,0
C-01960,14,One-year,Premium,84.97,1189.58,Mailed check,17,23.24,1,0,4,1821.14,0
C-01961,5,Month-to-month,Standard,61.6,308.0,Mailed check,0,6.63,1,0,1,1004.32,0
C-01962,14,Month-to-month,Basic,28.7,401.8,Electronic check,2,0.22,0,1,8,38.84,1
C-01963,48,Two-year,Premium,77.69,3729.12,Credit card,0,20.92,1,4,1,4148.04,0
C-01964,30,Month-to-month,Standard,56.8,1704.0,Credit card,7,7.65,1,0,2,1964.51,0
C-01965,24,One-year,Basic,30.34,728.16,Bank transfer,0,2.3,0,0,3,714.42,0
C-01966,17,One-year,Basic,37.09,630.53,Bank transfer,0,0.99,0,4,2,1499.47,0
C-01967,3,Month-to-month,Premium,107.96,323.88,Mailed check,28,3.9,1,4,10,447.77,1
C-01968,2,Month-to-month,Basic,21.59,43.18,Credit card,18,0.98,1,3,59,32.42,1
C-01969,7,Month-to-month,Standard,50.23,351.61,Credit card,3,4.47,1,1,43,189.13,1
C-01970,9,Month-to-month,Standard,52.8,475.2,Electronic check,7,2.96,1,0,1,687.43,0
C-01971,1,Month-to-month,Basic,22.33,22.33,Credit card,2,2.87,0,0,20,573.82,0
C-01972,48,Two-year,Standard,56.42,2708.16,Credit card,1,7.78,0,1,26,2280.58,0
C-01973,33,Month-to-month,Basic,39.69,1309.77,Bank transfer,4,1.84,0,0,7,281.91,0
C-01974,28,One-year,Standard,57.87,1620.36,Bank transfer,4,0.58,0,0,31,165.75,1
C-01975,1,Month-to-month,Standard,63.55,63.55,Credit card,4,22.11,1,0,4,1357.68,0
C-01976,27,Two-year,Standard,62.07,1675.89,Mailed check,14,10.04,1,2,9,2953.12,0
C-01977,4,Month-to-month,Standard,66.25,265.0,Bank transfer,15,1.94,1,3,47,46.82,1
C-01978,8,Month-to-month,Premium,84.71,677.68,Mailed check,16,29.59,1,1,0,2212.1,0
C-01979,60,Two-year,Standard,63.85,3831.0,Bank transfer,0,11.1,1,0,0,3780.91,0
C-01980,50,Two-year,Basic,37.63,1881.5,Credit card,0,3.71,0,2,1,1131.94,0
C-01981,4,Month-to-month,Basic,23.43,93.72,Credit card,15,0.82,0,2,59,51.67,1
C-01982,49,Two-year,Standard,53.67,2629.83,Credit card,0,9.09,1,0,1,2887.34,0
C-01983,13,Month-to-month,Premium,118.65,1542.45,Bank transfer,0,17.79,1,2,1,1346.34,0
C-01984,4,Month-to-month,Premium,110.14,440.56,Credit card,4,11.91,1,0,336,311.29,1
C-01985,22,Month-to-month,Premium,87.72,1929.84,Bank transfer,1,5.95,1,2,107,352.82,1
C-01986,1,Month-to-month,Basic,31.28,31.28,Bank transfer,2,0.29,0,3,19,90.2,1
C-01987,27,One-year,Standard,55.11,1487.97,Credit card,5,8.67,0,0,0,2438.91,0
C-01988,3,Month-to-month,Standard,57.25,171.75,Credit card,1,4.33,1,0,6,1349.87,0
C-01989,5,Month-to-month,Basic,27.1,135.5,Electronic check,3,4.49,0,3,3,308.38,0
C-01990,9,One-year,Basic,25.59,230.31,Mailed check,7,5.28,0,0,6,944.97,0
C-01991,33,One-year,Premium,105.36,3476.88,Credit card,0,19.55,1,0,2,2076.24,0
C-01992,7,Month-to-month,Basic,35.57,248.99,Credit card,0,1.01,0,1,8,533.57,0
C-01993,23,One-year,Basic,37.48,862.04,Mailed check,1,2.38,0,0,6,1052.59,0
C-01994,4,Month-to-month,Basic,23.11,92.44,Credit card,1,1.58,1,0,6,367.02,0
C-01995,19,One-year,Premium,112.03,2128.57,Mailed check,9,44.14,1,0,0,2653.98,0
C-01996,12,One-year,Standard,51.37,616.44,Credit card,5,5.63,0,0,11,1438.45,0
C-01997,58,Two-year,Standard,55.68,3229.44,Mailed check,13,12.51,1,2,2,2605.84,0
C-01998,1,Month-to-month,Premium,115.56,115.56,Credit card,2,25.97,1,1,0,2974.61,0
C-01999,2,Month-to-month,Basic,29.09,58.18,Mailed check,12,0.59,0,1,57,68.18,1
C-02000,4,Month-to-month,Standard,49.93,199.72,Credit card,4,10.42,1,0,8,1196.72,0
C-02001,4,Month-to-month,Basic,23.2,92.8,Electronic check,29,1.66,0,2,25,42.07,1
C-02002,4,Month-to-month,Basic,29.46,117.84,Credit card,8,1.07,0,1,36,81.73,1
C-02003,43,Two-year,Premium,109.32,4700.76,Credit card,0,25.76,1,1,9,3142.39,0
C-02004,15,Month-to-month,Standard,69.93,1048.95,Electronic check,5,0.98,0,0,108,68.33,1
C-02005,3,Month-to-month,Basic,35.75,107.25,Bank transfer,1,3.57,0,2,8,860.14,0
C-02006,42,One-year,Basic,37.54,1576.68,Mailed check,3,3.39,0,0,0,947.99,0
C-02007,2,Month-to-month,Standard,63.7,127.4,Bank transfer,11,1.21,1,4,27,132.92,1
C-02008,24,One-year,Basic,37.91,909.84,Mailed check,3,1.89,1,0,5,428.5,0
C-02009,12,Month-to-month,Basic,21.53,258.36,Bank transfer,2,2.18,0,3,59,36.49,1
C-02010,7,Month-to-month,Basic,38.6,270.2,Mailed check,6,0.26,0,3,8,38.66,1
C-02011,5,Month-to-month,Basic,27.93,139.65,Mailed check,15,1.01,1,1,41,40.69,1
C-02012,16,Month-to-month,Premium,116.47,1863.52,Credit card,5,18.55,1,1,9,2182.42,0
C-02013,46,Two-year,Basic,21.51,989.46,Mailed check,5,4.9,0,1,25,1054.49,0
C-02014,8,Month-to-month,Basic,34.3,274.4,Electronic check,4,0.37,0,2,20,61.96,1
C-02015,21,One-year,Standard,63.39,1331.19,Credit card,1,19.23,0,0,2,2359.85,0
C-02016,9,Month-to-month,Premium,119.86,1078.74,Bank transfer,0,16.77,1,0,1,1841.63,0
C-02017,20,Month-to-month,Basic,35.38,707.6,Credit card,2,1.08,0,0,2,580.93,0
C-02018,45,Two-year,Basic,27.65,1244.25,Electronic check,8,1.79,0,0,0,996.62,0
C-02019,13,Month-to-month,Basic,31.14,404.82,Credit card,1,2.3,0,0,3,787.29,0
C-02020,33,One-year,Standard,54.16,1787.28,Credit card,6,6.64,0,2,14,1272.83,0
C-02021,57,Two-year,Standard,49.9,2844.3,Bank transfer,1,14.22,0,1,1,1691.02,0
C-02022,6,One-year,Premium,86.18,517.08,Bank transfer,1,22.09,1,0,3,1748.08,0
C-02023,46,Two-year,Premium,84.99,3909.54,Mailed check,25,8.66,1,0,5,4246.6,0
C-02024,1,Month-to-month,Standard,58.72,58.72,Mailed check,10,12.57,0,1,1,1023.4,0
C-02025,3,Month-to-month,Standard,67.65,202.95,Bank transfer,6,2.59,1,0,56,123.21,1
C-02026,8,Month-to-month,Standard,67.82,542.56,Credit card,0,7.26,1,1,2,1629.54,0
C-02027,19,One-year,Basic,21.1,400.9,Electronic check,9,0.86,0,0,30,25.6,1
C-02028,55,Two-year,Premium,78.6,4323.0,Bank transfer,5,59.53,1,1,6,4161.73,0
C-02029,7,Month-to-month,Basic,24.9,174.3,Bank transfer,8,0.62,0,2,48,51.68,1
C-02030,27,One-year,Basic,25.1,677.7,Credit card,0,2.69,1,1,1,834.87,0
C-02031,7,Month-to-month,Standard,47.37,331.59,Bank transfer,1,6.48,1,0,1,884.96,0
C-02032,23,One-year,Basic,27.77,638.71,Credit card,2,1.74,1,0,0,666.64,0
C-02033,9,Month-to-month,Standard,59.69,537.21,Electronic check,6,1.08,0,1,20,29.84,1
C-02034,59,Two-year,Standard,59.45,3507.55,Bank transfer,3,3.21,0,0,0,3336.46,0
C-02035,22,One-year,Standard,58.59,1288.98,Mailed check,21,9.55,1,0,20,1753.65,0
C-02036,4,Month-to-month,Premium,90.24,360.96,Bank transfer,1,28.33,1,0,3,1690.5,0
C-02037,1,Month-to-month,Basic,34.13,34.13,Credit card,0,0.31,0,1,47,67.43,1
C-02038,9,Month-to-month,Standard,65.66,590.94,Mailed check,11,17.33,1,1,7,598.23,0
C-02039,1,Month-to-month,Standard,53.66,53.66,Bank transfer,2,2.47,1,2,29,117.05,1
C-02040,7,Month-to-month,Standard,47.14,329.98,Credit card,1,6.16,1,3,5,857.0,0
C-02041,50,Two-year,Standard,52.41,2620.5,Bank transfer,0,12.38,1,0,9,2478.03,0
C-02042,25,One-year,Basic,22.75,568.75,Bank transfer,1,0.93,0,0,0,994.87,0
C-02043,34,One-year,Standard,56.68,1927.12,Electronic check,2,15.55,1,1,1,1755.69,0
C-02044,3,Month-to-month,Basic,23.12,69.36,Bank transfer,3,0.28,0,2,45,43.94,1
C-02045,35,Two-year,Premium,95.83,3354.05,Electronic check,9,40.23,1,1,6,4454.22,0
C-02046,30,One-year,Basic,24.42,732.6,Credit card,12,3.83,0,2,16,523.45,0
C-02047,13,Month-to-month,Standard,63.47,825.11,Bank transfer,0,13.25,0,0,2,1195.58,0
C-02048,14,One-year,Basic,20.55,287.7,Mailed check,0,1.34,0,0,2,660.97,0
C-02049,27,One-year,Basic,31.09,839.43,Electronic check,3,1.08,0,1,11,767.96,0
C-02050,23,Month-to-month,Standard,49.24,1132.52,Credit card,0,3.82,0,1,23,1106.05,0
C-02051,2,Month-to-month,Premium,75.04,150.08,Credit card,6,9.72,1,2,21,179.3,1
C-02052,45,Month-to-month,Standard,66.73,3002.85,Credit card,1,8.32,1,0,0,1155.24,0
C-02053,1,Month-to-month,Premium,105.22,105.22,Electronic check,8,3.72,0,5,14,280.21,1
C-02054,33,Two-year,Standard,47.47,1566.51,Electronic check,0,8.34,0,0,7,2095.87,0
C-02055,35,Two-year,Standard,61.6,2156.0,Electronic check,3,17.26,0,0,8,3448.29,0
C-02056,31,One-year,Basic,32.23,999.13,Bank transfer,1,2.97,0,4,8,840.86,0
C-02057,2,Month-to-month,Premium,96.3,192.6,Electronic check,1,30.55,1,2,3,2646.55,0
C-02058,5,Month-to-month,Basic,28.39,141.95,Bank transfer,5,0.46,0,1,59,43.51,1
C-02059,29,One-year,Premium,114.92,3332.68,Credit card,1,14.46,1,1,44,215.38,1
C-02060,18,One-year,Premium,86.03,1548.54,Bank transfer,0,28.53,1,1,9,1985.0,0
C-02061,11,Month-to-month,Premium,92.92,1022.12,Mailed check,1,27.4,0,0,14,1978.73,0
C-02062,39,One-year,Standard,53.23,2075.97,Electronic check,0,9.02,0,0,3,1112.56,0
C-02063,33,Two-year,Standard,64.28,2121.24,Bank transfer,3,14.18,1,3,1,3010.01,0
C-02064,15,Month-to-month,Standard,67.91,1018.65,Bank transfer,0,3.7,1,2,16,60.72,1
C-02065,12,Month-to-month,Basic,37.0,444.0,Mailed check,13,0.64,0,3,42,89.9,1
C-02066,26,One-year,Standard,64.94,1688.44,Bank transfer,0,12.4,0,1,4,2254.96,0
C-02067,10,Month-to-month,Basic,39.74,397.4,Credit card,2,2.28,0,1,6,745.08,0
C-02068,1,Month-to-month,Standard,62.43,62.43,Mailed check,32,3.82,1,4,29,98.4,1
C-02069,3,Month-to-month,Basic,35.02,105.06,Mailed check,22,0.32,0,2,18,89.49,1
C-02070,4,Month-to-month,Basic,39.66,158.64,Credit card,2,1.29,1,3,7,49.42,1
C-02071,16,One-year,Basic,20.14,322.24,Bank transfer,2,1.95,0,1,15,484.37,0
C-02072,17,One-year,Standard,60.85,1034.45,Bank transfer,0,13.93,1,2,1,2161.65,0
C-02073,16,Month-to-month,Standard,63.47,1015.52,Credit card,9,1.14,0,3,43,154.59,1
C-02074,51,Two-year,Basic,38.36,1956.36,Mailed check,11,1.66,0,2,3,2051.76,0
C-02075,61,Two-year,Standard,67.1,4093.1,Bank transfer,4,12.95,1,0,7,4762.62,0
C-02076,42,Two-year,Basic,36.84,1547.28,Mailed check,0,1.71,0,0,0,1831.24,0
C-02077,2,Month-to-month,Standard,68.64,137.28,Credit card,5,12.58,0,1,73,115.32,1
C-02078,15,Month-to-month,Standard,58.43,876.45,Bank transfer,0,12.68,0,0,1,1001.92,0
C-02079,41,Two-year,Standard,45.17,1851.97,Credit card,0,9.16,1,0,3,1219.91,0
C-02080,18,One-year,Standard,45.28,815.04,Electronic check,12,14.76,1,0,5,1498.46,0
C-02081,3,Month-to-month,Basic,30.89,92.67,Bank transfer,8,0.32,1,5,28,96.7,1
C-02082,1,Month-to-month,Standard,55.88,55.88,Bank transfer,7,6.57,1,1,17,96.24,1
C-02083,11,Month-to-month,Standard,56.28,619.08,Credit card,1,15.44,0,0,1,1455.61,0
C-02084,35,Two-year,Standard,55.01,1925.35,Credit card,3,19.15,0,1,6,2107.1,0
C-02085,30,One-year,Standard,67.94,2038.2,Credit card,1,6.93,1,0,15,1615.71,0
C-02086,4,Month-to-month,Basic,27.18,108.72,Credit card,9,0.55,0,1,27,37.37,1
C-02087,6,Month-to-month,Standard,66.41,398.46,Bank transfer,9,3.33,0,1,26,55.03,1
C-02088,19,One-year,Standard,67.57,1283.83,Bank transfer,3,7.62,1,0,5,2815.25,0
C-02089,51,Two-year,Basic,29.99,1529.49,Bank transfer,1,4.63,0,3,3,1594.02,0
C-02090,2,Month-to-month,Basic,28.94,57.88,Bank transfer,1,6.03,0,2,7,628.77,0
C-02091,30,One-year,Basic,35.22,1056.6,Credit card,3,2.39,0,2,2,852.54,0
C-02092,20,Two-year,Premium,106.86,2137.2,Credit card,0,24.65,1,2,4,5980.64,0
C-02093,14,Month-to-month,Standard,53.21,744.94,Credit card,6,2.64,0,1,12,84.81,1
C-02094,24,One-year,Basic,22.05,529.2,Electronic check,8,1.1,0,3,21,35.96,1
C-02095,9,Month-to-month,Basic,25.3,227.7,Bank transfer,7,1.0,0,3,66,72.31,1
C-02096,36,One-year,Standard,48.28,1738.08,Credit card,0,26.35,0,2,2,1121.56,0
C-02097,22,One-year,Premium,88.26,1941.72,Credit card,3,43.34,1,0,5,1942.94,0
C-02098,30,One-year,Basic,25.24,757.2,Mailed check,1,3.53,0,0,1,531.62,0
C-02099,17,One-year,Basic,32.75,556.75,Electronic check,2,3.05,1,0,9,944.18,0
C-02100,20,Month-to-month,Premium,117.95,2359.0,Electronic check,2,23.96,1,0,1,3582.47,0
C-02101,44,Two-year,Basic,33.71,1483.24,Bank transfer,0,1.39,0,1,1,1530.47,0
C-02102,27,One-year,Basic,38.53,1040.31,Credit card,1,1.99,0,0,16,755.06,0
C-02103,5,Month-to-month,Premium,110.29,551.45,Mailed check,14,13.88,1,2,58,165.43,1
C-02104,23,One-year,Standard,63.2,1453.6,Electronic check,0,3.77,0,1,3,1660.81,0
C-02105,25,One-year,Basic,28.28,707.0,Credit card,0,1.87,0,0,6,859.06,0
C-02106,10,Month-to-month,Basic,26.5,265.0,Electronic check,7,1.33,1,0,9,534.73,0
C-02107,52,Two-year,Basic,36.93,1920.36,Electronic check,5,3.34,0,3,6,999.08,0
C-02108,50,Two-year,Basic,38.11,1905.5,Credit card,2,1.53,0,1,4,1362.99,0
C-02109,1,Month-to-month,Premium,95.33,95.33,Bank transfer,0,28.91,0,1,2,972.69,0
C-02110,49,Two-year,Standard,45.23,2216.27,Credit card,3,5.93,0,2,15,2632.2,0
C-02111,11,Month-to-month,Standard,64.81,712.91,Credit card,2,12.53,0,0,54,77.02,1
C-02112,3,Month-to-month,Premium,87.83,263.49,Electronic check,5,10.48,1,0,2,1728.28,0
C-02113,6,Month-to-month,Standard,45.25,271.5,Credit card,0,3.91,1,1,120,107.36,1
C-02114,49,Two-year,Basic,36.1,1768.9,Electronic check,1,1.06,0,0,0,1550.58,0
C-02115,23,One-year,Standard,57.94,1332.62,Mailed check,14,6.65,1,0,3,612.94,0
C-02116,2,Month-to-month,Premium,105.83,211.66,Credit card,1,12.72,1,0,59,310.9,1
C-02117,4,Month-to-month,Premium,116.16,464.64,Bank transfer,0,27.87,1,0,6,3003.94,0
C-02118,16,One-year,Basic,30.82,493.12,Electronic check,5,2.26,0,1,29,919.5,0
C-02119,1,Month-to-month,Standard,57.58,57.58,Electronic check,11,4.64,1,2,64,83.67,1
C-02120,42,Two-year,Standard,52.27,2195.34,Electronic check,5,6.14,1,4,21,3447.34,0
C-02121,50,Two-year,Premium,88.73,4436.5,Credit card,1,22.6,1,0,3,3624.54,0
C-02122,30,One-year,Basic,35.93,1077.9,Bank transfer,1,2.05,1,1,1,1306.41,0
C-02123,18,Two-year,Standard,56.23,1012.14,Bank transfer,1,10.15,1,1,3,1858.36,0
C-02124,9,Month-to-month,Premium,82.36,741.24,Mailed check,39,11.02,1,4,33,194.95,1
C-02125,39,Two-year,Standard,47.36,1847.04,Credit card,1,13.98,0,0,2,1658.11,0
C-02126,23,One-year,Standard,56.82,1306.86,Mailed check,9,9.55,0,0,8,1876.73,0
C-02127,20,One-year,Basic,29.3,586.0,Credit card,0,2.23,0,0,6,879.84,0
C-02128,1,Month-to-month,Basic,33.07,33.07,Mailed check,25,0.75,0,3,84,56.45,1
C-02129,42,Two-year,Basic,29.42,1235.64,Electronic check,0,1.19,0,0,20,1296.23,0
C-02130,6,Month-to-month,Premium,81.46,488.76,Bank transfer,11,6.26,1,2,51,233.53,1
C-02131,5,Month-to-month,Basic,30.16,150.8,Bank transfer,1,1.66,0,0,37,58.26,1
C-02132,9,Month-to-month,Standard,67.67,609.03,Credit card,1,11.78,0,0,2,1378.48,0
C-02133,29,One-year,Standard,48.99,1420.71,Credit card,0,5.53,0,0,12,2585.6,0
C-02134,23,One-year,Basic,33.8,777.4,Credit card,2,3.03,0,2,2,675.78,0
C-02135,39,One-year,Standard,59.85,2334.15,Credit card,0,7.38,1,1,9,1426.59,0
C-02136,45,Two-year,Standard,63.71,2866.95,Credit card,1,13.86,0,0,15,2006.44,0
C-02137,22,Month-to-month,Premium,81.78,1799.16,Electronic check,10,20.4,1,1,5,639.08,0
C-02138,20,One-year,Standard,68.54,1370.8,Bank transfer,0,11.16,0,0,7,3101.05,0
C-02139,1,Month-to-month,Standard,60.52,60.52,Credit card,0,6.61,0,1,19,937.18,0
C-02140,36,Two-year,Basic,36.94,1329.84,Mailed check,6,1.57,0,0,2,800.17,0
C-02141,42,Two-year,Premium,86.1,3616.2,Bank transfer,5,11.21,1,1,4,3889.44,0
C-02142,14,One-year,Basic,34.79,487.06,Mailed check,0,2.6,0,0,13,906.21,0
C-02143,17,One-year,Standard,64.53,1097.01,Electronic check,0,11.27,1,0,6,1394.16,0
C-02144,40,Month-to-month,Basic,27.95,1118.0,Credit card,1,2.49,0,0,12,429.12,0
C-02145,1,Month-to-month,Premium,92.28,92.28,Bank transfer,0,28.15,1,0,5,1748.32,0
C-02146,24,Two-year,Standard,61.44,1474.56,Bank transfer,0,5.71,0,0,8,2697.14,0
C-02147,7,Month-to-month,Standard,47.34,331.38,Credit card,3,16.11,0,3,0,1094.13,0
C-02148,1,Month-to-month,Basic,34.71,34.71,Credit card,9,0.69,0,2,83,67.71,1
C-02149,3,Month-to-month,Standard,46.07,138.21,Credit card,2,5.62,1,0,3,832.98,0
C-02150,48,Two-year,Standard,49.76,2388.48,Credit card,1,12.42,1,1,2,2292.77,0
C-02151,4,Month-to-month,Standard,61.6,246.4,Bank transfer,5,6.64,0,2,22,62.4,1
C-02152,1,Month-to-month,Basic,21.97,21.97,Bank transfer,16,0.24,1,1,38,22.96,1
C-02153,24,One-year,Premium,118.73,2849.52,Credit card,1,21.16,1,0,1,3676.54,0
C-02154,31,Two-year,Premium,114.08,3536.48,Electronic check,5,32.04,0,1,3,4610.85,0
C-02155,2,Month-to-month,Basic,32.53,65.06,Bank transfer,2,0.95,0,1,4,702.23,0
C-02156,9,Month-to-month,Premium,111.86,1006.74,Credit card,7,7.37,1,4,56,193.73,1
C-02157,1,Month-to-month,Standard,67.19,67.19,Credit card,20,2.4,1,0,7,92.84,1
C-02158,6,Month-to-month,Standard,51.49,308.94,Credit card,6,3.07,0,0,14,1006.81,0
C-02159,9,Month-to-month,Basic,36.99,332.91,Bank transfer,0,3.46,1,2,6,671.86,0
C-02160,21,One-year,Standard,49.87,1047.27,Credit card,8,1.16,1,2,62,33.63,1
C-02161,21,One-year,Standard,55.33,1161.93,Bank transfer,2,11.09,0,3,2,854.21,0
C-02162,23,One-year,Standard,58.96,1356.08,Bank transfer,1,14.69,0,0,3,2038.25,0
C-02163,42,Month-to-month,Standard,62.85,2639.7,Bank transfer,2,1.42,0,2,20,88.36,1
C-02164,54,Two-year,Standard,45.75,2470.5,Credit card,0,6.04,1,0,1,2265.46,0
C-02165,3,Month-to-month,Standard,52.26,156.78,Credit card,0,10.38,0,0,1,1013.56,0
C-02166,36,Two-year,Basic,32.17,1158.12,Bank transfer,3,2.02,0,0,3,1931.27,0
C-02167,5,One-year,Premium,91.08,455.4,Mailed check,27,19.45,0,0,109,302.35,1
C-02168,4,Month-to-month,Standard,64.38,257.52,Electronic check,2,1.86,0,0,3,716.93,0
C-02169,19,One-year,Basic,33.03,627.57,Bank transfer,2,1.27,0,1,3,951.47,0
C-02170,1,Month-to-month,Basic,24.69,24.69,Bank transfer,10,1.34,0,1,14,46.94,1
C-02171,30,One-year,Standard,48.65,1459.5,Bank transfer,1,9.3,0,0,8,2050.71,0
C-02172,11,Month-to-month,Premium,103.31,1136.41,Mailed check,8,15.19,1,5,18,87.65,1
C-02173,1,Month-to-month,Basic,29.01,29.01,Credit card,1,2.3,0,0,3,772.06,0
C-02174,39,Two-year,Standard,49.22,1919.58,Mailed check,3,8.32,0,0,1,2639.48,0
C-02175,8,Month-to-month,Basic,26.53,212.24,Electronic check,0,1.73,0,1,1,390.09,0
C-02176,45,Two-year,Standard,52.58,2366.1,Electronic check,0,36.42,0,0,1,2982.49,0
C-02177,1,Month-to-month,Premium,79.87,79.87,Credit card,0,52.85,1,1,0,1257.99,0
C-02178,29,One-year,Standard,58.67,1701.43,Bank transfer,5,12.15,1,0,17,1001.58,0
C-02179,20,One-year,Basic,35.27,705.4,Bank transfer,5,2.09,0,0,3,1092.24,0
C-02180,29,One-year,Standard,59.39,1722.31,Credit card,12,6.73,1,4,54,106.22,1
C-02181,6,Month-to-month,Basic,36.53,219.18,Credit card,2,0.57,0,2,9,58.87,1
C-02182,7,Month-to-month,Standard,48.19,337.33,Mailed check,5,11.6,0,1,7,638.81,0
C-02183,19,Month-to-month,Standard,55.89,1061.91,Bank transfer,0,5.75,1,0,2,1212.4,0
C-02184,26,Month-to-month,Standard,60.24,1566.24,Bank transfer,0,26.33,0,0,18,1078.94,0
C-02185,24,One-year,Basic,33.52,804.48,Credit card,0,2.28,0,0,8,878.09,0
C-02186,24,Two-year,Premium,106.31,2551.44,Electronic check,4,67.15,0,0,10,4457.91,0
C-02187,66,Two-year,Standard,63.22,4172.52,Electronic check,0,10.1,0,0,2,2743.75,0
C-02188,20,One-year,Basic,33.03,660.6,Bank transfer,2,1.78,0,0,2,836.95,0
C-02189,29,One-year,Standard,47.36,1373.44,Bank transfer,1,20.71,0,0,4,1266.76,0
C-02190,23,One-year,Standard,62.38,1434.74,Bank transfer,0,10.81,0,0,3,2234.04,0
C-02191,2,Month-to-month,Standard,63.12,126.24,Bank transfer,1,9.78,1,0,1,995.49,0
C-02192,45,Two-year,Standard,69.84,3142.8,Credit card,0,4.39,0,1,35,3459.43,0
C-02193,22,One-year,Standard,62.33,1371.26,Mailed check,3,13.41,1,0,11,1678.04,0
C-02194,25,One-year,Basic,33.74,843.5,Bank transfer,0,1.57,0,0,1,533.34,0
C-02195,11,Month-to-month,Premium,98.17,1079.87,Credit card,3,8.5,0,2,42,213.5,1
C-02196,7,Month-to-month,Standard,66.7,466.9,Bank transfer,0,6.72,0,1,0,913.96,0
C-02197,11,Month-to-month,Basic,39.94,439.34,Electronic check,4,0.9,0,2,69,101.2,1
C-02198,34,Two-year,Standard,64.48,2192.32,Credit card,0,3.59,1,2,2,4162.21,0
C-02199,26,One-year,Premium,102.56,2666.56,Credit card,0,22.08,1,1,0,2534.23,0
C-02200,1,Month-to-month,Premium,78.55,78.55,Electronic check,6,8.34,1,0,7,213.98,1
C-02201,39,Two-year,Basic,34.53,1346.67,Credit card,2,1.08,1,0,0,1515.15,0
C-02202,5,Month-to-month,Basic,34.17,170.85,Electronic check,4,0.91,0,3,29,59.93,1
C-02203,1,Month-to-month,Standard,64.39,64.39,Credit card,8,2.9,0,2,12,148.24,1
C-02204,7,Month-to-month,Basic,22.49,157.43,Electronic check,3,0.36,0,2,20,11.24,1
C-02205,27,One-year,Premium,104.42,2819.34,Credit card,0,56.12,1,1,3,1692.21,0
C-02206,43,Two-year,Basic,25.91,1114.13,Credit card,2,0.88,0,0,1,1258.55,0
C-02207,13,Month-to-month,Basic,35.21,457.73,Mailed check,5,1.38,0,4,25,17.6,1
C-02208,49,Two-year,Standard,51.01,2499.49,Bank transfer,0,6.78,1,0,2,3002.07,0
C-02209,6,Month-to-month,Basic,33.68,202.08,Bank transfer,8,0.29,0,2,39,103.33,1
C-02210,42,Two-year,Standard,52.37,2199.54,Credit card,2,4.63,1,4,13,2698.95,0
C-02211,40,One-year,Standard,45.22,1808.8,Bank transfer,1,14.19,0,1,3,1309.32,0
C-02212,55,Two-year,Basic,32.67,1796.85,Bank transfer,0,1.83,0,0,3,1930.46,0
C-02213,5,Month-to-month,Basic,22.27,111.35,Mailed check,10,0.66,0,4,41,36.26,1
C-02214,38,Two-year,Standard,61.48,2336.24,Mailed check,12,9.64,0,0,16,2719.26,0
C-02215,27,One-year,Basic,38.51,1039.77,Bank transfer,0,1.85,1,0,2,1113.01,0
C-02216,8,Month-to-month,Standard,69.23,553.84,Bank transfer,2,1.28,0,4,22,92.63,1
C-02217,46,Two-year,Standard,50.9,2341.4,Bank transfer,1,6.72,1,0,2,3100.6,0
C-02218,21,Month-to-month,Standard,65.23,1369.83,Electronic check,11,3.22,1,2,20,196.24,1
C-02219,44,Two-year,Premium,90.91,4000.04,Credit card,0,11.55,1,0,18,3508.3,0
C-02220,7,Month-to-month,Premium,115.52,808.64,Credit card,2,14.23,1,1,3,1559.73,0
C-02221,14,One-year,Premium,110.44,1546.16,Credit card,1,19.82,1,0,0,3004.61,0
C-02222,37,One-year,Basic,21.48,794.76,Credit card,2,1.4,0,1,2,850.97,0
C-02223,6,Month-to-month,Basic,28.14,168.84,Credit card,0,1.99,0,0,2,446.67,0
C-02224,23,Month-to-month,Basic,26.75,615.25,Bank transfer,0,1.17,0,0,2,506.74,0
C-02225,26,Month-to-month,Premium,110.33,2868.58,Electronic check,4,20.21,1,4,7,1279.46,0
C-02226,22,Month-to-month,Premium,93.46,2056.12,Bank transfer,0,23.95,1,0,2,2535.72,0
C-02227,1,Month-to-month,Premium,105.81,105.81,Credit card,12,12.85,1,1,41,112.65,1
C-02228,26,One-year,Basic,32.05,833.3,Credit card,2,3.75,0,0,2,855.99,0
C-02229,15,Month-to-month,Premium,118.9,1783.5,Bank transfer,1,21.53,1,1,2,922.94,0
C-02230,8,Month-to-month,Standard,68.44,547.52,Credit card,2,28.02,0,1,9,1739.06,0
C-02231,6,One-year,Basic,28.55,171.3,Bank transfer,0,1.84,0,2,2,849.34,0
C-02232,50,Month-to-month,Standard,63.09,3154.5,Mailed check,13,14.84,1,0,0,1808.9,0
C-02233,59,Two-year,Basic,36.59,2158.81,Credit card,1,5.29,0,0,2,1397.42,0
C-02234,38,Two-year,Standard,67.47,2563.86,Credit card,0,9.81,0,1,1,3946.52,0
C-02235,23,One-year,Basic,21.36,491.28,Bank transfer,0,1.01,0,1,14,708.03,0
C-02236,35,One-year,Standard,52.55,1839.25,Mailed check,0,9.53,1,1,3,1242.99,0
C-02237,43,Two-year,Standard,53.01,2279.43,Electronic check,3,6.25,0,1,1,2195.02,0
C-02238,5,Month-to-month,Premium,94.55,472.75,Mailed check,3,21.39,1,0,23,2012.66,0
C-02239,1,Month-to-month,Standard,49.23,49.23,Credit card,9,9.5,1,1,64,96.96,1
C-02240,4,Month-to-month,Standard,57.41,229.64,Mailed check,24,1.7,1,3,21,83.39,1
C-02241,33,One-year,Premium,104.84,3459.72,Credit card,3,28.51,0,0,6,4611.49,0
C-02242,13,Month-to-month,Premium,97.38,1265.94,Credit card,1,15.82,1,0,3,1778.78,0
C-02243,22,One-year,Basic,33.32,733.04,Mailed check,16,1.73,0,0,3,899.62,0
C-02244,44,Two-year,Standard,46.66,2053.04,Mailed check,3,14.11,1,0,12,1734.99,0
C-02245,32,Two-year,Basic,37.52,1200.64,Credit card,1,2.36,0,0,3,1605.7,0
C-02246,20,One-year,Basic,38.78,775.6,Credit card,0,1.8,0,0,2,498.56,0
C-02247,11,Month-to-month,Standard,60.45,664.95,Credit card,0,6.11,1,1,2,1088.83,0
C-02248,43,Two-year,Premium,114.66,4930.38,Credit card,0,28.73,1,0,1,6344.46,0
C-02249,26,One-year,Basic,22.63,588.38,Credit card,1,4.73,0,1,3,938.73,0
C-02250,9,Month-to-month,Premium,110.89,998.01,Mailed check,1,15.63,1,1,0,1718.24,0
C-02251,8,Month-to-month,Premium,80.36,642.88,Electronic check,22,20.4,1,2,38,191.54,1
C-02252,44,Two-year,Premium,93.36,4107.84,Electronic check,15,44.69,1,0,3,4158.07,0
C-02253,20,One-year,Basic,26.48,529.6,Electronic check,1,3.99,0,0,1,415.15,0
C-02254,58,Two-year,Premium,101.35,5878.3,Bank transfer,0,28.62,1,0,0,2794.19,0
C-02255,52,Two-year,Basic,26.03,1353.56,Electronic check,8,3.62,0,0,0,1221.02,0
C-02256,25,One-year,Standard,60.93,1523.25,Bank transfer,0,4.93,1,0,2,840.24,0
C-02257,25,One-year,Basic,27.35,683.75,Credit card,5,1.44,1,1,3,764.63,0
C-02258,15,Month-to-month,Basic,37.22,558.3,Bank transfer,8,0.74,0,5,21,61.69,1
C-02259,26,Month-to-month,Standard,60.85,1582.1,Bank transfer,0,10.78,0,0,1,452.36,0
C-02260,45,Month-to-month,Standard,50.38,2267.1,Electronic check,0,8.26,1,0,8,85.96,0
C-02261,16,One-year,Basic,26.72,427.52,Mailed check,37,0.58,0,2,1,644.01,0
C-02262,25,One-year,Basic,36.95,923.75,Bank transfer,4,1.62,1,1,0,1542.26,0
C-02263,56,Two-year,Standard,54.66,3060.96,Electronic check,3,4.46,1,0,31,2759.34,0
C-02264,1,Month-to-month,Basic,30.72,30.72,Credit card,11,0.65,0,5,15,43.06,1
C-02265,22,One-year,Premium,104.2,2292.4,Electronic check,5,22.3,1,0,13,2443.29,0
C-02266,24,One-year,Basic,26.96,647.04,Bank transfer,0,1.47,0,1,1,880.06,0
C-02267,38,One-year,Basic,25.88,983.44,Credit card,5,7.55,0,1,15,790.7,0
C-02268,17,One-year,Basic,29.51,501.67,Bank transfer,2,3.38,0,0,0,1039.28,0
C-02269,13,Month-to-month,Standard,50.37,654.81,Bank transfer,15,8.43,0,2,31,171.0,1
C-02270,21,One-year,Basic,25.68,539.28,Credit card,0,6.06,0,0,11,993.78,0
C-02271,3,Month-to-month,Basic,21.24,63.72,Mailed check,25,0.64,0,2,14,60.57,1
C-02272,3,Month-to-month,Premium,88.68,266.04,Credit card,0,16.69,1,0,11,1521.45,0
C-02273,10,Month-to-month,Standard,53.02,530.2,Mailed check,0,5.3,0,0,2,228.93,0
C-02274,7,One-year,Basic,39.24,274.68,Electronic check,4,3.26,0,0,7,497.07,0
C-02275,50,Two-year,Standard,59.74,2987.0,Credit card,1,2.62,1,0,6,3134.61,0
C-02276,13,One-year,Premium,110.43,1435.59,Bank transfer,2,23.6,1,0,7,2782.75,0
C-02277,30,One-year,Basic,20.91,627.3,Electronic check,19,0.14,0,3,45,68.62,1
C-02278,18,One-year,Basic,22.13,398.34,Bank transfer,0,2.12,0,0,2,916.08,0
C-02279,29,One-year,Standard,65.36,1895.44,Electronic check,3,15.07,0,1,16,2003.31,0
C-02280,1,Month-to-month,Standard,60.59,60.59,Bank transfer,4,2.01,1,3,21,95.74,1
C-02281,15,Month-to-month,Standard,49.77,746.55,Bank transfer,0,15.85,0,0,0,610.88,0
C-02282,12,Month-to-month,Basic,28.1,337.2,Mailed check,13,0.97,0,2,39,91.54,1
C-02283,2,Month-to-month,Basic,30.77,61.54,Credit card,2,0.29,0,3,58,64.64,1
C-02284,1,Month-to-month,Standard,66.09,66.09,Bank transfer,4,10.42,0,2,50,92.89,1
C-02285,18,Month-to-month,Basic,21.21,381.78,Credit card,2,0.51,0,4,17,40.22,1
C-02286,14,Month-to-month,Standard,59.92,838.88,Electronic check,1,4.11,0,2,71,106.6,1
C-02287,53,Two-year,Standard,62.93,3335.29,Electronic check,1,6.25,1,1,1,4130.37,0
C-02288,1,Month-to-month,Basic,39.56,39.56,Credit card,0,4.53,0,1,5,752.9,0
C-02289,7,Month-to-month,Premium,111.32,779.24,Credit card,1,8.24,0,0,26,224.1,1
C-02290,1,Month-to-month,Premium,87.43,87.43,Credit card,1,51.2,1,0,5,855.87,0
C-02291,13,One-year,Standard,62.74,815.62,Bank transfer,0,9.33,1,0,2,2114.64,0
C-02292,4,Month-to-month,Basic,35.27,141.08,Bank transfer,5,0.2,0,1,15,71.76,1
C-02293,1,Month-to-month,Basic,34.59,34.59,Mailed check,1,0.93,0,1,12,83.84,1
C-02294,3,One-year,Standard,65.5,196.5,Bank transfer,1,3.26,1,0,3,1992.75,0
C-02295,5,Month-to-month,Basic,38.07,190.35,Credit card,0,0.74,0,3,14,65.6,1
C-02296,1,Month-to-month,Premium,79.43,79.43,Mailed check,5,26.99,1,0,6,1453.39,0
C-02297,4,Month-to-month,Basic,22.1,88.4,Bank transfer,2,2.66,0,3,57,30.54,1
C-02298,14,Month-to-month,Standard,64.91,908.74,Bank transfer,8,4.07,0,0,80,137.83,1
C-02299,4,Month-to-month,Basic,25.05,100.2,Credit card,9,0.7,0,1,62,75.97,1
C-02300,12,Month-to-month,Standard,46.46,557.52,Bank transfer,1,8.69,0,2,19,1082.11,0
C-02301,33,Two-year,Basic,28.02,924.66,Mailed check,8,1.03,0,0,3,1263.23,0
C-02302,15,One-year,Standard,65.5,982.5,Bank transfer,1,9.5,0,0,14,1855.59,0
C-02303,8,One-year,Basic,22.53,180.24,Credit card,3,2.12,0,0,2,781.41,0
C-02304,8,Month-to-month,Premium,105.23,841.84,Bank transfer,3,15.12,1,0,1,2129.53,0
C-02305,42,Two-year,Basic,20.07,842.94,Mailed check,13,1.11,0,0,0,963.2,0
C-02306,29,Month-to-month,Premium,79.94,2318.26,Credit card,0,19.28,1,0,3,1171.88,0
C-02307,45,Month-to-month,Premium,90.79,4085.55,Bank transfer,4,25.34,0,0,7,1150.56,0
C-02308,20,One-year,Basic,21.67,433.4,Mailed check,40,0.65,0,1,40,27.72,1
C-02309,6,Month-to-month,Standard,66.15,396.9,Credit card,8,2.45,0,2,37,123.75,1
C-02310,6,Month-to-month,Basic,37.28,223.68,Electronic check,5,0.93,0,4,49,84.61,1
C-02311,30,One-year,Premium,109.0,3270.0,Bank transfer,0,32.12,1,0,7,1771.56,0
C-02312,62,Two-year,Standard,51.06,3165.72,Electronic check,8,9.71,1,0,13,2824.3,0
C-02313,10,Month-to-month,Basic,30.46,304.6,Bank transfer,3,1.52,0,0,4,353.48,0
C-02314,26,One-year,Basic,23.68,615.68,Credit card,2,2.71,0,0,1,580.69,0
C-02315,47,Two-year,Basic,25.63,1204.61,Electronic check,5,1.83,0,1,11,1165.07,0
C-02316,6,Month-to-month,Premium,98.22,589.32,Credit card,6,2.36,1,2,105,226.63,1
C-02317,6,Month-to-month,Basic,34.7,208.2,Bank transfer,0,3.38,0,0,6,938.5,0
C-02318,10,Month-to-month,Standard,47.37,473.7,Credit card,9,4.22,1,1,49,77.11,1
C-02319,6,Month-to-month,Standard,52.42,314.52,Credit card,0,8.4,1,0,0,1283.51,0
C-02320,6,Month-to-month,Premium,116.7,700.2,Mailed check,13,4.02,0,3,25,195.86,1
C-02321,55,Two-year,Basic,28.58,1571.9,Bank transfer,2,1.39,0,1,2,1751.82,0
C-02322,23,One-year,Standard,68.47,1574.81,Mailed check,4,30.3,1,0,10,2015.16,0
C-02323,25,One-year,Standard,69.79,1744.75,Credit card,0,3.65,1,0,5,1263.88,0
C-02324,4,Month-to-month,Standard,58.17,232.68,Bank transfer,2,7.76,0,0,0,798.22,0
C-02325,24,Two-year,Basic,25.76,618.24,Credit card,0,2.0,0,1,2,1239.03,0
C-02326,32,Two-year,Basic,35.82,1146.24,Electronic check,2,2.36,0,0,4,1644.57,0
C-02327,54,Two-year,Basic,23.19,1252.26,Electronic check,7,0.95,0,0,1,877.6,0
C-02328,52,Month-to-month,Standard,51.3,2667.6,Credit card,11,3.31,1,0,20,48.37,1
C-02329,15,One-year,Basic,35.7,535.5,Mailed check,19,0.87,0,0,0,1299.45,0
C-02330,8,Month-to-month,Standard,55.84,446.72,Credit card,1,9.57,0,0,2,231.47,0
C-02331,18,Month-to-month,Basic,24.03,432.54,Bank transfer,0,0.55,0,3,68,57.76,1
C-02332,2,Month-to-month,Premium,104.3,208.6,Mailed check,22,6.67,1,1,34,116.95,1
C-02333,17,One-year,Premium,107.97,1835.49,Mailed check,8,37.24,1,2,14,4875.98,0
C-02334,21,One-year,Standard,48.13,1010.73,Mailed check,8,7.84,0,1,4,664.83,0
C-02335,25,Month-to-month,Basic,25.54,638.5,Credit card,1,2.55,0,0,3,137.31,0
C-02336,1,Month-to-month,Basic,24.43,24.43,Credit card,0,2.59,0,1,6,377.29,0
C-02337,24,Month-to-month,Basic,27.6,662.4,Credit card,1,3.8,0,0,1,664.99,0
C-02338,6,Month-to-month,Basic,35.27,211.62,Bank transfer,3,0.18,0,0,15,131.93,1
C-02339,5,Month-to-month,Standard,62.84,314.2,Electronic check,10,5.36,1,5,55,175.32,1
C-02340,36,Month-to-month,Standard,61.56,2216.16,Credit card,10,9.11,1,0,0,1161.64,0
C-02341,25,One-year,Premium,75.28,1882.0,Electronic check,2,20.31,1,0,5,1673.14,0
C-02342,46,Month-to-month,Basic,22.84,1050.64,Credit card,0,0.54,0,1,25,31.71,1
C-02343,10,Month-to-month,Standard,50.58,505.8,Credit card,1,4.71,0,1,41,74.47,1
C-02344,1,Month-to-month,Standard,51.8,51.8,Electronic check,9,0.92,0,1,53,86.74,1
C-02345,72,Two-year,Standard,48.66,3503.52,Bank transfer,3,12.31,1,0,3,2212.3,0
C-02346,29,One-year,Basic,28.21,818.09,Electronic check,9,5.28,1,0,24,891.26,0
C-02347,45,One-year,Standard,46.88,2109.6,Credit card,3,16.25,0,1,0,1187.5,0
C-02348,1,Month-to-month,Standard,63.75,63.75,Electronic check,25,9.57,1,3,95,135.71,1
C-02349,28,One-year,Standard,64.69,1811.32,Credit card,5,5.86,0,0,4,2136.09,0
C-02350,12,Month-to-month,Premium,100.84,1210.08,Credit card,0,35.92,1,0,1,1151.37,0
C-02351,18,One-year,Basic,21.79,392.22,Electronic check,3,1.14,0,0,2,435.58,0
C-02352,45,Two-year,Basic,37.8,1701.0,Mailed check,4,1.79,0,0,0,2229.14,0
C-02353,38,One-year,Standard,69.14,2627.32,Credit card,0,25.66,1,0,6,2142.77,0
C-02354,60,Two-year,Standard,50.06,3003.6,Credit card,2,6.27,0,1,3,2327.37,0
C-02355,19,One-year,Basic,34.09,647.71,Bank transfer,0,3.51,0,0,25,634.01,0
C-02356,9,Month-to-month,Standard,66.05,594.45,Credit card,1,8.74,0,2,57,172.75,1
C-02357,44,Two-year,Premium,99.29,4368.76,Electronic check,2,41.99,1,3,1,4764.05,0
C-02358,3,Month-to-month,Premium,89.55,268.65,Electronic check,8,6.39,1,3,43,286.25,1
C-02359,36,One-year,Basic,29.57,1064.52,Credit card,0,2.62,0,0,2,932.64,0
C-02360,12,Month-to-month,Premium,98.05,1176.6,Bank transfer,3,6.69,1,1,75,175.78,1
C-02361,1,Month-to-month,Standard,55.02,55.02,Electronic check,5,6.31,1,4,27,82.89,1
C-02362,8,Month-to-month,Standard,68.25,546.0,Credit card,9,1.29,0,1,97,222.73,1
C-02363,34,Month-to-month,Standard,63.6,2162.4,Bank transfer,2,11.25,1,0,35,1522.84,0
C-02364,1,Month-to-month,Premium,85.86,85.86,Credit card,5,11.99,1,1,7,186.91,1
C-02365,24,One-year,Standard,59.64,1431.36,Bank transfer,0,2.73,1,0,12,2238.58,0
C-02366,19,Month-to-month,Basic,33.77,641.63,Credit card,10,0.54,0,1,41,76.63,1
C-02367,12,Month-to-month,Standard,48.5,582.0,Electronic check,12,0.69,0,3,66,26.72,1
C-02368,18,One-year,Standard,53.96,971.28,Bank transfer,0,5.84,1,0,18,2025.19,0
C-02369,3,Month-to-month,Basic,38.11,114.33,Credit card,0,2.65,0,1,6,846.12,0
C-02370,31,One-year,Premium,100.52,3116.12,Electronic check,4,27.05,1,0,10,2136.25,0
C-02371,21,One-year,Standard,50.42,1058.82,Credit card,0,9.99,1,0,7,1749.47,0
C-02372,49,Two-year,Standard,48.07,2355.43,Bank transfer,4,4.84,0,1,9,1904.99,0
C-02373,25,One-year,Basic,30.36,759.0,Bank transfer,1,3.53,0,3,6,807.15,0
C-02374,1,Month-to-month,Standard,58.69,58.69,Credit card,0,8.92,1,2,7,1109.74,0
C-02375,18,One-year,Basic,26.69,480.42,Mailed check,2,2.05,0,0,3,822.02,0
C-02376,15,Month-to-month,Basic,32.61,489.15,Electronic check,10,1.57,0,2,17,63.08,1
C-02377,10,Month-to-month,Standard,46.72,467.2,Credit card,2,4.98,0,1,6,386.27,0
C-02378,26,One-year,Standard,48.63,1264.38,Electronic check,5,10.35,1,0,4,1476.87,0
C-02379,1,Month-to-month,Standard,58.66,58.66,Bank transfer,2,5.7,1,3,71,195.81,1
C-02380,27,One-year,Basic,21.24,573.48,Mailed check,9,1.53,0,3,13,683.15,0
C-02381,55,Two-year,Standard,67.02,3686.1,Credit card,0,13.35,0,0,6,3097.04,0
C-02382,36,Two-year,Basic,22.84,822.24,Bank transfer,4,2.56,0,1,5,1254.09,0
C-02383,46,Two-year,Premium,105.33,4845.18,Bank transfer,0,23.32,1,0,2,5213.72,0
C-02384,13,Month-to-month,Standard,54.78,712.14,Bank transfer,1,2.6,0,4,44,91.09,1
C-02385,1,Month-to-month,Standard,54.99,54.99,Bank transfer,0,12.36,0,1,1,1291.61,0
C-02386,23,One-year,Basic,35.3,811.9,Credit card,0,2.99,0,0,13,1133.07,0
C-02387,21,Month-to-month,Basic,29.99,629.79,Electronic check,2,2.08,0,1,2,613.11,0
C-02388,29,One-year,Premium,107.65,3121.85,Bank transfer,1,42.95,1,1,1,3058.19,0
C-02389,27,One-year,Basic,30.1,812.7,Mailed check,0,2.8,1,0,2,878.99,0
C-02390,9,One-year,Standard,59.82,538.38,Credit card,4,3.09,1,2,19,2176.54,0
C-02391,4,Month-to-month,Standard,64.02,256.08,Electronic check,12,0.79,1,0,61,102.15,1
C-02392,4,Month-to-month,Basic,32.15,128.6,Mailed check,3,1.43,0,5,44,123.99,1
C-02393,3,Month-to-month,Premium,102.7,308.1,Electronic check,2,6.35,1,1,41,156.92,1
C-02394,2,Month-to-month,Standard,64.73,129.46,Mailed check,6,9.96,0,0,2,928.73,0
C-02395,45,Two-year,Basic,38.98,1754.1,Electronic check,1,3.56,0,0,0,2274.73,0
C-02396,9,Month-to-month,Basic,27.53,247.77,Bank transfer,6,0.9,0,1,21,54.55,1
C-02397,23,Month-to-month,Basic,31.54,725.42,Bank transfer,16,0.57,0,2,252,78.2,1
C-02398,3,Month-to-month,Premium,78.88,236.64,Credit card,0,4.06,1,0,46,253.56,1
C-02399,27,One-year,Standard,53.97,1457.19,Bank transfer,0,11.27,1,2,3,1794.8,0
C-02400,20,One-year,Basic,28.24,564.8,Credit card,0,2.7,0,0,0,922.9,0
C-02401,13,Month-to-month,Basic,36.7,477.1,Electronic check,11,1.51,0,0,3,539.15,0
C-02402,26,Month-to-month,Standard,57.83,1503.58,Bank transfer,0,5.19,0,2,0,745.93,0
C-02403,1,Month-to-month,Standard,63.28,63.28,Bank transfer,5,21.69,1,3,125,48.72,1
C-02404,1,Month-to-month,Standard,45.48,45.48,Credit card,0,8.54,1,1,15,623.94,0
C-02405,41,One-year,Basic,29.29,1200.89,Mailed check,0,1.43,0,0,15,767.46,0
C-02406,30,One-year,Basic,38.03,1140.9,Credit card,2,2.87,1,1,9,914.51,0
C-02407,6,Month-to-month,Standard,50.61,303.66,Credit card,1,3.47,1,1,32,90.92,1
C-02408,9,Month-to-month,Premium,76.42,687.78,Credit card,0,2.63,1,5,32,123.82,1
C-02409,41,Two-year,Basic,28.67,1175.47,Mailed check,8,2.56,0,1,4,1617.93,0
C-02410,10,Month-to-month,Standard,62.61,626.1,Mailed check,0,5.41,1,1,7,634.83,0
C-02411,13,One-year,Standard,56.36,732.68,Electronic check,3,23.24,0,1,14,2137.13,0
C-02412,5,Month-to-month,Standard,56.5,282.5,Mailed check,3,12.14,1,0,13,1248.21,0
C-02413,11,Month-to-month,Basic,33.4,367.4,Credit card,0,1.75,1,1,1,416.13,0
C-02414,6,Month-to-month,Premium,86.45,518.7,Mailed check,8,11.03,1,2,44,84.76,1
C-02415,14,One-year,Standard,63.8,893.2,Credit card,6,15.52,1,0,6,2200.14,0
C-02416,31,Two-year,Standard,48.83,1513.73,Credit card,1,10.09,0,0,5,2616.6,0
C-02417,5,Month-to-month,Basic,27.92,139.6,Credit card,1,5.82,1,0,12,369.82,0
C-02418,1,Month-to-month,Basic,33.12,33.12,Bank transfer,4,1.6,0,3,81,31.14,1
C-02419,11,Month-to-month,Basic,36.57,402.27,Electronic check,9,0.63,0,2,73,61.39,1
C-02420,18,Month-to-month,Standard,64.79,1166.22,Bank transfer,1,5.14,1,1,1,64.79,0
C-02421,4,Month-to-month,Basic,34.43,137.72,Mailed check,25,1.0,0,3,48,83.9,1
C-02422,1,Month-to-month,Standard,53.98,53.98,Bank transfer,3,3.6,1,2,54,80.64,1
C-02423,21,One-year,Basic,22.45,471.45,Credit card,0,1.33,0,0,1,709.11,0
C-02424,13,Month-to-month,Standard,50.42,655.46,Bank transfer,2,19.61,1,0,4,1449.8,0
C-02425,3,Month-to-month,Standard,66.62,199.86,Electronic check,18,2.65,0,1,25,112.3,1
C-02426,32,Two-year,Basic,37.15,1188.8,Electronic check,0,1.46,0,0,6,2034.96,0
C-02427,8,Month-to-month,Basic,39.03,312.24,Bank transfer,3,0.41,0,1,89,70.05,1
C-02428,32,Two-year,Basic,21.52,688.64,Bank transfer,1,2.92,0,1,2,937.73,0
C-02429,4,Month-to-month,Standard,58.42,233.68,Credit card,1,2.19,1,1,84,188.22,1
C-02430,39,Two-year,Standard,61.22,2387.58,Bank transfer,3,3.06,0,0,21,2598.78,0
C-02431,29,One-year,Basic,34.21,992.09,Mailed check,7,3.47,0,3,0,1176.18,0
C-02432,56,Two-year,Standard,61.1,3421.6,Credit card,2,6.91,0,4,5,3125.53,0
C-02433,53,Two-year,Basic,35.4,1876.2,Mailed check,1,1.18,0,1,12,1847.47,0
C-02434,4,Month-to-month,Basic,27.19,108.76,Bank transfer,3,0.49,0,0,45,68.0,1
C-02435,47,Two-year,Basic,23.59,1108.73,Credit card,0,4.75,0,1,5,1254.25,0
C-02436,9,Month-to-month,Premium,84.21,757.89,Mailed check,3,17.66,1,0,3,1230.77,0
C-02437,1,Month-to-month,Basic,20.24,20.24,Bank transfer,2,1.03,0,1,54,33.49,1
C-02438,3,Month-to-month,Basic,27.01,81.03,Credit card,4,0.5,0,2,8,59.96,1
C-02439,33,One-year,Basic,21.83,720.39,Credit card,1,1.09,1,0,7,330.98,0
C-02440,12,Month-to-month,Basic,26.43,317.16,Credit card,5,0.31,0,5,13,60.6,1
C-02441,20,One-year,Standard,60.71,1214.2,Electronic check,0,4.13,1,1,7,1541.32,0
C-02442,19,One-year,Basic,37.89,719.91,Bank transfer,1,1.57,0,1,120,107.44,1
C-02443,30,One-year,Basic,36.79,1103.7,Mailed check,5,2.12,0,0,4,526.53,0
C-02444,49,Two-year,Standard,51.32,2514.68,Credit card,8,40.03,1,0,0,2701.64,0
C-02445,1,Month-to-month,Basic,22.68,22.68,Credit card,5,0.24,0,4,39,50.27,1
C-02446,4,Month-to-month,Standard,49.83,199.32,Credit card,6,2.72,0,1,66,105.83,1
C-02447,13,Month-to-month,Standard,69.27,900.51,Bank transfer,0,22.65,1,0,4,1795.41,0
C-02448,1,Month-to-month,Basic,30.99,30.99,Mailed check,15,3.42,0,0,0,560.66,0
C-02449,8,Month-to-month,Standard,49.56,396.48,Electronic check,1,11.37,0,0,3,967.13,0
C-02450,5,Month-to-month,Basic,36.81,184.05,Credit card,7,0.22,0,4,22,37.72,1
C-02451,1,Month-to-month,Standard,54.88,54.88,Mailed check,5,25.71,1,2,0,1030.12,0
C-02452,47,Two-year,Standard,67.48,3171.56,Electronic check,5,8.64,1,0,9,3066.11,0
C-02453,17,One-year,Basic,25.21,428.57,Credit card,0,1.62,1,0,1,701.5,0
C-02454,1,Month-to-month,Standard,54.83,54.83,Electronic check,8,6.79,1,2,26,39.57,1
C-02455,16,One-year,Premium,97.72,1563.52,Credit card,0,24.26,1,1,1,4283.76,0
C-02456,9,Month-to-month,Premium,115.17,1036.53,Credit card,0,13.7,1,0,6,1412.8,0
C-02457,2,Month-to-month,Standard,66.72,133.44,Credit card,12,4.03,0,2,25,117.81,1
C-02458,28,One-year,Standard,59.36,1662.08,Bank transfer,4,5.65,1,0,6,1075.05,0
C-02459,6,Month-to-month,Basic,24.44,146.64,Bank transfer,26,0.13,0,1,48,20.56,1
C-02460,4,Month-to-month,Basic,28.07,112.28,Credit card,1,1.3,0,1,2,264.26,0
C-02461,39,Two-year,Standard,69.39,2706.21,Credit card,0,6.58,1,0,3,4405.72,0
C-02462,46,Two-year,Basic,32.16,1479.36,Electronic check,0,1.13,0,0,0,1026.99,0
C-02463,26,One-year,Premium,110.15,2863.9,Mailed check,1,32.71,1,1,7,2798.85,0
C-02464,23,One-year,Basic,29.0,667.0,Electronic check,22,1.37,0,1,2,777.12,0
C-02465,20,One-year,Basic,30.64,612.8,Credit card,1,2.56,0,0,6,738.39,0
C-02466,9,Month-to-month,Basic,28.58,257.22,Credit card,16,0.53,0,2,23,37.28,1
C-02467,3,Month-to-month,Premium,106.63,319.89,Credit card,2,38.65,1,1,3,1644.54,0
C-02468,14,Month-to-month,Standard,66.29,928.06,Credit card,1,4.2,1,0,0,700.81,0
C-02469,35,Month-to-month,Standard,57.68,2018.8,Bank transfer,4,2.21,1,1,7,1360.64,0
C-02470,12,One-year,Basic,29.62,355.44,Bank transfer,7,1.45,0,1,8,96.14,1
C-02471,12,Month-to-month,Premium,90.31,1083.72,Electronic check,3,15.99,1,0,1,2302.99,0
C-02472,39,Two-year,Basic,23.54,918.06,Electronic check,12,4.85,1,0,5,676.75,0
C-02473,32,Two-year,Premium,117.27,3752.64,Credit card,1,32.53,1,0,1,3290.71,0
C-02474,16,One-year,Standard,52.9,846.4,Credit card,0,14.5,0,0,3,922.59,0
C-02475,23,One-year,Basic,36.01,828.23,Electronic check,1,3.4,0,2,0,1235.4,0
C-02476,39,Two-year,Standard,62.88,2452.32,Credit card,2,9.66,1,0,8,2690.21,0
C-02477,9,Month-to-month,Standard,64.77,582.93,Credit card,0,9.72,0,1,0,2097.4,0
C-02478,23,One-year,Basic,38.74,891.02,Bank transfer,8,1.18,1,3,117,78.24,1
C-02479,9,Month-to-month,Premium,103.05,927.45,Credit card,0,25.94,1,0,13,2515.33,0
C-02480,15,One-year,Standard,67.45,1011.75,Credit card,1,5.83,0,1,12,2609.25,0
C-02481,18,Month-to-month,Basic,23.35,420.3,Electronic check,5,0.76,0,3,32,28.04,1
C-02482,48,Two-year,Basic,32.53,1561.44,Mailed check,8,0.7,1,0,0,1288.28,0
C-02483,36,Two-year,Standard,64.31,2315.16,Credit card,1,19.92,1,0,4,4080.12,0
C-02484,2,Month-to-month,Standard,51.79,103.58,Credit card,6,3.93,1,5,18,32.72,1
C-02485,11,Month-to-month,Standard,63.52,698.72,Electronic check,6,18.52,0,1,4,1082.34,0
C-02486,32,Two-year,Standard,64.46,2062.72,Credit card,3,18.1,0,1,15,3543.47,0
C-02487,12,Month-to-month,Standard,65.78,789.36,Bank transfer,0,8.58,1,1,20,1372.16,0
C-02488,40,Two-year,Premium,89.08,3563.2,Credit card,0,23.26,1,1,1,3922.38,0
C-02489,19,One-year,Standard,62.04,1178.76,Credit card,5,1.75,0,2,17,102.3,1
C-02490,4,Month-to-month,Premium,88.69,354.76,Electronic check,0,58.79,1,4,4,926.38,0
C-02491,10,Month-to-month,Basic,34.78,347.8,Electronic check,8,0.47,0,3,197,43.97,1
C-02492,2,Month-to-month,Basic,29.26,58.52,Credit card,3,0.66,1,3,66,96.69,1
C-02493,19,One-year,Basic,31.95,607.05,Credit card,2,2.29,0,0,13,1010.54,0
C-02494,2,Month-to-month,Standard,55.4,110.8,Credit card,0,4.04,0,2,0,792.97,0
C-02495,23,One-year,Premium,82.29,1892.67,Credit card,0,10.25,0,1,2,2875.57,0
C-02496,5,Month-to-month,Basic,23.56,117.8,Mailed check,24,1.07,1,3,38,38.47,1
C-02497,21,One-year,Basic,21.55,452.55,Electronic check,16,1.6,0,0,8,458.09,0
C-02498,56,Two-year,Premium,102.81,5757.36,Bank transfer,3,23.46,1,1,6,4335.52,0
C-02499,38,Two-year,Basic,36.97,1404.86,Electronic check,10,3.43,0,0,5,1251.44,0
C-02500,12,Month-to-month,Standard,45.52,546.24,Electronic check,6,10.33,0,1,30,1254.92,0
C-02501,41,Two-year,Standard,46.66,1913.06,Electronic check,14,14.23,0,0,2,2532.43,0
C-02502,25,One-year,Premium,95.59,2389.75,Credit card,2,30.65,1,0,4,3341.77,0
C-02503,6,One-year,Basic,34.75,208.5,Credit card,6,1.72,1,0,23,892.59,0
C-02504,37,Two-year,Basic,23.15,856.55,Electronic check,0,1.22,0,0,7,1097.4,0
C-02505,4,Month-to-month,Standard,51.79,207.16,Bank transfer,14,2.74,0,3,18,83.0,1
C-02506,18,Month-to-month,Premium,85.44,1537.92,Mailed check,8,25.58,1,0,1,813.05,0
C-02507,34,Two-year,Standard,54.98,1869.32,Electronic check,0,15.63,0,0,2,3134.67,0
C-02508,1,Month-to-month,Basic,24.5,24.5,Mailed check,3,0.94,0,3,49,64.57,1
C-02509,64,Two-year,Standard,53.81,3443.84,Credit card,3,7.55,0,1,3,2796.84,0
C-02510,42,Two-year,Premium,107.78,4526.76,Mailed check,7,21.87,1,4,4,5202.65,0
C-02511,12,Month-to-month,Premium,102.5,1230.0,Credit card,8,15.5,1,0,13,1300.1,0
C-02512,42,Two-year,Premium,78.65,3303.3,Mailed check,1,50.57,0,1,0,4037.26,0
C-02513,5,Month-to-month,Basic,32.75,163.75,Credit card,1,3.56,0,0,1,398.22,0
C-02514,29,One-year,Basic,29.54,856.66,Bank transfer,0,1.1,0,1,0,688.54,0
C-02515,24,One-year,Standard,68.36,1640.64,Electronic check,4,14.62,1,1,7,1522.52,0
C-02516,36,Two-year,Premium,88.02,3168.72,Bank transfer,1,9.75,1,1,21,3649.61,0
C-02517,1,Month-to-month,Basic,34.52,34.52,Bank transfer,3,1.78,0,0,45,48.3,1
C-02518,15,Month-to-month,Basic,34.62,519.3,Mailed check,0,1.42,0,4,0,774.63,0
C-02519,17,One-year,Standard,50.54,859.18,Bank transfer,0,11.2,1,2,2,1106.61,0
C-02520,25,One-year,Basic,38.06,951.5,Bank transfer,0,0.77,1,0,11,1137.84,0
C-02521,8,One-year,Basic,29.82,238.56,Credit card,3,1.11,0,0,6,1039.52,0
C-02522,5,Month-to-month,Standard,61.97,309.85,Electronic check,7,5.73,0,4,53,184.1,1
C-02523,1,Month-to-month,Standard,48.65,48.65,Bank transfer,0,5.93,1,0,1,987.48,0
C-02524,31,Month-to-month,Standard,51.45,1594.95,Bank transfer,0,5.45,1,0,3,338.42,0
C-02525,47,Two-year,Basic,31.72,1490.84,Credit card,3,4.05,1,1,0,1449.68,0
C-02526,2,Month-to-month,Standard,52.98,105.96,Bank transfer,1,5.37,1,2,70,136.23,1
C-02527,3,Month-to-month,Standard,57.49,172.47,Credit card,0,15.83,1,0,0,695.58,0
C-02528,58,Two-year,Standard,54.35,3152.3,Credit card,2,4.69,0,0,5,3330.97,0
C-02529,6,Month-to-month,Standard,61.01,366.06,Bank transfer,4,26.0,1,0,1,1576.47,0
C-02530,25,Two-year,Basic,29.74,743.5,Credit card,2,0.92,0,2,27,1577.11,0
C-02531,18,One-year,Basic,20.09,361.62,Credit card,0,1.73,1,2,0,756.2,0
C-02532,41,Two-year,Basic,32.99,1352.59,Electronic check,4,2.07,0,1,5,1982.49,0
C-02533,10,Month-to-month,Basic,28.44,284.4,Credit card,16,2.62,0,2,37,58.31,1
C-02534,2,Month-to-month,Standard,53.54,107.08,Credit card,1,15.61,1,1,1,1246.0,0
C-02535,35,One-year,Premium,79.24,2773.4,Credit card,0,19.46,1,0,12,1646.32,0
C-02536,22,Two-year,Standard,50.51,1111.22,Bank transfer,0,5.12,1,1,0,2790.92,0
C-02537,26,One-year,Standard,50.59,1315.34,Electronic check,20,16.47,1,0,3,1677.48,0
C-02538,7,Month-to-month,Basic,38.71,270.97,Electronic check,12,0.36,0,1,52,154.62,1
C-02539,29,One-year,Standard,55.81,1618.49,Credit card,2,10.28,0,0,2,1502.0,0
C-02540,29,One-year,Basic,20.84,604.36,Credit card,0,1.02,0,1,1,837.88,0
C-02541,34,One-year,Basic,22.78,774.52,Credit card,1,2.68,0,2,7,856.6,0
C-02542,15,One-year,Basic,21.58,323.7,Bank transfer,0,2.57,0,0,10,628.85,0
C-02543,43,Two-year,Standard,59.72,2567.96,Mailed check,2,4.28,1,0,3,1783.73,0
C-02544,28,One-year,Premium,83.4,2335.2,Credit card,4,41.09,1,0,2,2235.48,0
C-02545,1,Month-to-month,Basic,29.97,29.97,Credit card,0,2.66,0,0,6,519.36,0
C-02546,11,Month-to-month,Basic,27.4,301.4,Credit card,2,0.85,0,5,25,75.72,1
C-02547,1,Month-to-month,Standard,65.1,65.1,Bank transfer,4,7.19,0,0,6,1280.74,0
C-02548,20,Month-to-month,Basic,26.41,528.2,Electronic check,7,1.2,1,3,15,53.54,1
C-02549,7,Month-to-month,Premium,95.62,669.34,Bank transfer,2,25.32,0,1,17,2193.86,0
C-02550,4,Month-to-month,Standard,63.03,252.12,Mailed check,11,2.58,1,0,68,165.1,1
C-02551,1,Month-to-month,Premium,94.5,94.5,Bank transfer,10,11.01,1,3,24,262.27,1
C-02552,4,Month-to-month,Standard,64.83,259.32,Credit card,3,19.18,1,1,2,835.9,0
C-02553,49,Two-year,Standard,61.54,3015.46,Credit card,2,17.2,0,1,16,3551.29,0
C-02554,41,Two-year,Standard,55.26,2265.66,Electronic check,2,4.44,1,0,10,3371.97,0
C-02555,5,Month-to-month,Standard,57.6,288.0,Bank transfer,1,4.47,1,1,15,238.32,1
C-02556,60,Two-year,Standard,69.18,4150.8,Bank transfer,4,18.44,1,1,10,3663.93,0
C-02557,10,One-year,Basic,33.23,332.3,Electronic check,2,0.56,0,1,213,95.45,1
C-02558,6,Month-to-month,Standard,67.62,405.72,Bank transfer,3,4.76,0,4,84,160.11,1
C-02559,1,Month-to-month,Standard,49.47,49.47,Mailed check,10,6.43,1,2,53,123.98,1
C-02560,24,One-year,Premium,96.75,2322.0,Bank transfer,0,16.04,1,0,8,3747.49,0
C-02561,22,One-year,Standard,67.72,1489.84,Electronic check,1,7.18,0,1,4,1154.82,0
C-02562,19,One-year,Standard,53.07,1008.33,Credit card,0,14.16,1,0,6,1717.03,0
C-02563,16,Month-to-month,Basic,39.35,629.6,Electronic check,34,0.41,0,1,8,88.97,1
C-02564,3,Month-to-month,Standard,47.43,142.29,Mailed check,20,16.2,0,0,3,681.31,0
C-02565,21,Month-to-month,Standard,67.57,1418.97,Bank transfer,1,19.75,1,0,7,593.85,0
C-02566,1,Month-to-month,Premium,95.03,95.03,Electronic check,7,43.46,1,0,13,1446.14,0
C-02567,28,Month-to-month,Premium,78.32,2192.96,Electronic check,13,16.44,1,2,18,176.45,1
C-02568,8,Month-to-month,Basic,37.59,300.72,Credit card,8,0.31,0,3,104,68.81,1
C-02569,29,Two-year,Premium,86.34,2503.86,Bank transfer,2,26.81,1,0,1,4389.56,0
C-02570,29,Two-year,Basic,20.45,593.05,Credit card,0,2.36,0,1,1,791.18,0
C-02571,15,Month-to-month,Basic,22.72,340.8,Mailed check,13,0.45,0,4,9,48.22,1
C-02572,56,Two-year,Standard,61.48,3442.88,Electronic check,6,12.49,1,1,4,3161.65,0
C-02573,1,Month-to-month,Basic,39.56,39.56,Credit card,9,0.22,0,3,68,39.2,1
C-02574,1,Month-to-month,Standard,47.79,47.79,Credit card,2,10.21,1,0,19,467.79,0
C-02575,5,Month-to-month,Basic,29.24,146.2,Bank transfer,8,0.18,0,0,61,77.2,1
C-02576,27,One-year,Basic,23.61,637.47,Credit card,3,0.47,0,1,57,49.72,1
C-02577,48,Two-year,Standard,63.63,3054.24,Credit card,1,14.01,0,1,0,2406.23,0
C-02578,45,One-year,Standard,47.95,2157.75,Bank transfer,3,8.01,1,1,2,1279.54,0
C-02579,1,Month-to-month,Premium,85.79,85.79,Bank transfer,10,6.98,1,5,11,204.03,1
C-02580,29,One-year,Standard,49.91,1447.39,Credit card,0,7.91,1,1,4,1130.04,0
C-02581,18,Month-to-month,Standard,58.81,1058.58,Electronic check,14,6.21,0,2,32,190.26,1
C-02582,48,Two-year,Basic,37.46,1798.08,Mailed check,1,1.79,0,1,1,2008.03,0
C-02583,33,One-year,Basic,30.22,997.26,Electronic check,2,0.76,0,0,0,1107.19,0
C-02584,6,Month-to-month,Basic,21.16,126.96,Electronic check,15,0.51,0,3,15,45.23,1
C-02585,13,One-year,Standard,59.08,768.04,Credit card,1,2.46,0,0,7,2060.27,0
C-02586,35,One-year,Standard,64.94,2272.9,Credit card,5,3.77,1,0,3,3047.38,0
C-02587,9,Month-to-month,Standard,48.3,434.7,Credit card,13,2.78,0,1,17,79.6,1
C-02588,8,One-year,Standard,46.82,374.56,Electronic check,4,4.93,1,4,2,1259.49,0
C-02589,3,Month-to-month,Standard,49.7,149.1,Mailed check,7,6.51,0,1,5,1522.56,0
C-02590,34,One-year,Basic,34.92,1187.28,Electronic check,7,1.2,0,0,0,1410.91,0
C-02591,56,Two-year,Basic,31.83,1782.48,Mailed check,6,1.0,1,0,6,1473.11,0
C-02592,23,Two-year,Premium,99.33,2284.59,Bank transfer,0,53.03,1,0,0,3988.58,0
C-02593,11,One-year,Standard,51.24,563.64,Bank transfer,3,1.64,1,0,18,85.45,1
C-02594,20,One-year,Premium,89.95,1799.0,Bank transfer,2,8.04,1,0,3,4161.95,0
C-02595,14,Month-to-month,Basic,39.32,550.48,Credit card,1,0.31,0,3,18,81.48,1
C-02596,17,One-year,Premium,85.83,1459.11,Credit card,3,13.98,1,1,18,3298.56,0
C-02597,4,Month-to-month,Basic,38.03,152.12,Electronic check,13,0.62,1,5,15,83.38,1
C-02598,21,Month-to-month,Basic,31.61,663.81,Bank transfer,1,0.89,0,0,18,71.36,1
C-02599,14,Month-to-month,Premium,80.55,1127.7,Bank transfer,1,19.61,1,2,1,1737.18,0
C-02600,3,Month-to-month,Basic,29.35,88.05,Bank transfer,0,0.54,1,1,15,55.89,1
C-02601,24,One-year,Standard,68.71,1649.04,Credit card,0,11.8,0,0,0,1920.91,0
C-02602,27,Month-to-month,Basic,28.37,765.99,Bank transfer,2,0.98,0,0,27,92.65,1
C-02603,8,One-year,Standard,66.58,532.64,Bank transfer,4,4.36,0,5,19,121.63,1
C-02604,7,Month-to-month,Premium,86.54,605.78,Bank transfer,0,2.36,1,5,57,209.48,1
C-02605,15,Month-to-month,Basic,31.42,471.3,Electronic check,15,1.15,0,2,0,768.52,0
C-02606,16,One-year,Standard,66.1,1057.6,Bank transfer,8,3.47,0,0,57,162.43,1
C-02607,18,Month-to-month,Basic,38.41,691.38,Bank transfer,0,1.78,0,1,2,866.92,0
C-02608,5,Month-to-month,Standard,57.15,285.75,Mailed check,0,7.42,1,1,0,469.6,0
C-02609,14,One-year,Basic,32.79,459.06,Mailed check,2,1.23,0,0,2,1045.21,0
C-02610,1,Month-to-month,Basic,20.06,20.06,Mailed check,4,1.0,0,0,1,516.05,0
C-02611,39,Two-year,Basic,25.06,977.34,Credit card,5,5.5,1,1,16,1768.42,0
C-02612,10,Month-to-month,Basic,25.57,255.7,Credit card,3,0.63,0,3,71,75.01,1
C-02613,1,Month-to-month,Premium,79.21,79.21,Credit card,0,33.82,1,1,4,1549.23,0
C-02614,26,One-year,Basic,25.59,665.34,Credit card,2,2.02,0,0,19,888.26,0
C-02615,2,Month-to-month,Basic,26.42,52.84,Mailed check,4,0.72,0,2,62,68.24,1
C-02616,7,Month-to-month,Standard,69.22,484.54,Bank transfer,1,8.69,1,1,1,400.21,0
C-02617,2,Month-to-month,Basic,33.37,66.74,Credit card,5,0.48,0,3,9,35.94,1
C-02618,5,Month-to-month,Standard,55.65,278.25,Credit card,0,1.15,0,1,19,117.7,1
C-02619,59,Two-year,Premium,119.46,7048.14,Credit card,2,29.76,1,1,5,5641.38,0
C-02620,16,Month-to-month,Standard,48.83,781.28,Bank transfer,0,10.1,1,0,5,769.07,0
C-02621,14,One-year,Premium,96.42,1349.88,Electronic check,2,39.22,1,0,7,3192.2,0
C-02622,40,Two-year,Standard,61.18,2447.2,Mailed check,4,14.03,0,0,1,3244.98,0
C-02623,12,Month-to-month,Basic,21.11,253.32,Mailed check,12,0.57,1,2,109,16.31,1
C-02624,47,Two-year,Standard,62.92,2957.24,Credit card,2,17.81,0,0,4,2155.97,0
C-02625,6,Month-to-month,Standard,47.5,285.0,Credit card,1,14.28,0,2,3,736.79,0
C-02626,34,Two-year,Standard,48.51,1649.34,Credit card,1,13.66,1,1,1,2601.58,0
C-02627,6,Month-to-month,Premium,82.19,493.14,Bank transfer,4,32.91,1,5,57,150.87,1
C-02628,27,One-year,Standard,68.22,1841.94,Mailed check,4,30.76,1,0,17,1751.28,0
C-02629,1,Month-to-month,Premium,105.75,105.75,Bank transfer,4,34.64,1,1,1,2810.47,0
C-02630,3,Month-to-month,Standard,61.39,184.17,Electronic check,18,12.67,0,3,12,1350.69,0
C-02631,30,One-year,Standard,58.89,1766.7,Bank transfer,1,17.27,1,0,12,1684.18,0
C-02632,37,One-year,Standard,52.32,1935.84,Credit card,0,6.36,0,0,1,2325.66,0
C-02633,9,Month-to-month,Basic,32.42,291.78,Credit card,1,0.68,0,2,36,67.46,1
C-02634,14,Month-to-month,Premium,93.46,1308.44,Bank transfer,0,34.35,0,0,5,2217.98,0
C-02635,26,One-year,Standard,48.64,1264.64,Electronic check,4,1.83,1,1,37,59.85,1
C-02636,31,One-year,Basic,33.79,1047.49,Credit card,0,2.71,1,4,2,635.86,0
C-02637,53,Two-year,Basic,22.59,1197.27,Electronic check,7,2.18,0,1,6,902.26,0
C-02638,27,One-year,Standard,49.77,1343.79,Electronic check,0,5.4,0,0,1,1706.59,0
C-02639,52,Two-year,Basic,36.35,1890.2,Bank transfer,4,2.04,0,0,1,1698.35,0
C-02640,18,One-year,Basic,33.2,597.6,Electronic check,1,3.87,1,0,10,950.6,0
C-02641,12,Month-to-month,Standard,60.77,729.24,Bank transfer,1,9.48,1,0,0,1179.65,0
C-02642,20,Month-to-month,Basic,28.36,567.2,Electronic check,20,0.32,1,2,78,60.18,1
C-02643,4,One-year,Standard,54.91,219.64,Electronic check,1,10.99,0,0,9,2187.27,0
C-02644,16,One-year,Basic,33.81,540.96,Mailed check,27,2.53,0,0,2,864.15,0
C-02645,26,Month-to-month,Basic,34.8,904.8,Credit card,0,1.71,0,2,3,329.39,0
C-02646,8,Month-to-month,Standard,57.76,462.08,Bank transfer,5,5.03,1,2,108,191.11,1
C-02647,29,Two-year,Standard,69.23,2007.67,Credit card,7,4.81,1,0,12,2999.47,0
C-02648,28,One-year,Basic,39.11,1095.08,Credit card,0,1.35,0,1,9,1550.15,0
C-02649,46,Month-to-month,Basic,28.25,1299.5,Electronic check,10,1.44,0,0,5,576.83,0
C-02650,17,Month-to-month,Standard,65.52,1113.84,Mailed check,2,11.96,0,1,2,1756.98,0
C-02651,13,Month-to-month,Basic,30.87,401.31,Bank transfer,0,2.18,0,1,4,440.37,0
C-02652,2,Month-to-month,Basic,30.24,60.48,Credit card,16,0.97,0,5,43,81.55,1
C-02653,20,Month-to-month,Basic,21.1,422.0,Credit card,11,1.17,1,1,13,37.46,1
C-02654,7,Month-to-month,Premium,100.83,705.81,Bank transfer,1,29.65,1,0,0,1410.33,0
C-02655,15,One-year,Standard,67.51,1012.65,Credit card,1,7.58,1,0,0,2933.16,0
C-02656,22,Month-to-month,Standard,64.5,1419.0,Credit card,10,1.75,0,0,17,90.5,1
C-02657,37,Two-year,Standard,64.66,2392.42,Electronic check,2,5.52,0,1,3,2592.28,0
C-02658,40,Two-year,Standard,49.0,1960.0,Credit card,6,3.74,1,1,0,1804.31,0
C-02659,6,Month-to-month,Standard,53.96,323.76,Bank transfer,0,3.67,1,5,31,88.6,1
C-02660,31,One-year,Standard,50.83,1575.73,Electronic check,0,5.38,0,0,1,1589.33,0
C-02661,31,Month-to-month,Basic,26.32,815.92,Credit card,2,1.57,1,1,0,448.02,0
C-02662,32,Two-year,Standard,59.49,1903.68,Bank transfer,3,8.36,1,0,3,3086.73,0
C-02663,11,Month-to-month,Standard,54.12,595.32,Electronic check,11,6.86,0,4,10,39.83,1
C-02664,23,One-year,Standard,59.02,1357.46,Electronic check,4,15.76,0,0,3,1752.15,0
C-02665,31,One-year,Basic,28.77,891.87,Bank transfer,0,1.96,0,1,14,535.1,0
C-02666,14,Month-to-month,Basic,25.73,360.22,Credit card,0,3.79,0,0,0,395.19,0
C-02667,18,Month-to-month,Standard,47.39,853.02,Electronic check,5,1.48,0,1,12,85.76,1
C-02668,24,One-year,Standard,67.3,1615.2,Electronic check,3,27.84,1,1,0,2002.08,0
C-02669,38,One-year,Premium,75.51,2869.38,Credit card,0,34.68,1,2,2,2482.23,0
C-02670,9,Month-to-month,Basic,20.03,180.27,Credit card,1,2.12,0,1,3,208.88,0
C-02671,15,One-year,Standard,65.67,985.05,Credit card,2,5.29,1,0,2,1734.44,0
C-02672,16,Month-to-month,Standard,69.92,1118.72,Credit card,2,1.21,0,1,73,267.67,1
C-02673,30,One-year,Premium,107.72,3231.6,Bank transfer,0,33.27,1,0,8,3164.11,0
C-02674,30,Month-to-month,Standard,45.38,1361.4,Credit card,1,13.19,0,1,10,764.33,0
C-02675,60,Two-year,Standard,50.67,3040.2,Credit card,0,13.48,0,0,0,1457.23,0
C-02676,13,Month-to-month,Standard,69.3,900.9,Electronic check,0,5.83,1,2,1,1316.99,0
C-02677,10,Month-to-month,Standard,65.22,652.2,Credit card,3,5.17,1,1,3,552.64,0
C-02678,7,Month-to-month,Premium,100.51,703.57,Electronic check,46,4.29,1,2,72,50.26,1
C-02679,21,Month-to-month,Basic,24.74,519.54,Electronic check,8,2.96,0,1,34,510.61,0
C-02680,21,One-year,Basic,20.29,426.09,Credit card,0,2.02,0,1,1,679.18,0
C-02681,5,Month-to-month,Premium,75.94,379.7,Electronic check,14,51.46,1,0,8,631.52,0
C-02682,50,Two-year,Standard,60.3,3015.0,Electronic check,0,9.21,1,0,5,2047.08,0
C-02683,1,Month-to-month,Standard,45.55,45.55,Bank transfer,3,9.02,1,0,6,606.16,0
C-02684,1,Month-to-month,Standard,69.84,69.84,Credit card,0,7.23,1,2,24,248.19,1
C-02685,27,Month-to-month,Basic,23.67,639.09,Bank transfer,1,1.21,0,0,26,52.63,1
C-02686,1,Month-to-month,Standard,62.77,62.77,Mailed check,13,1.59,1,3,30,154.49,1
C-02687,16,Month-to-month,Standard,48.88,782.08,Bank transfer,0,2.08,1,1,173,145.83,1
C-02688,17,Month-to-month,Basic,30.8,523.6,Credit card,4,0.77,0,4,66,99.13,1
C-02689,12,Month-to-month,Basic,21.61,259.32,Electronic check,35,3.99,0,3,38,45.72,1
C-02690,1,Month-to-month,Premium,109.51,109.51,Bank transfer,1,7.29,0,4,41,259.04,1
C-02691,27,One-year,Basic,31.7,855.9,Bank transfer,1,1.89,0,0,3,955.26,0
C-02692,29,One-year,Premium,78.88,2287.52,Electronic check,13,33.42,0,1,30,1120.19,0
C-02693,5,Month-to-month,Basic,36.97,184.85,Bank transfer,7,1.25,0,4,17,82.49,1
C-02694,5,Month-to-month,Standard,58.68,293.4,Electronic check,2,4.41,1,0,27,91.72,1
C-02695,45,Two-year,Premium,116.47,5241.15,Electronic check,28,43.91,1,4,5,2182.4,0
C-02696,17,One-year,Standard,67.92,1154.64,Bank transfer,0,4.41,0,0,1,1614.27,0
C-02697,23,One-year,Standard,68.01,1564.23,Credit card,1,5.7,0,0,15,1771.36,0
C-02698,22,Month-to-month,Standard,46.94,1032.68,Electronic check,9,18.13,1,0,3,1102.81,0
C-02699,36,One-year,Basic,22.42,807.12,Mailed check,0,2.02,0,0,0,644.22,0
C-02700,28,One-year,Basic,39.75,1113.0,Credit card,2,1.07,0,2,0,954.8,0
C-02701,28,One-year,Premium,96.94,2714.32,Bank transfer,0,12.66,1,0,6,1882.62,0
C-02702,31,Two-year,Standard,50.96,1579.76,Credit card,0,5.55,1,0,2,2328.09,0
C-02703,10,Month-to-month,Standard,64.24,642.4,Electronic check,5,4.43,1,2,90,135.82,1
C-02704,23,Month-to-month,Basic,25.29,581.67,Electronic check,20,2.54,1,1,1,538.9,0
C-02705,11,One-year,Basic,34.54,379.94,Credit card,4,1.71,0,0,0,1261.08,0
C-02706,56,Two-year,Basic,36.75,2058.0,Mailed check,2,2.44,0,1,6,1237.35,0
C-02707,1,Month-to-month,Standard,64.61,64.61,Credit card,2,1.39,1,0,12,141.91,1
C-02708,11,Month-to-month,Standard,51.85,570.35,Electronic check,8,4.91,1,3,31,96.51,1
C-02709,3,Month-to-month,Standard,55.04,165.12,Bank transfer,3,12.9,0,4,14,98.49,1
C-02710,6,Month-to-month,Premium,93.6,561.6,Credit card,4,20.16,0,0,1,1795.93,0
C-02711,28,One-year,Basic,29.83,835.24,Credit card,6,2.56,1,0,1,1301.66,0
C-02712,26,One-year,Basic,23.35,607.1,Credit card,2,2.46,1,0,10,644.55,0
C-02713,17,Month-to-month,Basic,29.05,493.85,Electronic check,6,0.9,0,0,11,60.45,1
C-02714,5,Month-to-month,Standard,57.77,288.85,Bank transfer,3,4.12,0,1,62,69.24,1
C-02715,4,Month-to-month,Basic,30.63,122.52,Credit card,0,0.63,0,1,21,34.09,1
C-02716,2,Month-to-month,Premium,111.9,223.8,Credit card,9,3.16,1,2,22,120.11,1
C-02717,17,One-year,Basic,30.35,515.95,Credit card,1,3.89,0,0,4,522.14,0
C-02718,39,Two-year,Premium,85.39,3330.21,Electronic check,11,27.14,1,0,7,3522.96,0
C-02719,42,Two-year,Standard,61.58,2586.36,Electronic check,2,7.16,0,0,1,4040.34,0
C-02720,1,Month-to-month,Premium,110.88,110.88,Credit card,0,83.23,1,1,2,1463.06,0
C-02721,46,Two-year,Standard,52.98,2437.08,Bank transfer,0,8.42,1,2,7,2361.86,0
C-02722,29,One-year,Premium,104.04,3017.16,Credit card,6,27.87,1,0,8,1939.49,0
C-02723,7,One-year,Basic,22.94,160.58,Mailed check,21,1.07,0,1,25,41.77,1
C-02724,7,Month-to-month,Standard,53.55,374.85,Mailed check,0,8.35,1,0,12,613.54,0
C-02725,1,Month-to-month,Premium,115.92,115.92,Electronic check,15,9.75,0,2,15,199.76,1
C-02726,30,Month-to-month,Basic,38.23,1146.9,Mailed check,6,1.32,0,2,8,607.18,0
C-02727,3,Month-to-month,Basic,31.51,94.53,Electronic check,4,0.76,0,3,28,59.98,1
C-02728,1,Month-to-month,Standard,62.56,62.56,Electronic check,14,1.14,1,1,16,180.5,1
C-02729,1,Month-to-month,Premium,113.43,113.43,Bank transfer,6,2.55,1,4,37,388.67,1
C-02730,8,Month-to-month,Standard,68.96,551.68,Credit card,2,8.34,1,3,50,235.75,1
C-02731,35,One-year,Standard,57.25,2003.75,Credit card,2,4.25,1,0,7,1766.91,0
C-02732,1,Month-to-month,Basic,31.23,31.23,Credit card,9,0.34,0,3,16,66.78,1
C-02733,3,Month-to-month,Basic,28.31,84.93,Bank transfer,5,0.48,0,1,47,58.74,1
C-02734,27,Two-year,Premium,78.24,2112.48,Credit card,0,58.56,1,0,2,4357.28,0
C-02735,30,Two-year,Basic,28.46,853.8,Credit card,3,0.82,0,0,0,1169.91,0
C-02736,21,One-year,Standard,64.77,1360.17,Bank transfer,1,5.09,1,0,9,1415.83,0
C-02737,33,Two-year,Premium,111.22,3670.26,Credit card,1,11.83,1,1,8,3108.92,0
C-02738,24,One-year,Basic,37.85,908.4,Bank transfer,0,1.76,0,1,4,1405.47,0
C-02739,42,Two-year,Standard,46.29,1944.18,Mailed check,0,6.95,1,0,3,2325.6,0
C-02740,2,Month-to-month,Basic,30.54,61.08,Electronic check,2,1.58,0,0,3,399.2,0
C-02741,1,Month-to-month,Standard,47.69,47.69,Electronic check,0,27.49,1,0,0,1317.78,0
C-02742,5,Month-to-month,Basic,24.01,120.05,Bank transfer,0,0.51,0,3,19,35.32,1
C-02743,24,Month-to-month,Standard,67.51,1620.24,Bank transfer,2,8.49,1,0,1,1826.18,0
C-02744,12,Month-to-month,Basic,29.94,359.28,Credit card,0,0.81,0,3,29,39.0,1
C-02745,19,One-year,Standard,63.96,1215.24,Mailed check,31,1.49,1,4,73,137.2,1
C-02746,25,One-year,Standard,46.61,1165.25,Credit card,2,12.08,0,0,3,1562.31,0
C-02747,25,One-year,Basic,28.34,708.5,Credit card,0,1.65,0,0,4,729.71,0
C-02748,35,Month-to-month,Standard,61.86,2165.1,Electronic check,7,5.45,0,1,35,59.84,1
C-02749,47,Two-year,Basic,22.67,1065.49,Credit card,0,1.91,1,0,1,1095.29,0
C-02750,35,One-year,Standard,53.15,1860.25,Bank transfer,1,2.64,1,0,2,1264.33,0
C-02751,4,Month-to-month,Basic,21.29,85.16,Credit card,5,0.85,0,3,7,15.61,1
C-02752,28,One-year,Standard,61.28,1715.84,Credit card,0,31.26,0,0,0,948.8,0
C-02753,52,Month-to-month,Basic,39.42,2049.84,Credit card,1,0.81,0,1,39,84.72,1
C-02754,6,Month-to-month,Standard,65.68,394.08,Credit card,4,2.66,0,2,86,32.84,1
C-02755,32,Two-year,Basic,39.49,1263.68,Electronic check,0,4.28,0,2,0,1779.94,0
C-02756,12,Month-to-month,Standard,66.14,793.68,Electronic check,3,7.42,0,1,27,172.33,1
C-02757,6,Month-to-month,Basic,37.1,222.6,Bank transfer,0,0.42,0,3,74,29.29,1
C-02758,22,Two-year,Premium,100.97,2221.34,Mailed check,19,21.99,1,0,0,3481.08,0
C-02759,12,One-year,Premium,98.32,1179.84,Credit card,0,23.57,1,1,13,3196.41,0
C-02760,7,Month-to-month,Basic,28.13,196.91,Credit card,0,0.87,0,2,5,58.0,0
C-02761,4,Month-to-month,Standard,65.45,261.8,Credit card,1,7.58,1,0,4,1149.93,0
C-02762,13,Month-to-month,Basic,23.64,307.32,Bank transfer,7,1.69,0,2,57,37.94,1
C-02763,26,One-year,Basic,21.12,549.12,Bank transfer,1,1.85,0,1,1,876.64,0
C-02764,4,Month-to-month,Standard,68.7,274.8,Bank transfer,0,4.84,1,2,2,1894.23,0
C-02765,3,Month-to-month,Standard,45.09,135.27,Electronic check,16,2.88,0,0,83,101.95,1
C-02766,39,Two-year,Standard,69.42,2707.38,Bank transfer,1,6.05,1,0,1,2841.73,0
C-02767,16,One-year,Basic,34.58,553.28,Bank transfer,0,1.95,0,0,18,1058.28,0
C-02768,1,Month-to-month,Basic,26.57,26.57,Mailed check,9,1.07,0,1,8,617.19,0
C-02769,32,One-year,Basic,33.96,1086.72,Credit card,1,1.2,1,2,2,1207.82,0
C-02770,35,One-year,Standard,65.45,2290.75,Bank transfer,0,14.05,1,0,10,726.9,0
C-02771,3,Month-to-month,Standard,51.13,153.39,Electronic check,6,4.82,0,0,135,41.85,1
C-02772,9,Month-to-month,Standard,64.27,578.43,Bank transfer,0,1.4,1,0,23,167.05,1
C-02773,33,Two-year,Basic,36.09,1190.97,Credit card,1,2.14,0,1,9,1267.23,0
C-02774,10,Month-to-month,Basic,24.99,249.9,Bank transfer,0,1.49,0,4,4,499.51,0
C-02775,27,One-year,Basic,20.84,562.68,Bank transfer,1,1.36,1,1,4,760.51,0
C-02776,5,Month-to-month,Basic,24.08,120.4,Bank transfer,2,0.99,1,3,23,59.55,1
C-02777,1,Month-to-month,Basic,24.01,24.01,Credit card,5,1.51,0,2,17,57.15,1
C-02778,3,Month-to-month,Premium,77.94,233.82,Mailed check,15,5.64,1,5,42,124.98,1
C-02779,5,Month-to-month,Premium,107.67,538.35,Electronic check,14,13.29,1,3,69,95.93,1
C-02780,12,Month-to-month,Standard,54.5,654.0,Bank transfer,5,2.1,0,1,9,187.06,1
C-02781,1,Month-to-month,Standard,67.11,67.11,Electronic check,32,6.22,0,3,37,33.56,1
C-02782,44,Two-year,Basic,25.04,1101.76,Mailed check,3,1.35,1,0,4,1229.96,0
C-02783,52,Two-year,Premium,95.4,4960.8,Credit card,0,37.76,1,1,17,4034.36,0
C-02784,18,One-year,Basic,32.78,590.04,Credit card,0,2.4,0,3,1,1329.71,0
C-02785,53,Two-year,Premium,114.49,6067.97,Bank transfer,0,21.51,1,0,3,5526.47,0
C-02786,16,Month-to-month,Standard,58.12,929.92,Electronic check,2,1.87,0,3,11,75.31,1
C-02787,50,Two-year,Basic,27.47,1373.5,Credit card,0,3.07,0,0,23,1187.6,0
C-02788,15,Month-to-month,Premium,114.02,1710.3,Mailed check,6,22.75,1,2,1,2655.13,0
C-02789,35,Two-year,Basic,26.2,917.0,Bank transfer,4,1.42,0,0,9,1535.81,0
C-02790,60,Two-year,Standard,46.99,2819.4,Bank transfer,4,7.17,0,1,1,2557.16,0
C-02791,24,One-year,Standard,56.13,1347.12,Credit card,2,14.32,0,0,11,1729.26,0
C-02792,45,Two-year,Basic,35.7,1606.5,Credit card,0,0.9,1,0,4,1364.77,0
C-02793,18,One-year,Standard,45.77,823.86,Electronic check,15,1.81,1,1,80,64.58,1
C-02794,11,Month-to-month,Standard,59.65,656.15,Mailed check,20,5.85,0,2,78,140.99,1
C-02795,25,Month-to-month,Standard,59.86,1496.5,Bank transfer,3,8.16,1,3,7,1439.58,0
C-02796,16,One-year,Basic,38.57,617.12,Mailed check,10,2.31,0,0,0,697.37,0
C-02797,1,Month-to-month,Premium,87.89,87.89,Electronic check,3,12.57,1,1,18,55.2,1
C-02798,22,One-year,Basic,25.58,562.76,Bank transfer,0,3.15,0,0,2,723.58,0
C-02799,46,Two-year,Basic,28.81,1325.26,Electronic check,14,1.62,0,0,6,1447.6,0
C-02800,4,Month-to-month,Basic,27.14,108.56,Bank transfer,2,0.44,0,0,15,57.71,1
C-02801,13,One-year,Basic,34.73,451.49,Bank transfer,4,0.9,0,5,14,84.11,1
C-02802,53,Two-year,Basic,32.84,1740.52,Credit card,1,3.22,0,0,1,1397.72,0
C-02803,35,Two-year,Premium,109.15,3820.25,Electronic check,0,23.48,0,1,0,6578.57,0
C-02804,38,Two-year,Basic,36.4,1383.2,Credit card,4,1.96,0,1,3,2295.66,0
C-02805,35,One-year,Basic,38.46,1346.1,Electronic check,2,2.3,0,1,5,1314.95,0
C-02806,30,Two-year,Basic,28.62,858.6,Electronic check,0,3.99,1,2,5,1224.83,0
C-02807,18,One-year,Standard,69.62,1253.16,Credit card,10,17.13,1,2,19,530.1,0
C-02808,8,Month-to-month,Premium,84.7,677.6,Credit card,2,15.1,1,0,39,123.6,1
C-02809,8,Month-to-month,Basic,34.29,274.32,Bank transfer,4,0.56,0,4,74,72.07,1
C-02810,17,One-year,Basic,30.68,521.56,Bank transfer,0,1.76,0,0,7,1074.9,0
C-02811,14,Month-to-month,Basic,36.34,508.76,Credit card,2,1.8,0,0,0,575.13,0
C-02812,30,One-year,Basic,29.54,886.2,Bank transfer,0,4.09,1,1,15,858.96,0
C-02813,33,One-year,Basic,35.68,1177.44,Credit card,1,1.79,0,0,16,1550.38,0
C-02814,5,Month-to-month,Standard,68.25,341.25,Credit card,1,9.16,0,2,21,76.05,1
C-02815,26,One-year,Basic,34.65,900.9,Credit card,6,1.51,1,1,3,575.16,0
C-02816,30,One-year,Standard,64.4,1932.0,Credit card,0,3.04,0,0,87,32.2,1
C-02817,46,Month-to-month,Basic,21.34,981.64,Electronic check,1,2.56,0,0,4,505.33,0
C-02818,17,Month-to-month,Premium,84.22,1431.74,Mailed check,28,8.18,1,5,29,77.68,1
C-02819,1,Month-to-month,Premium,118.84,118.84,Bank transfer,4,7.08,1,2,28,203.27,1
C-02820,3,Month-to-month,Standard,62.33,186.99,Bank transfer,1,1.94,1,0,3,1425.16,0
C-02821,58,Two-year,Basic,31.23,1811.34,Credit card,2,0.92,1,2,11,1979.19,0
C-02822,7,Month-to-month,Basic,27.34,191.38,Bank transfer,4,0.51,0,4,31,55.59,1
C-02823,28,One-year,Standard,46.11,1291.08,Credit card,3,0.67,1,0,63,54.83,1
C-02824,15,Month-to-month,Standard,54.23,813.45,Bank transfer,4,5.37,1,0,2,1086.65,0
C-02825,3,Month-to-month,Standard,57.47,172.41,Mailed check,5,4.04,0,4,236,65.82,1
C-02826,59,Two-year,Premium,84.52,4986.68,Credit card,0,7.21,1,0,0,3990.43,0
C-02827,29,One-year,Premium,82.79,2400.91,Electronic check,6,20.29,1,0,8,1551.88,0
C-02828,3,Month-to-month,Basic,30.17,90.51,Credit card,7,0.52,0,1,60,39.94,1
C-02829,9,Month-to-month,Standard,59.65,536.85,Bank transfer,1,3.67,1,1,3,1876.29,0
C-02830,1,Month-to-month,Basic,24.8,24.8,Credit card,13,0.64,0,1,39,70.79,1
C-02831,1,Month-to-month,Basic,31.75,31.75,Bank transfer,4,0.6,0,2,46,46.2,1
C-02832,16,One-year,Standard,67.51,1080.16,Credit card,0,11.96,0,0,0,1783.4,0
C-02833,11,Month-to-month,Basic,29.46,324.06,Bank transfer,2,1.41,0,1,34,75.79,1
C-02834,17,Month-to-month,Premium,113.58,1930.86,Bank transfer,2,20.45,1,0,1,1759.0,0
C-02835,19,Month-to-month,Basic,38.55,732.45,Credit card,0,1.49,0,0,4,974.08,0
C-02836,56,Two-year,Standard,47.31,2649.36,Electronic check,3,7.04,1,2,4,1525.66,0
C-02837,41,Two-year,Standard,47.4,1943.4,Mailed check,15,4.64,1,2,4,2240.75,0
C-02838,13,Month-to-month,Standard,56.9,739.7,Bank transfer,1,2.29,0,3,17,77.15,1
C-02839,13,One-year,Basic,31.76,412.88,Credit card,6,0.3,0,2,67,69.96,1
C-02840,14,Month-to-month,Premium,94.16,1318.24,Credit card,4,6.35,1,1,58,197.17,1
C-02841,15,Month-to-month,Standard,53.16,797.4,Mailed check,14,24.03,0,0,2,963.89,0
C-02842,18,One-year,Standard,61.02,1098.36,Bank transfer,0,5.96,1,0,4,2037.23,0
C-02843,36,Two-year,Basic,20.04,721.44,Bank transfer,3,0.46,0,1,0,1016.35,0
C-02844,57,Two-year,Standard,69.2,3944.4,Credit card,0,6.35,1,0,1,2531.23,0
C-02845,28,One-year,Premium,85.44,2392.32,Bank transfer,2,11.08,0,3,3,2485.1,0
C-02846,3,Month-to-month,Standard,67.93,203.79,Credit card,23,1.82,0,3,28,129.82,1
C-02847,26,One-year,Premium,79.91,2077.66,Mailed check,2,23.95,1,4,6,2363.97,0
C-02848,3,Month-to-month,Standard,50.95,152.85,Mailed check,9,1.96,0,2,59,191.42,1
C-02849,19,One-year,Basic,24.7,469.3,Credit card,0,1.97,0,0,2,746.25,0
C-02850,1,Month-to-month,Basic,39.92,39.92,Bank transfer,0,1.67,0,0,10,1110.47,0
C-02851,20,One-year,Basic,20.09,401.8,Credit card,1,0.37,0,2,22,10.04,1
C-02852,8,Month-to-month,Standard,60.99,487.92,Bank transfer,7,1.72,1,5,15,93.31,1
C-02853,4,Month-to-month,Standard,66.74,266.96,Mailed check,21,3.0,1,0,35,119.9,1
C-02854,33,Two-year,Basic,33.45,1103.85,Bank transfer,5,4.99,0,0,7,2120.93,0
C-02855,1,Month-to-month,Standard,54.07,54.07,Credit card,6,1.79,0,1,28,27.04,1
C-02856,21,One-year,Standard,68.96,1448.16,Credit card,2,8.35,1,4,3,2602.97,0
C-02857,10,Month-to-month,Standard,67.34,673.4,Electronic check,11,12.19,1,0,1,1427.69,0
C-02858,1,Month-to-month,Basic,28.68,28.68,Bank transfer,4,1.98,0,3,80,69.68,1
C-02859,8,Month-to-month,Basic,31.47,251.76,Bank transfer,2,0.82,0,1,17,57.77,1
C-02860,1,Month-to-month,Basic,39.35,39.35,Credit card,3,0.81,0,4,15,83.56,1
C-02861,36,Two-year,Basic,39.65,1427.4,Credit card,0,1.33,0,0,1,1882.2,0
C-02862,2,Month-to-month,Basic,29.0,58.0,Mailed check,13,1.28,0,1,55,42.19,1
C-02863,37,Two-year,Basic,36.95,1367.15,Bank transfer,1,3.27,0,1,2,2105.45,0
C-02864,40,One-year,Standard,52.55,2102.0,Bank transfer,0,4.16,0,1,1,1609.91,0
C-02865,17,Month-to-month,Basic,27.44,466.48,Bank transfer,0,1.55,0,0,2,364.51,0
C-02866,32,One-year,Premium,82.42,2637.44,Electronic check,0,39.54,1,1,19,2742.32,0
C-02867,17,One-year,Basic,24.18,411.06,Credit card,4,1.3,0,1,30,44.27,1
C-02868,17,One-year,Basic,33.14,563.38,Credit card,0,3.38,0,2,8,875.17,0
C-02869,3,Month-to-month,Basic,30.22,90.66,Bank transfer,11,0.74,0,0,57,19.41,1
C-02870,1,Month-to-month,Basic,24.62,24.62,Electronic check,0,1.7,0,0,8,365.73,0
C-02871,25,Two-year,Premium,93.13,2328.25,Electronic check,7,73.67,1,0,17,3934.85,0
C-02872,42,Two-year,Basic,27.46,1153.32,Mailed check,14,2.16,1,0,13,1401.44,0
C-02873,48,Two-year,Premium,119.43,5732.64,Bank transfer,1,5.32,1,0,0,5272.87,0
C-02874,15,Month-to-month,Premium,113.41,1701.15,Credit card,2,21.3,1,0,3,3867.5,0
C-02875,25,One-year,Standard,54.7,1367.5,Mailed check,10,6.81,1,0,7,969.08,0
C-02876,1,Month-to-month,Standard,67.85,67.85,Bank transfer,0,14.54,0,0,21,713.93,0
C-02877,10,Month-to-month,Standard,53.57,535.7,Bank transfer,0,6.88,0,0,0,790.67,0
C-02878,1,Month-to-month,Basic,33.36,33.36,Electronic check,17,1.34,0,3,21,76.44,1
C-02879,41,One-year,Standard,69.17,2835.97,Bank transfer,5,12.61,0,1,2,1893.94,0
C-02880,5,Month-to-month,Basic,27.81,139.05,Credit card,13,0.66,0,1,7,42.0,1
C-02881,9,Month-to-month,Basic,33.6,302.4,Electronic check,1,0.92,0,2,31,35.06,1
C-02882,48,Two-year,Standard,52.4,2515.2,Electronic check,3,5.67,1,0,3,2739.99,0
C-02883,11,Month-to-month,Standard,51.66,568.26,Bank transfer,3,2.98,1,3,44,216.33,1
C-02884,1,Month-to-month,Premium,100.84,100.84,Bank transfer,2,16.6,1,3,9,1174.2,0
C-02885,4,Month-to-month,Basic,39.59,158.36,Credit card,2,0.57,0,1,34,97.38,1
C-02886,52,Two-year,Premium,95.39,4960.28,Credit card,1,21.41,1,1,8,6075.55,0
C-02887,23,One-year,Basic,38.75,891.25,Credit card,2,1.87,0,0,3,1206.19,0
C-02888,19,Month-to-month,Basic,38.29,727.51,Credit card,0,5.62,0,0,12,766.91,0
C-02889,33,Two-year,Basic,25.08,827.64,Mailed check,14,1.68,0,0,0,1183.62,0
C-02890,35,Two-year,Standard,55.05,1926.75,Electronic check,1,2.83,0,0,0,3627.74,0
C-02891,36,Month-to-month,Basic,32.87,1183.32,Electronic check,7,1.6,0,3,38,86.73,1
C-02892,24,One-year,Standard,57.95,1390.8,Bank transfer,0,16.52,1,1,1,2266.08,0
C-02893,22,One-year,Premium,79.32,1745.04,Credit card,0,9.12,1,2,17,2297.04,0
C-02894,25,One-year,Standard,69.84,1746.0,Mailed check,0,5.93,1,0,22,2474.63,0
C-02895,25,Month-to-month,Standard,63.82,1595.5,Bank transfer,3,11.72,0,0,12,1120.24,0
C-02896,20,Two-year,Premium,94.7,1894.0,Credit card,1,31.88,1,0,1,5276.65,0
C-02897,17,One-year,Standard,60.45,1027.65,Bank transfer,0,9.0,0,0,1,1617.04,0
C-02898,6,Month-to-month,Standard,47.19,283.14,Mailed check,15,9.12,1,1,3,1180.37,0
C-02899,17,Month-to-month,Basic,29.91,508.47,Mailed check,9,1.26,0,1,5,636.13,0
C-02900,10,Month-to-month,Premium,116.89,1168.9,Credit card,1,7.39,1,0,29,1782.72,0
C-02901,1,Month-to-month,Standard,67.42,67.42,Mailed check,22,11.41,0,5,54,182.05,1
C-02902,29,One-year,Basic,26.75,775.75,Credit card,0,0.27,0,3,41,46.75,1
C-02903,2,Month-to-month,Basic,30.63,61.26,Credit card,0,0.62,0,3,29,31.01,1
C-02904,1,Month-to-month,Premium,106.38,106.38,Electronic check,0,22.66,1,4,12,1735.86,0
C-02905,34,One-year,Basic,26.8,911.2,Mailed check,10,3.15,0,0,2,745.77,0
C-02906,20,Month-to-month,Premium,77.92,1558.4,Bank transfer,0,25.98,1,0,1,861.36,0
C-02907,60,Two-year,Basic,30.11,1806.6,Bank transfer,0,2.17,0,1,8,1595.54,0
C-02908,7,Month-to-month,Standard,60.04,420.28,Electronic check,14,0.77,1,4,32,140.32,1
C-02909,12,Month-to-month,Basic,20.12,241.44,Electronic check,0,1.33,1,0,24,360.31,0
C-02910,6,Month-to-month,Standard,47.39,284.34,Mailed check,37,2.98,0,0,15,125.77,1
C-02911,3,Month-to-month,Premium,84.33,252.99,Bank transfer,6,14.62,0,0,41,144.03,1
C-02912,4,Month-to-month,Standard,53.7,214.8,Mailed check,0,5.1,0,0,7,487.41,0
C-02913,16,One-year,Standard,58.53,936.48,Mailed check,17,3.5,0,2,5,1451.56,0
C-02914,40,Two-year,Basic,25.88,1035.2,Credit card,1,2.15,1,0,4,1026.96,0
C-02915,2,Month-to-month,Basic,25.52,51.04,Electronic check,8,0.47,1,1,12,403.34,0
C-02916,33,One-year,Basic,37.39,1233.87,Bank transfer,0,1.13,0,2,8,1152.2,0
C-02917,17,One-year,Standard,48.63,826.71,Bank transfer,0,25.95,0,1,11,2246.05,0
C-02918,46,Two-year,Basic,29.91,1375.86,Bank transfer,3,4.15,0,0,0,976.04,0
C-02919,2,Month-to-month,Basic,39.06,78.12,Credit card,4,1.12,0,3,58,105.88,1
C-02920,11,Month-to-month,Standard,60.63,666.93,Bank transfer,0,10.85,0,3,5,726.42,0
C-02921,15,Month-to-month,Standard,62.93,943.95,Mailed check,27,0.72,0,0,41,148.97,1
C-02922,17,One-year,Standard,55.78,948.26,Credit card,2,5.79,1,0,5,1389.19,0
C-02923,33,Two-year,Basic,20.4,673.2,Bank transfer,0,1.74,0,2,11,1026.5,0
C-02924,3,Month-to-month,Basic,32.92,98.76,Mailed check,6,0.44,0,2,8,108.82,1
C-02925,9,Month-to-month,Premium,103.44,930.96,Bank transfer,0,20.59,1,1,0,941.64,0
C-02926,52,Two-year,Basic,22.21,1154.92,Bank transfer,2,3.86,0,3,1,1135.01,0
C-02927,48,Two-year,Premium,95.8,4598.4,Bank transfer,6,18.71,1,1,15,4936.57,0
C-02928,19,Two-year,Premium,116.19,2207.61,Bank transfer,1,20.69,1,0,20,6766.23,0
C-02929,24,One-year,Standard,50.13,1203.12,Bank transfer,1,14.07,1,0,0,1532.75,0
C-02930,5,Month-to-month,Basic,29.22,146.1,Electronic check,9,0.52,0,0,63,138.95,1
C-02931,27,One-year,Premium,95.75,2585.25,Bank transfer,0,16.12,1,0,4,3779.62,0
C-02932,23,One-year,Standard,65.27,1501.21,Electronic check,2,5.8,0,0,7,2287.8,0
C-02933,14,Month-to-month,Standard,65.61,918.54,Bank transfer,2,4.2,0,1,79,150.57,1
C-02934,19,One-year,Basic,35.19,668.61,Credit card,1,1.69,0,2,4,1222.36,0
C-02935,13,One-year,Basic,27.31,355.03,Electronic check,11,1.72,0,0,1,849.21,0
C-02936,7,Month-to-month,Basic,21.44,150.08,Electronic check,4,0.67,0,2,63,45.35,1
C-02937,18,One-year,Standard,53.74,967.32,Bank transfer,0,4.75,0,1,11,959.59,0
C-02938,42,One-year,Standard,61.99,2603.58,Credit card,2,13.01,1,1,18,2149.98,0
C-02939,47,Two-year,Basic,34.05,1600.35,Credit card,0,1.7,0,1,8,1830.04,0
C-02940,7,Month-to-month,Standard,69.13,483.91,Credit card,1,13.08,0,0,0,1391.49,0
C-02941,19,Month-to-month,Basic,29.07,552.33,Credit card,0,1.16,0,2,0,589.51,0
C-02942,29,One-year,Standard,60.81,1763.49,Electronic check,4,6.05,1,0,8,2194.22,0
C-02943,13,Month-to-month,Premium,99.26,1290.38,Credit card,2,21.96,1,1,0,2061.43,0
C-02944,16,One-year,Basic,23.01,368.16,Electronic check,1,1.89,0,2,2,706.42,0
C-02945,16,One-year,Basic,29.22,467.52,Credit card,3,2.94,0,0,0,953.95,0
C-02946,21,Month-to-month,Basic,30.9,648.9,Credit card,0,1.62,1,2,20,784.39,0
C-02947,25,One-year,Standard,68.77,1719.25,Bank transfer,0,14.13,1,1,2,2870.24,0
C-02948,19,One-year,Standard,54.16,1029.04,Credit card,1,11.3,0,1,0,1198.76,0
C-02949,1,Month-to-month,Premium,119.1,119.1,Mailed check,24,8.29,1,1,59,200.81,1
C-02950,29,Two-year,Basic,30.85,894.65,Credit card,0,1.25,0,2,17,1774.62,0
C-02951,42,Two-year,Premium,85.91,3608.22,Bank transfer,0,35.82,1,0,5,4604.03,0
C-02952,12,One-year,Basic,23.83,285.96,Electronic check,6,1.27,1,0,0,593.5,0
C-02953,34,One-year,Standard,48.54,1650.36,Bank transfer,0,8.91,0,1,10,1480.77,0
C-02954,1,Month-to-month,Basic,29.06,29.06,Credit card,8,0.46,0,3,47,76.43,1
C-02955,32,Two-year,Premium,75.99,2431.68,Bank transfer,0,22.12,1,0,5,5105.39,0
C-02956,19,One-year,Standard,56.13,1066.47,Electronic check,10,7.14,1,0,1,2740.93,0
C-02957,22,One-year,Standard,69.71,1533.62,Mailed check,34,5.51,0,1,8,1078.2,0
C-02958,46,Two-year,Premium,105.15,4836.9,Mailed check,0,10.93,1,0,3,5942.34,0
C-02959,4,Month-to-month,Basic,35.2,140.8,Credit card,8,1.57,0,0,27,52.77,1
C-02960,46,Two-year,Basic,22.38,1029.48,Mailed check,1,1.57,0,0,6,1332.44,0
C-02961,12,Month-to-month,Premium,96.29,1155.48,Credit card,2,23.01,1,1,12,941.26,0
C-02962,10,Month-to-month,Basic,25.72,257.2,Credit card,7,0.86,1,2,21,37.38,1
C-02963,29,Month-to-month,Basic,37.88,1098.52,Electronic check,6,0.53,0,4,14,70.48,1
C-02964,52,Two-year,Standard,49.53,2575.56,Credit card,3,28.79,0,0,35,2709.48,0
C-02965,45,Two-year,Standard,56.47,2541.15,Credit card,0,9.93,0,2,4,2501.36,0
C-02966,33,One-year,Basic,31.76,1048.08,Credit card,0,1.86,0,2,4,767.75,0
C-02967,33,One-year,Basic,30.28,999.24,Bank transfer,4,1.15,0,0,2,494.2,0
C-02968,34,One-year,Basic,36.6,1244.4,Electronic check,25,0.98,0,0,3,903.41,0
C-02969,42,Two-year,Standard,50.79,2133.18,Bank transfer,0,3.11,1,2,4,2781.36,0
C-02970,4,Month-to-month,Premium,91.98,367.92,Credit card,1,16.48,1,0,1,2476.84,0
C-02971,14,Month-to-month,Premium,110.64,1548.96,Bank transfer,1,8.62,1,0,1,1299.14,0
C-02972,7,Month-to-month,Standard,58.2,407.4,Mailed check,6,17.24,0,0,5,716.11,0
C-02973,28,One-year,Basic,28.04,785.12,Electronic check,15,2.49,0,1,1,675.93,0
C-02974,18,One-year,Premium,76.32,1373.76,Credit card,2,21.63,1,0,4,2217.96,0
C-02975,31,Month-to-month,Standard,63.83,1978.73,Mailed check,21,3.43,0,2,19,137.55,1
C-02976,2,Month-to-month,Basic,39.44,78.88,Electronic check,1,1.18,0,2,8,637.34,0
C-02977,47,Two-year,Premium,102.91,4836.77,Credit card,1,16.28,1,3,2,3313.08,0
C-02978,6,Month-to-month,Standard,66.41,398.46,Credit card,1,2.83,1,0,29,385.84,0
C-02979,25,One-year,Standard,57.92,1448.0,Credit card,0,14.36,1,0,23,1509.03,0
C-02980,32,Two-year,Standard,50.79,1625.28,Electronic check,0,5.55,0,1,9,2708.2,0
C-02981,4,Month-to-month,Basic,20.29,81.16,Credit card,5,0.69,0,3,56,40.69,1
C-02982,4,Month-to-month,Basic,33.07,132.28,Bank transfer,10,1.08,0,1,52,110.68,1
C-02983,26,One-year,Standard,57.33,1490.58,Credit card,0,20.54,1,0,40,1023.26,0
C-02984,55,Two-year,Basic,35.64,1960.2,Mailed check,2,1.98,0,0,3,1747.13,0
C-02985,24,One-year,Standard,62.37,1496.88,Credit card,0,11.37,0,1,5,2566.92,0
C-02986,44,Two-year,Standard,69.7,3066.8,Mailed check,6,5.25,1,1,0,3137.37,0
C-02987,1,Month-to-month,Standard,57.76,57.76,Mailed check,7,24.78,0,0,0,596.97,0
C-02988,20,One-year,Standard,55.68,1113.6,Credit card,0,8.17,0,0,4,465.69,0
C-02989,31,One-year,Standard,52.17,1617.27,Bank transfer,3,9.47,0,0,5,1432.12,0
C-02990,39,Two-year,Premium,96.46,3761.94,Credit card,1,20.02,1,1,2,4136.19,0
C-02991,34,Month-to-month,Standard,66.82,2271.88,Mailed check,19,10.06,0,3,32,98.92,1
C-02992,65,Two-year,Basic,20.85,1355.25,Bank transfer,3,2.23,0,0,0,1063.26,0
C-02993,28,One-year,Basic,39.56,1107.68,Credit card,0,2.95,0,0,9,1761.4,0
C-02994,12,Month-to-month,Basic,39.87,478.44,Credit card,4,0.45,0,3,131,35.93,1
C-02995,32,Month-to-month,Basic,31.96,1022.72,Bank transfer,0,1.8,0,0,6,391.07,0
C-02996,37,Two-year,Basic,26.63,985.31,Mailed check,4,3.21,0,0,4,1239.01,0
C-02997,8,Month-to-month,Basic,24.46,195.68,Electronic check,6,0.67,0,2,18,63.03,1
C-02998,1,Month-to-month,Standard,51.91,51.91,Mailed check,16,2.41,1,2,49,87.84,1
C-02999,9,Month-to-month,Premium,77.25,695.25,Bank transfer,0,14.96,1,1,2,1660.79,0
C-03000,31,Two-year,Basic,29.5,914.5,Credit card,10,2.17,0,2,10,991.36,0
C-03001,29,One-year,Standard,46.43,1346.47,Mailed check,14,15.56,1,2,1,1410.57,0
C-03002,36,One-year,Standard,62.96,2266.56,Credit card,1,24.13,1,0,2,1881.79,0
C-03003,4,Month-to-month,Basic,27.44,109.76,Mailed check,8,0.33,0,2,16,89.31,1
C-03004,10,One-year,Premium,83.97,839.7,Bank transfer,1,24.85,1,0,3,3281.1,0
C-03005,16,One-year,Standard,58.62,937.92,Credit card,0,12.11,1,0,8,1812.28,0
C-03006,38,Two-year,Basic,39.48,1500.24,Electronic check,1,2.33,0,1,7,1519.85,0
C-03007,55,Two-year,Standard,62.38,3430.9,Mailed check,17,16.54,0,0,2,1538.34,0
C-03008,6,Month-to-month,Basic,29.83,178.98,Mailed check,4,2.79,1,1,4,378.54,0
C-03009,11,One-year,Standard,64.42,708.62,Credit card,14,1.87,0,0,61,241.52,1
C-03010,15,Month-to-month,Basic,34.75,521.25,Credit card,4,0.54,0,1,21,19.12,1
C-03011,14,One-year,Premium,115.13,1611.82,Bank transfer,0,28.68,0,0,1,2612.32,0
C-03012,37,Month-to-month,Standard,50.12,1854.44,Bank transfer,1,16.35,0,1,10,940.58,0
C-03013,2,Month-to-month,Standard,66.47,132.94,Electronic check,5,9.84,1,2,16,1701.36,0
C-03014,12,Month-to-month,Basic,26.02,312.24,Credit card,5,0.15,1,2,27,25.42,1
C-03015,22,One-year,Standard,68.52,1507.44,Mailed check,17,2.54,0,2,13,162.48,1
C-03016,1,Month-to-month,Standard,52.03,52.03,Bank transfer,4,13.67,1,0,0,690.95,0
C-03017,18,One-year,Standard,68.17,1227.06,Electronic check,3,7.32,1,0,1,1380.35,0
C-03018,2,Month-to-month,Standard,69.09,138.18,Bank transfer,7,2.19,0,2,40,105.28,1
C-03019,5,Month-to-month,Standard,48.64,243.2,Bank transfer,5,3.12,1,0,26,95.52,1
C-03020,8,One-year,Premium,118.85,950.8,Mailed check,12,13.45,1,1,4,2358.82,0
C-03021,1,Month-to-month,Standard,47.14,47.14,Bank transfer,6,2.01,0,1,34,136.35,1
C-03022,8,Month-to-month,Premium,84.84,678.72,Mailed check,2,18.89,1,1,6,2265.03,0
C-03023,20,One-year,Premium,94.99,1899.8,Mailed check,0,12.63,1,2,65,136.0,1
C-03024,20,Month-to-month,Standard,69.84,1396.8,Electronic check,17,14.35,1,4,3,1583.28,0
C-03025,2,Month-to-month,Basic,29.77,59.54,Bank transfer,8,0.23,0,1,20,23.17,1
C-03026,2,Month-to-month,Standard,58.76,117.52,Credit card,3,1.53,1,0,33,108.84,1
C-03027,43,Two-year,Premium,106.25,4568.75,Credit card,3,37.89,1,3,1,5989.83,0
C-03028,20,One-year,Basic,39.37,787.4,Credit card,0,0.8,1,0,7,1406.99,0
C-03029,40,One-year,Standard,64.58,2583.2,Credit card,7,1.5,0,2,77,136.69,1
C-03030,15,One-year,Premium,85.09,1276.35,Credit card,0,13.36,0,0,8,3369.27,0
C-03031,16,Month-to-month,Basic,26.06,416.96,Credit card,7,1.46,1,1,7,353.92,0
C-03032,9,Month-to-month,Standard,47.44,426.96,Bank transfer,4,0.51,1,2,23,98.22,1
C-03033,23,One-year,Basic,32.89,756.47,Bank transfer,0,4.04,1,1,10,1000.47,0
C-03034,1,Month-to-month,Basic,23.61,23.61,Credit card,6,0.34,0,0,58,55.16,1
C-03035,4,Month-to-month,Standard,51.44,205.76,Credit card,3,5.56,1,1,0,1112.88,0
C-03036,16,Month-to-month,Basic,37.76,604.16,Electronic check,0,0.71,0,2,91,36.41,1
C-03037,8,Month-to-month,Basic,26.54,212.32,Bank transfer,6,0.26,0,2,215,67.58,1
C-03038,39,Two-year,Premium,100.5,3919.5,Bank transfer,0,13.89,1,0,19,3612.07,0
C-03039,2,Month-to-month,Basic,27.95,55.9,Bank transfer,7,1.23,0,5,48,76.48,1
C-03040,17,One-year,Premium,78.33,1331.61,Electronic check,9,60.6,1,1,6,3447.42,0
C-03041,7,Month-to-month,Premium,91.33,639.31,Bank transfer,3,5.98,1,1,89,146.06,1
C-03042,39,Two-year,Basic,28.16,1098.24,Bank transfer,2,3.43,0,1,0,1087.14,0
C-03043,5,Month-to-month,Basic,37.91,189.55,Mailed check,16,2.41,0,0,3,1060.63,0
C-03044,23,Month-to-month,Standard,53.11,1221.53,Electronic check,13,3.86,1,2,0,934.56,0
C-03045,33,One-year,Standard,54.48,1797.84,Bank transfer,1,5.17,1,0,0,1048.16,0
C-03046,37,One-year,Basic,35.66,1319.42,Bank transfer,0,4.37,0,0,2,807.52,0
C-03047,3,Month-to-month,Standard,63.97,191.91,Credit card,1,3.83,1,0,6,819.56,0
C-03048,9,Month-to-month,Basic,35.97,323.73,Bank transfer,7,2.82,0,3,186,106.61,1
C-03049,8,Month-to-month,Premium,117.92,943.36,Mailed check,23,4.44,1,1,43,140.4,1
C-03050,5,Month-to-month,Basic,35.91,179.55,Bank transfer,0,4.44,0,0,2,141.83,0
C-03051,46,Month-to-month,Basic,28.15,1294.9,Mailed check,28,1.73,0,1,0,498.24,0
C-03052,21,Month-to-month,Basic,36.43,765.03,Bank transfer,15,1.02,0,0,45,81.46,1
C-03053,13,Month-to-month,Premium,97.89,1272.57,Mailed check,30,23.46,1,1,11,240.57,1
C-03054,7,Month-to-month,Standard,51.94,363.58,Bank transfer,6,11.32,0,3,19,25.97,1
C-03055,39,One-year,Premium,88.63,3456.57,Credit card,3,18.32,1,2,2,2528.29,0
C-03056,28,Two-year,Basic,24.48,685.44,Bank transfer,3,1.31,0,1,4,1069.67,0
C-03057,22,One-year,Basic,22.9,503.8,Credit card,0,1.93,0,0,0,763.88,0
C-03058,3,Month-to-month,Basic,23.69,71.07,Credit card,6,1.05,1,0,2,144.08,0
C-03059,14,Month-to-month,Standard,46.58,652.12,Electronic check,14,3.89,0,3,9,98.76,1
C-03060,52,Two-year,Standard,67.21,3494.92,Credit card,1,5.52,1,0,6,3348.06,0
C-03061,1,Month-to-month,Standard,68.28,68.28,Electronic check,11,5.58,1,1,119,198.58,1
C-03062,7,Month-to-month,Basic,31.74,222.18,Credit card,2,1.51,1,0,1,638.69,0
C-03063,23,One-year,Premium,112.82,2594.86,Credit card,4,10.27,1,1,1,4012.4,0
C-03064,26,One-year,Basic,23.67,615.42,Mailed check,9,1.63,0,2,23,23.9,1
C-03065,41,One-year,Premium,115.58,4738.78,Bank transfer,0,26.89,0,2,1,3368.0,0
C-03066,22,Month-to-month,Basic,30.13,662.86,Bank transfer,5,0.7,0,0,29,91.64,1
C-03067,45,Month-to-month,Standard,46.68,2100.6,Bank transfer,0,17.4,1,1,0,700.39,0
C-03068,45,Two-year,Basic,22.83,1027.35,Bank transfer,1,3.11,0,0,3,1272.43,0
C-03069,4,Month-to-month,Standard,52.72,210.88,Mailed check,30,1.23,1,1,17,64.57,1
C-03070,17,One-year,Standard,46.09,783.53,Electronic check,3,6.89,1,1,0,1296.33,0
C-03071,19,One-year,Standard,52.73,1001.87,Bank transfer,0,4.63,1,1,4,897.24,0
C-03072,36,One-year,Standard,46.5,1674.0,Mailed check,14,3.75,1,0,7,1360.79,0
C-03073,9,Month-to-month,Standard,50.9,458.1,Credit card,0,12.77,0,0,2,657.49,0
C-03074,14,Month-to-month,Standard,51.64,722.96,Bank transfer,1,11.42,1,2,2,1282.54,0
C-03075,38,One-year,Premium,119.75,4550.5,Mailed check,4,35.89,0,0,4,5535.3,0
C-03076,64,Two-year,Basic,24.71,1581.44,Bank transfer,0,3.82,0,4,0,757.99,0
C-03077,40,Two-year,Standard,50.98,2039.2,Electronic check,11,14.36,1,1,6,1813.08,0
C-03078,7,Month-to-month,Standard,62.17,435.19,Electronic check,6,5.06,1,3,73,169.99,1
C-03079,6,Month-to-month,Basic,37.19,223.14,Electronic check,7,0.38,0,0,69,51.42,1
C-03080,33,Two-year,Standard,54.68,1804.44,Mailed check,13,7.51,1,0,2,2575.21,0
C-03081,20,One-year,Basic,37.51,750.2,Credit card,2,3.26,0,0,11,1577.06,0
C-03082,53,Two-year,Basic,26.8,1420.4,Credit card,2,1.12,1,0,17,1697.41,0
C-03083,12,Month-to-month,Basic,23.94,287.28,Bank transfer,2,2.11,0,0,2,242.67,0
C-03084,12,One-year,Basic,26.59,319.08,Electronic check,5,2.61,1,0,1,1207.58,0
C-03085,19,One-year,Standard,60.23,1144.37,Credit card,0,11.77,1,0,7,2127.38,0
C-03086,19,One-year,Standard,54.18,1029.42,Credit card,0,4.57,1,1,75,151.74,1
C-03087,4,Month-to-month,Premium,105.28,421.12,Credit card,4,33.1,1,0,7,1469.72,0
C-03088,6,Month-to-month,Standard,50.92,305.52,Mailed check,35,2.65,0,3,64,70.26,1
C-03089,22,One-year,Basic,34.02,748.44,Electronic check,5,0.51,0,3,37,20.47,1
C-03090,31,Month-to-month,Premium,90.63,2809.53,Bank transfer,0,31.61,1,2,0,952.11,0
C-03091,3,Month-to-month,Premium,95.51,286.53,Credit card,0,28.29,0,0,3,2109.31,0
C-03092,40,Two-year,Standard,58.94,2357.6,Bank transfer,1,3.78,0,1,0,3098.21,0
C-03093,2,Month-to-month,Standard,62.16,124.32,Credit card,0,20.65,0,0,0,1411.31,0
C-03094,44,Two-year,Premium,85.74,3772.56,Credit card,3,32.04,1,1,0,4314.16,0
C-03095,7,Month-to-month,Standard,65.9,461.3,Mailed check,25,1.2,0,2,228,130.36,1
C-03096,21,One-year,Premium,107.48,2257.08,Mailed check,33,4.99,1,3,30,154.18,1
C-03097,43,Two-year,Basic,24.68,1061.24,Credit card,0,1.52,0,0,0,1113.72,0
C-03098,2,Month-to-month,Basic,39.5,79.0,Credit card,22,0.6,0,0,32,107.25,1
C-03099,6,Month-to-month,Standard,61.62,369.72,Credit card,2,10.76,0,0,1,1409.34,0
C-03100,4,Month-to-month,Standard,56.31,225.24,Bank transfer,15,1.9,0,1,182,123.82,1
C-03101,12,Month-to-month,Premium,82.09,985.08,Credit card,1,43.12,1,0,0,1014.1,0
C-03102,14,One-year,Premium,98.99,1385.86,Credit card,2,41.38,0,1,1,2585.36,0
C-03103,42,Two-year,Basic,23.3,978.6,Credit card,6,2.74,0,1,5,802.88,0
C-03104,22,Month-to-month,Basic,28.59,628.98,Electronic check,2,0.55,0,1,87,48.92,1
C-03105,3,Month-to-month,Premium,93.39,280.17,Electronic check,7,13.2,1,3,93,61.76,1
C-03106,13,Month-to-month,Standard,63.0,819.0,Bank transfer,10,2.16,0,0,99,108.85,1
C-03107,43,One-year,Basic,23.85,1025.55,Bank transfer,5,1.4,0,0,1,587.61,0
C-03108,4,Month-to-month,Standard,65.55,262.2,Mailed check,38,8.2,1,3,26,130.32,1
C-03109,23,One-year,Standard,53.15,1222.45,Mailed check,2,10.92,1,1,3,1262.16,0
C-03110,20,One-year,Standard,56.1,1122.0,Credit card,0,5.99,0,1,4,2010.89,0
C-03111,39,One-year,Standard,64.31,2508.09,Credit card,4,7.02,1,0,8,1083.07,0
C-03112,5,Month-to-month,Basic,32.51,162.55,Bank transfer,2,0.28,0,4,14,23.53,1
C-03113,1,One-year,Premium,88.86,88.86,Credit card,7,67.43,1,2,1,2472.97,0
C-03114,4,Month-to-month,Standard,54.66,218.64,Bank transfer,3,4.07,1,2,116,120.82,1
C-03115,51,Month-to-month,Standard,52.64,2684.64,Bank transfer,0,9.92,0,4,21,817.31,0
C-03116,63,Two-year,Basic,31.9,2009.7,Bank transfer,2,2.89,0,0,2,1426.59,0
C-03117,25,One-year,Standard,53.32,1333.0,Credit card,0,4.35,0,0,0,1639.47,0
C-03118,11,Month-to-month,Basic,34.51,379.61,Bank transfer,2,0.75,0,4,17,82.74,1
C-03119,27,Month-to-month,Basic,31.6,853.2,Mailed check,16,0.41,0,2,15,52.4,1
C-03120,15,Month-to-month,Standard,48.64,729.6,Credit card,8,7.67,0,2,48,104.66,1
C-03121,10,Month-to-month,Basic,26.21,262.1,Electronic check,24,0.94,0,0,22,73.04,1
C-03122,1,Month-to-month,Standard,50.54,50.54,Credit card,3,6.49,0,1,12,45.73,1
C-03123,4,Month-to-month,Basic,27.81,111.24,Credit card,2,0.27,0,1,73,83.76,1
C-03124,1,Month-to-month,Standard,57.9,57.9,Bank transfer,0,1.66,1,2,52,170.86,1
C-03125,16,One-year,Basic,30.14,482.24,Credit card,4,1.74,1,0,4,702.56,0
C-03126,26,One-year,Basic,35.09,912.34,Credit card,3,0.73,0,0,0,1198.83,0
C-03127,28,One-year,Basic,23.78,665.84,Credit card,6,2.72,0,0,8,421.67,0
C-03128,14,Month-to-month,Premium,117.59,1646.26,Bank transfer,3,15.59,1,3,127,263.55,1
C-03129,43,Two-year,Premium,90.43,3888.49,Electronic check,1,14.95,1,1,14,5574.94,0
C-03130,63,Two-year,Basic,26.0,1638.0,Credit card,0,2.0,0,1,0,976.08,0
C-03131,37,Two-year,Standard,62.13,2298.81,Electronic check,1,14.64,1,0,9,2510.69,0
C-03132,33,Two-year,Standard,65.14,2149.62,Credit card,2,2.56,1,0,4,3362.03,0
C-03133,46,Two-year,Premium,92.03,4233.38,Bank transfer,3,12.98,1,1,2,4098.35,0
C-03134,18,One-year,Basic,34.94,628.92,Bank transfer,0,1.7,0,0,15,1101.64,0
C-03135,1,Month-to-month,Standard,67.09,67.09,Electronic check,12,9.15,1,1,0,2191.47,0
C-03136,32,One-year,Basic,35.34,1130.88,Mailed check,5,1.96,0,0,1,942.93,0
C-03137,32,One-year,Basic,20.68,661.76,Mailed check,3,3.14,0,0,13,360.99,0
C-03138,15,One-year,Premium,112.23,1683.45,Credit card,1,31.14,1,0,3,2774.6,0
C-03139,23,One-year,Standard,64.36,1480.28,Mailed check,5,13.71,0,0,5,2026.06,0
C-03140,3,Month-to-month,Basic,33.39,100.17,Credit card,4,1.01,0,0,8,344.68,0
C-03141,3,Month-to-month,Basic,35.2,105.6,Mailed check,15,0.48,1,1,27,51.13,1
C-03142,35,Two-year,Standard,69.49,2432.15,Credit card,0,7.51,1,3,39,4158.07,0
C-03143,26,One-year,Standard,55.78,1450.28,Bank transfer,2,21.7,0,2,1,2401.66,0
C-03144,28,One-year,Basic,21.34,597.52,Credit card,21,0.86,0,2,25,35.95,1
C-03145,2,Month-to-month,Premium,95.74,191.48,Credit card,2,8.23,1,4,10,163.3,1
C-03146,12,Month-to-month,Basic,20.93,251.16,Electronic check,1,3.08,0,1,11,222.66,0
C-03147,48,Two-year,Basic,25.89,1242.72,Mailed check,2,2.67,0,0,19,1308.41,0
C-03148,33,One-year,Premium,101.41,3346.53,Bank transfer,0,16.27,1,1,0,4981.28,0
C-03149,30,One-year,Basic,26.19,785.7,Electronic check,0,1.69,0,0,5,708.46,0
C-03150,2,Month-to-month,Basic,33.71,67.42,Electronic check,14,0.69,0,3,47,58.43,1
C-03151,20,One-year,Standard,65.55,1311.0,Credit card,0,18.85,0,0,10,2226.77,0
C-03152,4,Month-to-month,Premium,93.92,375.68,Credit card,8,13.82,1,3,31,153.89,1
C-03153,19,One-year,Basic,38.0,722.0,Credit card,2,2.9,0,0,1,1007.95,0
C-03154,15,Month-to-month,Premium,78.59,1178.85,Bank transfer,2,19.17,1,0,2,2066.16,0
C-03155,13,Month-to-month,Standard,66.0,858.0,Credit card,0,11.03,1,2,8,676.09,0
C-03156,16,One-year,Basic,36.57,585.12,Credit card,1,3.86,0,2,30,780.34,0
C-03157,29,Two-year,Standard,53.05,1538.45,Credit card,0,7.27,0,2,4,2887.93,0
C-03158,7,Month-to-month,Basic,25.97,181.79,Credit card,0,2.13,0,1,1,444.13,0
C-03159,44,Two-year,Standard,52.63,2315.72,Mailed check,3,3.98,0,1,0,1960.13,0
C-03160,3,Month-to-month,Standard,65.28,195.84,Credit card,3,2.22,1,1,89,145.76,1
C-03161,10,Month-to-month,Premium,112.42,1124.2,Bank transfer,0,20.75,1,0,17,1798.51,0
C-03162,17,Month-to-month,Basic,26.59,452.03,Bank transfer,0,1.18,0,0,3,505.95,0
C-03163,1,Month-to-month,Standard,59.81,59.81,Bank transfer,0,19.95,0,0,7,975.11,0
C-03164,17,One-year,Standard,48.47,823.99,Credit card,6,5.46,1,0,6,880.26,0
C-03165,26,Month-to-month,Basic,29.38,763.88,Credit card,6,1.43,0,2,29,83.66,1
C-03166,7,Month-to-month,Basic,39.98,279.86,Credit card,4,2.21,0,0,3,1125.6,0
C-03167,26,Two-year,Basic,23.18,602.68,Bank transfer,0,2.05,0,0,14,899.16,0
C-03168,14,Month-to-month,Standard,68.69,961.66,Credit card,7,4.85,0,3,52,225.88,1
C-03169,37,One-year,Standard,65.61,2427.57,Bank transfer,0,2.32,0,0,5,1912.69,0
C-03170,9,Month-to-month,Basic,39.44,354.96,Electronic check,6,0.47,0,0,50,19.72,1
C-03171,30,One-year,Premium,83.08,2492.4,Bank transfer,2,14.29,1,0,0,2774.92,0
C-03172,4,Month-to-month,Premium,84.61,338.44,Bank transfer,2,9.2,1,0,1,405.31,0
C-03173,2,Month-to-month,Standard,45.42,90.84,Bank transfer,8,4.41,1,3,12,684.37,0
C-03174,9,Month-to-month,Basic,34.49,310.41,Electronic check,9,0.67,1,3,28,88.47,1
C-03175,9,Month-to-month,Standard,61.1,549.9,Credit card,0,5.84,1,0,13,1273.96,0
C-03176,5,Month-to-month,Basic,23.56,117.8,Electronic check,2,3.15,0,0,1,322.21,0
C-03177,23,One-year,Basic,35.82,823.86,Electronic check,3,1.81,0,0,1,1254.49,0
C-03178,47,Two-year,Standard,52.48,2466.56,Bank transfer,0,7.43,0,1,4,2992.1,0
C-03179,41,Two-year,Basic,22.7,930.7,Credit card,3,1.72,0,3,0,952.79,0
C-03180,19,One-year,Basic,28.45,540.55,Bank transfer,1,1.92,0,0,17,775.87,0
C-03181,2,Month-to-month,Basic,21.82,43.64,Credit card,18,0.8,0,3,32,47.12,1
C-03182,37,Month-to-month,Basic,25.26,934.62,Credit card,1,1.32,0,0,0,279.23,0
C-03183,12,Month-to-month,Basic,27.43,329.16,Credit card,1,3.3,0,1,0,360.42,0
C-03184,24,Month-to-month,Premium,113.33,2719.92,Credit card,0,17.96,1,0,3,2719.37,0
C-03185,26,One-year,Basic,35.85,932.1,Bank transfer,0,1.66,0,0,0,1734.45,0
C-03186,32,One-year,Basic,28.86,923.52,Electronic check,11,2.5,1,0,5,1006.08,0
C-03187,12,Month-to-month,Basic,34.49,413.88,Credit card,9,0.76,0,1,7,76.28,1
C-03188,3,Month-to-month,Premium,100.59,301.77,Mailed check,5,15.69,1,1,9,2914.81,0
C-03189,33,Two-year,Standard,53.52,1766.16,Mailed check,16,14.2,0,2,0,2073.33,0
C-03190,40,One-year,Basic,34.52,1380.8,Mailed check,9,2.63,0,0,5,1058.4,0
C-03191,6,Month-to-month,Premium,105.76,634.56,Electronic check,19,26.82,1,0,10,2429.47,0
C-03192,50,Two-year,Basic,32.38,1619.0,Bank transfer,0,1.62,0,0,3,1285.36,0
C-03193,45,Two-year,Basic,32.36,1456.2,Credit card,1,1.64,0,0,19,1022.72,0
C-03194,19,Month-to-month,Basic,33.66,639.54,Bank transfer,0,0.73,0,2,29,89.48,1
C-03195,16,Month-to-month,Basic,27.69,443.04,Bank transfer,1,1.09,0,0,1,656.64,0
C-03196,26,One-year,Basic,37.38,971.88,Electronic check,1,1.97,0,1,33,1373.61,0
C-03197,18,Two-year,Standard,49.06,883.08,Mailed check,6,15.41,0,1,2,2777.36,0
C-03198,39,Two-year,Basic,37.68,1469.52,Bank transfer,1,3.12,1,0,2,1842.36,0
C-03199,17,Month-to-month,Standard,53.56,910.52,Credit card,0,7.18,0,1,11,1009.88,0
C-03200,6,Month-to-month,Basic,22.5,135.0,Credit card,2,3.43,0,2,15,436.02,0
C-03201,24,One-year,Basic,32.0,768.0,Credit card,2,5.22,0,0,16,1243.69,0
C-03202,10,One-year,Standard,54.4,544.0,Bank transfer,3,7.47,1,0,4,1753.55,0
C-03203,1,Month-to-month,Premium,111.7,111.7,Bank transfer,0,34.67,1,1,6,2068.3,0
C-03204,31,Two-year,Basic,28.62,887.22,Electronic check,0,0.65,0,1,2,1469.36,0
C-03205,34,One-year,Standard,61.71,2098.14,Bank transfer,0,4.24,0,0,5,2071.47,0
C-03206,48,Two-year,Basic,26.17,1256.16,Mailed check,1,2.11,0,1,2,979.05,0
C-03207,48,Two-year,Basic,24.19,1161.12,Bank transfer,1,1.22,0,0,8,1496.98,0
C-03208,32,One-year,Basic,27.76,888.32,Electronic check,1,1.72,0,2,22,40.81,1
C-03209,14,Month-to-month,Basic,32.14,449.96,Credit card,25,1.28,0,3,60,66.12,1
C-03210,27,One-year,Basic,33.14,894.78,Mailed check,0,3.26,0,2,0,745.35,0
C-03211,9,Month-to-month,Basic,31.56,284.04,Electronic check,0,0.46,0,3,28,58.0,1
C-03212,22,One-year,Standard,69.7,1533.4,Credit card,16,1.91,0,4,62,169.31,1
C-03213,7,Month-to-month,Basic,33.82,236.74,Credit card,11,0.59,1,1,233,76.1,1
C-03214,28,One-year,Standard,68.29,1912.12,Mailed check,8,10.51,0,0,1,1755.56,0
C-03215,1,Month-to-month,Basic,22.36,22.36,Credit card,0,0.45,0,2,29,32.42,1
C-03216,7,Month-to-month,Standard,46.53,325.71,Bank transfer,10,5.83,1,0,19,102.73,1
C-03217,9,Month-to-month,Standard,52.77,474.93,Credit card,14,2.23,0,3,11,151.16,1
C-03218,60,Month-to-month,Basic,22.73,1363.8,Electronic check,11,2.02,0,0,2,604.74,0
C-03219,33,One-year,Basic,30.52,1007.16,Electronic check,11,0.39,0,2,7,110.22,1
C-03220,22,One-year,Standard,57.97,1275.34,Bank transfer,0,25.25,0,1,14,1413.65,0
C-03221,24,One-year,Premium,100.88,2421.12,Bank transfer,0,22.06,1,0,14,2404.79,0
C-03222,33,Month-to-month,Basic,34.9,1151.7,Mailed check,23,2.26,0,1,41,66.5,1
C-03223,29,Month-to-month,Basic,39.43,1143.47,Electronic check,22,1.3,0,4,22,73.35,1
C-03224,11,Month-to-month,Premium,114.52,1259.72,Mailed check,5,6.01,1,3,47,97.9,1
C-03225,15,Month-to-month,Basic,22.37,335.55,Bank transfer,2,0.57,0,2,68,59.78,1
C-03226,26,Two-year,Standard,53.46,1389.96,Credit card,2,2.69,0,1,3,2151.75,0
C-03227,1,Month-to-month,Basic,25.12,25.12,Bank transfer,5,1.03,0,2,23,37.25,1
C-03228,12,Month-to-month,Basic,23.54,282.48,Electronic check,7,3.41,0,1,13,55.19,1
C-03229,9,Month-to-month,Standard,58.62,527.58,Credit card,1,2.58,1,0,8,634.97,0
C-03230,1,Month-to-month,Standard,58.83,58.83,Credit card,0,7.6,1,1,0,969.46,0
C-03231,18,One-year,Basic,24.54,441.72,Credit card,0,1.91,1,0,0,881.64,0
C-03232,27,One-year,Standard,62.8,1695.6,Bank transfer,1,15.26,0,1,11,1908.86,0
C-03233,6,Month-to-month,Standard,63.32,379.92,Electronic check,13,13.77,1,1,39,164.48,1
C-03234,4,Month-to-month,Standard,45.52,182.08,Credit card,4,3.53,0,3,30,126.8,1
C-03235,7,Month-to-month,Basic,27.92,195.44,Electronic check,25,3.09,0,0,71,53.95,1
C-03236,12,Month-to-month,Standard,67.25,807.0,Mailed check,15,3.14,0,2,25,33.62,1
C-03237,11,Month-to-month,Standard,58.01,638.11,Credit card,0,11.83,0,1,11,1471.9,0
C-03238,12,Two-year,Standard,53.69,644.28,Electronic check,4,10.99,0,1,18,2551.71,0
C-03239,34,One-year,Standard,51.34,1745.56,Mailed check,9,18.77,1,1,0,1864.94,0
C-03240,32,One-year,Basic,24.87,795.84,Mailed check,14,1.63,0,0,3,1018.1,0
C-03241,4,Month-to-month,Standard,47.49,189.96,Credit card,5,4.28,0,2,64,25.63,1
C-03242,3,Month-to-month,Standard,65.43,196.29,Credit card,0,4.31,1,0,1,1176.16,0
C-03243,21,One-year,Basic,21.73,456.33,Credit card,1,1.75,0,0,0,920.23,0
C-03244,17,One-year,Standard,52.31,889.27,Electronic check,0,6.16,1,1,1,1482.99,0
C-03245,34,One-year,Basic,20.91,710.94,Electronic check,11,2.1,0,2,4,790.56,0
C-03246,18,Month-to-month,Standard,64.53,1161.54,Electronic check,11,7.47,1,0,6,737.57,0
C-03247,33,One-year,Basic,20.79,686.07,Credit card,0,3.55,0,1,7,703.32,0
C-03248,1,Month-to-month,Standard,52.71,52.71,Credit card,7,1.11,0,3,40,52.66,1
C-03249,31,Two-year,Premium,100.8,3124.8,Bank transfer,0,10.32,1,4,0,5746.91,0
C-03250,11,One-year,Standard,55.24,607.64,Bank transfer,1,4.0,1,1,8,1457.37,0
C-03251,14,One-year,Premium,87.7,1227.8,Electronic check,0,40.33,1,1,6,3633.98,0
C-03252,16,Month-to-month,Premium,87.38,1398.08,Bank transfer,1,15.11,1,0,3,2341.46,0
C-03253,23,One-year,Basic,35.96,827.08,Credit card,2,2.46,1,0,5,905.04,0
C-03254,17,Month-to-month,Standard,69.35,1178.95,Credit card,1,7.56,1,0,8,1947.16,0
C-03255,12,Month-to-month,Standard,53.7,644.4,Credit card,6,2.64,0,4,64,82.22,1
C-03256,34,Month-to-month,Premium,76.76,2609.84,Credit card,0,21.86,1,0,0,1694.54,0
C-03257,28,One-year,Basic,20.73,580.44,Credit card,7,2.33,0,2,86,40.93,1
C-03258,16,Month-to-month,Premium,109.16,1746.56,Credit card,0,63.37,1,3,15,1688.34,0
C-03259,1,Month-to-month,Standard,58.81,58.81,Credit card,0,7.47,0,1,2,1341.44,0
C-03260,45,Two-year,Standard,64.59,2906.55,Credit card,1,6.88,1,1,8,2769.8,0
C-03261,1,Month-to-month,Basic,33.95,33.95,Electronic check,5,1.8,1,0,29,52.49,1
C-03262,38,One-year,Basic,38.15,1449.7,Credit card,0,1.17,0,0,14,1146.24,0
C-03263,2,Month-to-month,Standard,67.15,134.3,Electronic check,6,2.93,0,0,50,183.1,1
C-03264,25,Month-to-month,Basic,35.77,894.25,Electronic check,2,2.04,0,1,5,694.58,0
C-03265,24,One-year,Premium,96.38,2313.12,Bank transfer,3,24.5,1,0,6,2614.8,0
C-03266,18,Month-to-month,Basic,26.16,470.88,Mailed check,7,0.84,0,0,14,390.29,0
C-03267,19,Month-to-month,Standard,57.68,1095.92,Credit card,4,6.01,0,3,7,105.73,1
C-03268,11,One-year,Basic,30.04,330.44,Electronic check,23,0.42,1,1,83,73.18,1
C-03269,29,One-year,Standard,60.26,1747.54,Mailed check,14,21.36,0,0,6,1290.19,0
C-03270,25,One-year,Standard,49.65,1241.25,Mailed check,5,1.29,1,3,22,73.03,1
C-03271,6,Month-to-month,Basic,33.11,198.66,Credit card,1,2.07,1,1,1,752.8,0
C-03272,21,Month-to-month,Basic,29.13,611.73,Credit card,2,0.66,1,4,0,379.79,0
C-03273,10,One-year,Basic,32.4,324.0,Credit card,0,0.69,0,0,0,822.78,0
C-03274,21,One-year,Standard,50.99,1070.79,Bank transfer,0,5.45,0,0,7,1517.09,0
C-03275,40,Two-year,Standard,55.86,2234.4,Electronic check,2,5.94,0,0,0,2227.19,0
C-03276,49,Two-year,Standard,50.26,2462.74,Credit card,3,21.75,0,0,2,2181.35,0
C-03277,21,Two-year,Standard,66.88,1404.48,Bank transfer,0,8.81,1,2,3,3299.07,0
C-03278,10,Month-to-month,Standard,57.2,572.0,Electronic check,7,4.93,0,4,38,147.25,1
C-03279,53,Month-to-month,Basic,24.5,1298.5,Bank transfer,0,1.67,0,3,16,328.62,0
C-03280,24,One-year,Basic,20.82,499.68,Mailed check,22,0.59,0,2,78,27.97,1
C-03281,1,Month-to-month,Basic,33.51,33.51,Electronic check,6,0.33,0,2,22,97.58,1
C-03282,23,Month-to-month,Premium,84.66,1947.18,Credit card,2,16.5,0,0,3,1194.72,0
C-03283,47,Two-year,Premium,119.53,5617.91,Bank transfer,0,9.87,1,0,0,4842.38,0
C-03284,35,Two-year,Basic,30.67,1073.45,Credit card,4,2.38,0,0,0,859.87,0
C-03285,1,Month-to-month,Standard,52.22,52.22,Bank transfer,7,3.98,0,0,23,150.69,1
C-03286,8,Month-to-month,Premium,104.6,836.8,Mailed check,7,14.0,1,2,34,324.26,1
C-03287,3,Month-to-month,Standard,51.88,155.64,Mailed check,32,2.45,1,1,30,102.95,1
C-03288,45,Two-year,Basic,36.41,1638.45,Bank transfer,5,5.55,1,2,7,1818.94,0
C-03289,37,Two-year,Basic,26.16,967.92,Credit card,2,2.2,1,1,1,1255.92,0
C-03290,2,Month-to-month,Standard,69.71,139.42,Credit card,12,5.06,0,2,255,78.34,1
C-03291,2,Month-to-month,Premium,102.23,204.46,Bank transfer,3,7.87,1,0,15,255.2,1
C-03292,48,Two-year,Standard,66.11,3173.28,Credit card,0,5.23,0,1,7,4076.9,0
C-03293,10,Month-to-month,Basic,21.46,214.6,Bank transfer,0,1.31,0,2,46,42.88,1
C-03294,11,One-year,Basic,26.97,296.67,Credit card,1,1.93,1,0,2,963.1,0
C-03295,23,Two-year,Standard,63.44,1459.12,Credit card,1,14.87,1,1,5,2489.14,0
C-03296,21,Month-to-month,Premium,104.48,2194.08,Credit card,4,8.13,1,4,35,128.22,1
C-03297,17,One-year,Standard,49.86,847.62,Mailed check,30,1.45,0,3,75,118.37,1
C-03298,15,Month-to-month,Standard,53.91,808.65,Electronic check,3,7.6,0,2,41,173.62,1
C-03299,9,Month-to-month,Basic,25.27,227.43,Credit card,0,1.3,0,0,2,363.03,0
C-03300,54,Two-year,Premium,102.6,5540.4,Credit card,0,33.54,1,0,7,4738.4,0
C-03301,18,Month-to-month,Standard,53.61,964.98,Bank transfer,5,6.92,1,4,33,129.76,1
C-03302,31,Two-year,Basic,26.18,811.58,Credit card,3,1.66,0,1,2,1139.99,0
C-03303,34,One-year,Standard,50.18,1706.12,Bank transfer,1,18.06,0,0,2,1700.35,0
C-03304,13,Month-to-month,Basic,28.18,366.34,Electronic check,10,2.46,0,1,6,346.34,0
C-03305,8,Month-to-month,Basic,23.91,191.28,Bank transfer,10,1.52,1,1,31,56.15,1
C-03306,3,Month-to-month,Basic,39.25,117.75,Bank transfer,5,0.31,1,2,35,71.22,1
C-03307,13,Month-to-month,Basic,23.09,300.17,Bank transfer,2,1.03,0,3,74,16.67,1
C-03308,2,Month-to-month,Basic,38.27,76.54,Mailed check,8,0.21,0,2,22,44.97,1
C-03309,15,Month-to-month,Standard,55.71,835.65,Mailed check,1,25.2,1,0,11,1112.42,0
C-03310,16,Month-to-month,Standard,54.45,871.2,Bank transfer,5,2.7,0,0,5,1423.05,0
C-03311,27,One-year,Standard,50.78,1371.06,Credit card,8,7.29,1,0,2,990.79,0
C-03312,23,One-year,Basic,32.72,752.56,Bank transfer,2,1.26,0,1,4,1248.12,0
C-03313,34,One-year,Basic,33.71,1146.14,Credit card,1,2.82,0,1,10,1123.49,0
C-03314,2,Month-to-month,Standard,56.69,113.38,Bank transfer,1,10.99,1,3,18,156.9,1
C-03315,1,Month-to-month,Basic,21.11,21.11,Bank transfer,4,0.74,0,1,12,39.62,1
C-03316,28,One-year,Basic,38.37,1074.36,Credit card,0,8.85,0,1,4,1344.63,0
C-03317,10,Month-to-month,Premium,119.11,1191.1,Credit card,1,12.32,1,0,13,3465.78,0
C-03318,1,Month-to-month,Standard,55.78,55.78,Bank transfer,0,4.13,0,0,5,1067.91,0
C-03319,45,Two-year,Premium,102.61,4617.45,Mailed check,48,15.7,1,0,1,3921.71,0
C-03320,39,One-year,Standard,56.26,2194.14,Bank transfer,0,9.71,0,0,0,2340.3,0
C-03321,12,One-year,Basic,26.44,317.28,Electronic check,15,1.21,0,0,0,905.37,0
C-03322,15,Month-to-month,Standard,46.93,703.95,Credit card,6,1.1,1,0,36,103.05,1
C-03323,25,One-year,Basic,29.12,728.0,Bank transfer,0,2.75,0,1,6,1290.5,0
C-03324,16,One-year,Standard,65.46,1047.36,Bank transfer,0,4.29,0,0,0,2700.74,0
C-03325,29,One-year,Basic,20.34,589.86,Electronic check,33,0.45,1,0,111,48.49,1
C-03326,26,One-year,Premium,101.19,2630.94,Credit card,2,20.1,1,0,5,2304.12,0
C-03327,54,Two-year,Basic,37.62,2031.48,Bank transfer,0,1.73,0,0,9,1667.39,0
C-03328,24,One-year,Premium,84.79,2034.96,Credit card,0,40.65,1,0,0,2673.07,0
C-03329,5,Month-to-month,Premium,83.25,416.25,Credit card,5,5.52,1,4,23,164.67,1
C-03330,11,One-year,Standard,64.31,707.41,Mailed check,3,5.86,0,0,1,1685.52,0
C-03331,20,One-year,Standard,51.38,1027.6,Credit card,0,12.79,1,4,8,1461.73,0
C-03332,27,One-year,Standard,49.8,1344.6,Credit card,2,14.6,1,0,2,1912.82,0
C-03333,32,Month-to-month,Premium,92.01,2944.32,Bank transfer,1,50.12,1,0,7,1770.39,0
C-03334,2,Month-to-month,Standard,54.81,109.62,Mailed check,6,11.96,1,1,8,831.86,0
C-03335,53,Two-year,Standard,66.85,3543.05,Bank transfer,4,9.76,1,1,10,3648.61,0
C-03336,23,One-year,Standard,60.46,1390.58,Electronic check,6,12.74,0,0,12,2084.99,0
C-03337,34,Two-year,Premium,93.27,3171.18,Mailed check,22,21.46,1,0,5,4443.08,0
C-03338,22,One-year,Standard,58.36,1283.92,Credit card,2,2.63,1,3,29,64.94,1
C-03339,21,One-year,Standard,68.85,1445.85,Bank transfer,0,3.11,0,3,1,1999.37,0
C-03340,21,One-year,Standard,47.83,1004.43,Bank transfer,0,15.43,0,4,0,1430.94,0
C-03341,37,Two-year,Premium,84.35,3120.95,Electronic check,2,27.27,1,1,4,4792.48,0
C-03342,20,One-year,Standard,69.06,1381.2,Credit card,7,14.39,1,1,0,1676.61,0
C-03343,10,One-year,Basic,39.15,391.5,Credit card,6,0.49,0,1,14,1087.85,0
C-03344,22,Month-to-month,Standard,49.43,1087.46,Electronic check,13,3.39,1,3,76,159.68,1
C-03345,11,Month-to-month,Premium,81.53,896.83,Bank transfer,10,4.78,1,5,32,147.54,1
C-03346,35,One-year,Standard,55.53,1943.55,Bank transfer,9,9.29,0,3,61,109.79,1
C-03347,17,Month-to-month,Premium,77.24,1313.08,Bank transfer,1,6.75,1,3,49,267.31,1
C-03348,21,Month-to-month,Basic,33.1,695.1,Credit card,0,0.99,0,1,19,42.51,1
C-03349,10,Month-to-month,Standard,46.94,469.4,Bank transfer,3,2.66,0,2,61,143.3,1
C-03350,22,Month-to-month,Standard,46.45,1021.9,Bank transfer,1,11.45,1,2,27,729.55,0
C-03351,7,Month-to-month,Premium,96.83,677.81,Mailed check,12,5.31,1,1,31,210.48,1
C-03352,3,Month-to-month,Basic,39.16,117.48,Credit card,1,0.39,0,0,48,87.48,1
C-03353,50,Two-year,Premium,94.21,4710.5,Mailed check,3,18.37,1,0,3,4302.75,0
C-03354,24,One-year,Standard,53.91,1293.84,Bank transfer,1,35.16,0,3,5,1211.3,0
C-03355,23,Month-to-month,Basic,39.96,919.08,Credit card,10,1.1,0,3,10,58.8,1
C-03356,1,Month-to-month,Basic,30.64,30.64,Electronic check,7,0.92,0,1,57,56.29,1
C-03357,32,One-year,Basic,27.5,880.0,Credit card,1,0.96,1,0,1,652.98,0
C-03358,5,Month-to-month,Standard,54.65,273.25,Mailed check,4,15.16,1,1,2,981.97,0
C-03359,43,Two-year,Basic,23.9,1027.7,Mailed check,16,2.21,0,0,1,965.94,0
C-03360,31,One-year,Basic,30.24,937.44,Credit card,1,3.71,0,0,6,689.85,0
C-03361,31,One-year,Premium,94.75,2937.25,Credit card,0,28.82,1,3,4,1642.44,0
C-03362,14,Month-to-month,Basic,25.42,355.88,Bank transfer,3,2.01,1,1,8,714.5,0
C-03363,26,One-year,Basic,23.21,603.46,Bank transfer,0,0.55,0,3,31,44.59,1
C-03364,9,Month-to-month,Standard,52.78,475.02,Bank transfer,14,1.62,1,4,20,77.11,1
C-03365,40,Two-year,Standard,57.72,2308.8,Credit card,1,5.69,0,0,1,2205.0,0
C-03366,15,One-year,Standard,46.46,696.9,Bank transfer,0,11.29,0,0,4,1191.12,0
C-03367,4,Month-to-month,Standard,48.84,195.36,Credit card,1,9.23,0,2,7,24.88,1
C-03368,15,Month-to-month,Standard,68.69,1030.35,Electronic check,5,2.39,1,5,12,104.37,1
C-03369,1,Month-to-month,Standard,58.57,58.57,Electronic check,0,8.81,0,0,2,1303.31,0
C-03370,10,One-year,Basic,21.27,212.7,Bank transfer,1,0.21,1,3,33,31.54,1
C-03371,8,Month-to-month,Basic,33.86,270.88,Mailed check,2,2.15,0,2,126,84.45,1
C-03372,19,One-year,Standard,46.55,884.45,Credit card,2,17.61,0,1,1,1737.65,0
C-03373,1,Month-to-month,Basic,34.78,34.78,Credit card,7,1.25,0,3,173,87.47,1
C-03374,27,One-year,Standard,63.75,1721.25,Bank transfer,2,11.52,1,0,0,1929.92,0
C-03375,35,Two-year,Standard,61.28,2144.8,Bank transfer,0,22.91,1,0,1,3661.53,0
C-03376,19,One-year,Basic,34.64,658.16,Bank transfer,1,1.35,0,0,1,1350.7,0
C-03377,18,One-year,Basic,21.76,391.68,Mailed check,2,1.28,0,0,1,529.75,0
C-03378,15,Month-to-month,Basic,34.54,518.1,Mailed check,25,0.57,0,4,78,45.15,1
C-03379,1,Month-to-month,Standard,48.42,48.42,Bank transfer,8,5.68,1,0,20,79.77,1
C-03380,20,One-year,Standard,53.49,1069.8,Electronic check,0,4.41,0,0,1,1471.72,0
C-03381,4,Month-to-month,Standard,68.57,274.28,Credit card,10,2.57,0,4,19,201.42,1
C-03382,12,Month-to-month,Basic,30.06,360.72,Credit card,3,4.69,0,2,12,685.08,0
C-03383,1,Month-to-month,Standard,69.19,69.19,Electronic check,14,2.04,0,3,16,145.86,1
C-03384,21,Month-to-month,Premium,79.0,1659.0,Bank transfer,1,36.36,1,1,1,1503.17,0
C-03385,24,Month-to-month,Basic,29.55,709.2,Bank transfer,2,1.13,0,0,20,338.53,0
C-03386,41,Two-year,Standard,46.56,1908.96,Credit card,10,13.38,1,0,4,2746.85,0
C-03387,1,Month-to-month,Premium,103.36,103.36,Bank transfer,2,12.06,1,0,5,1971.21,0
C-03388,38,One-year,Basic,21.57,819.66,Credit card,0,0.75,0,0,7,466.25,0
C-03389,4,Month-to-month,Standard,49.38,197.52,Bank transfer,1,13.96,1,0,2,389.87,0
C-03390,14,One-year,Basic,25.18,352.52,Credit card,0,4.13,0,0,20,499.32,0
C-03391,18,Month-to-month,Standard,63.72,1146.96,Credit card,7,1.32,0,0,14,131.2,1
C-03392,32,Two-year,Basic,23.28,744.96,Credit card,4,1.53,0,0,0,524.81,0
C-03393,55,Two-year,Premium,113.1,6220.5,Credit card,1,57.71,1,0,3,4107.27,0
C-03394,13,Month-to-month,Standard,48.3,627.9,Mailed check,19,2.69,0,4,47,115.17,1
C-03395,38,Two-year,Standard,45.88,1743.44,Credit card,4,8.68,0,3,0,2001.88,0
C-03396,23,Two-year,Standard,54.88,1262.24,Credit card,0,24.94,1,0,4,1659.97,0
C-03397,72,Two-year,Standard,69.49,5003.28,Bank transfer,1,7.3,1,0,0,2896.82,0
C-03398,40,Two-year,Standard,47.76,1910.4,Bank transfer,0,6.1,1,2,3,2245.84,0
C-03399,3,Month-to-month,Premium,79.58,238.74,Credit card,2,36.88,0,0,1,1880.95,0
C-03400,33,One-year,Premium,108.8,3590.4,Credit card,0,17.19,1,2,14,3659.56,0
C-03401,8,Month-to-month,Standard,52.8,422.4,Mailed check,12,8.28,1,0,0,1083.02,0
C-03402,1,Month-to-month,Premium,107.28,107.28,Electronic check,6,1.91,1,2,26,276.32,1
C-03403,55,Two-year,Standard,50.0,2750.0,Bank transfer,0,10.09,0,1,6,1562.67,0
C-03404,6,Month-to-month,Standard,56.5,339.0,Bank transfer,0,9.4,0,0,7,1438.89,0
C-03405,22,One-year,Standard,51.63,1135.86,Credit card,0,16.13,1,0,13,2064.02,0
C-03406,19,Two-year,Basic,29.03,551.57,Credit card,0,3.09,0,1,12,1215.75,0
C-03407,41,Two-year,Basic,35.38,1450.58,Bank transfer,1,2.65,0,4,22,638.41,0
C-03408,50,Two-year,Basic,35.24,1762.0,Mailed check,11,2.45,0,1,1,2160.02,0
C-03409,1,Month-to-month,Standard,57.89,57.89,Credit card,0,8.64,0,1,1,86.4,0
C-03410,5,Month-to-month,Basic,38.57,192.85,Electronic check,7,0.46,0,4,66,88.82,1
C-03411,17,Month-to-month,Standard,51.59,877.03,Credit card,1,4.63,1,0,2,789.05,0
C-03412,15,Month-to-month,Premium,85.81,1287.15,Credit card,0,7.58,1,0,8,1234.91,0
C-03413,7,Month-to-month,Basic,32.28,225.96,Credit card,1,3.6,0,0,0,497.35,0
C-03414,2,Month-to-month,Standard,60.53,121.06,Credit card,8,2.92,0,0,7,127.48,1
C-03415,43,One-year,Basic,20.93,899.99,Mailed check,0,1.89,0,1,0,268.9,0
C-03416,13,One-year,Basic,32.16,418.08,Bank transfer,0,3.45,0,0,7,915.73,0
C-03417,72,Month-to-month,Standard,54.36,3913.92,Credit card,10,5.82,0,0,12,512.75,0
C-03418,34,One-year,Standard,63.69,2165.46,Mailed check,13,5.91,0,0,8,1653.94,0
C-03419,6,Month-to-month,Standard,65.2,391.2,Mailed check,6,2.8,0,0,119,138.85,1
C-03420,4,Month-to-month,Basic,31.04,124.16,Electronic check,8,1.22,0,1,40,83.83,1
C-03421,32,One-year,Standard,45.04,1441.28,Mailed check,18,3.49,1,0,1,1086.36,0
C-03422,23,One-year,Basic,32.73,752.79,Credit card,3,1.37,1,2,4,1450.68,0
C-03423,34,One-year,Basic,34.98,1189.32,Electronic check,2,2.33,0,1,2,799.36,0
C-03424,52,Month-to-month,Basic,24.98,1298.96,Electronic check,4,1.1,0,2,22,319.58,0
C-03425,34,Two-year,Basic,29.29,995.86,Mailed check,10,1.45,0,2,3,1707.18,0
C-03426,23,One-year,Basic,39.31,904.13,Electronic check,0,0.67,1,2,8,1101.39,0
C-03427,21,One-year,Basic,25.96,545.16,Credit card,5,2.73,0,0,5,816.25,0
C-03428,24,One-year,Premium,85.04,2040.96,Electronic check,3,17.39,1,2,0,2218.5,0
C-03429,34,Two-year,Basic,24.22,823.48,Credit card,0,1.16,0,0,4,1072.03,0
C-03430,13,One-year,Basic,31.18,405.34,Credit card,13,0.35,0,1,127,71.08,1
C-03431,23,One-year,Basic,39.0,897.0,Credit card,1,0.56,1,3,46,117.66,1
C-03432,59,Two-year,Standard,60.22,3552.98,Mailed check,0,3.5,0,0,2,2974.98,0
C-03433,24,One-year,Basic,26.07,625.68,Credit card,2,5.32,0,0,11,871.52,0
C-03434,5,Month-to-month,Premium,103.74,518.7,Bank transfer,1,3.16,1,0,27,288.95,1
C-03435,21,One-year,Premium,103.12,2165.52,Bank transfer,2,19.58,1,0,7,2709.88,0
C-03436,25,Month-to-month,Basic,31.94,798.5,Mailed check,0,2.12,0,1,14,387.26,0
C-03437,6,Month-to-month,Standard,48.99,293.94,Credit card,0,5.67,1,0,6,580.76,0
C-03438,16,One-year,Basic,32.69,523.04,Electronic check,1,2.24,0,1,2,748.99,0
C-03439,49,Two-year,Standard,55.75,2731.75,Mailed check,13,5.59,1,0,5,2094.01,0
C-03440,49,Two-year,Standard,45.46,2227.54,Bank transfer,0,22.6,1,0,1,2682.03,0
C-03441,23,Month-to-month,Basic,30.8,708.4,Bank transfer,0,1.15,0,0,5,206.18,0
C-03442,31,One-year,Basic,39.79,1233.49,Electronic check,10,0.62,1,2,4,1381.75,0
C-03443,1,Month-to-month,Standard,53.74,53.74,Mailed check,29,1.41,0,5,39,54.81,1
C-03444,61,Two-year,Standard,69.14,4217.54,Electronic check,7,11.38,0,0,0,4557.19,0
C-03445,36,Two-year,Basic,21.92,789.12,Credit card,8,0.33,0,5,18,50.9,1
C-03446,22,One-year,Standard,63.31,1392.82,Mailed check,8,14.17,0,1,2,1455.54,0
C-03447,33,Two-year,Standard,47.86,1579.38,Bank transfer,1,12.2,0,0,1,2038.05,0
C-03448,23,One-year,Premium,87.31,2008.13,Bank transfer,3,17.85,1,0,10,2560.74,0
C-03449,29,One-year,Basic,31.42,911.18,Electronic check,13,1.58,0,1,7,1102.37,0
C-03450,42,Month-to-month,Standard,59.82,2512.44,Credit card,5,7.16,1,0,8,1197.33,0
C-03451,1,Month-to-month,Standard,64.38,64.38,Electronic check,10,12.46,1,2,24,128.07,1
C-03452,28,One-year,Basic,32.31,904.68,Bank transfer,0,2.84,0,0,2,786.58,0
C-03453,37,One-year,Standard,59.84,2214.08,Mailed check,15,4.86,0,1,54,105.8,1
C-03454,6,Month-to-month,Standard,67.81,406.86,Credit card,3,14.95,0,0,4,1766.55,0
C-03455,45,Two-year,Premium,95.35,4290.75,Bank transfer,3,23.76,1,1,1,6605.86,0
C-03456,2,Month-to-month,Basic,24.51,49.02,Electronic check,21,0.42,0,3,99,70.64,1
C-03457,29,One-year,Standard,49.04,1422.16,Credit card,1,10.18,0,1,0,1096.09,0
C-03458,22,One-year,Basic,28.0,616.0,Credit card,2,1.95,0,1,9,1160.92,0
C-03459,31,One-year,Premium,107.07,3319.17,Mailed check,0,23.41,1,0,0,2928.86,0
C-03460,20,One-year,Basic,20.85,417.0,Credit card,1,1.81,0,0,0,626.04,0
C-03461,19,Month-to-month,Premium,80.81,1535.39,Mailed check,6,8.79,1,2,2,842.57,0
C-03462,10,Month-to-month,Premium,79.78,797.8,Credit card,7,22.79,1,2,40,166.81,1
C-03463,33,One-year,Basic,31.71,1046.43,Bank transfer,3,1.96,0,1,0,752.14,0
C-03464,27,One-year,Premium,85.93,2320.11,Electronic check,9,12.1,1,0,3,3523.52,0
C-03465,2,Month-to-month,Premium,82.48,164.96,Electronic check,5,6.15,1,0,37,332.84,1
C-03466,16,One-year,Basic,31.86,509.76,Bank transfer,0,1.31,0,0,5,955.39,0
C-03467,5,Month-to-month,Standard,64.03,320.15,Bank transfer,1,5.47,1,3,53,152.5,1
C-03468,25,One-year,Standard,53.3,1332.5,Electronic check,2,2.58,1,2,70,93.48,1
C-03469,27,Two-year,Basic,31.56,852.12,Credit card,0,3.35,0,1,9,1552.74,0
C-03470,6,Month-to-month,Basic,21.96,131.76,Bank transfer,8,1.02,0,4,7,33.53,1
C-03471,6,Month-to-month,Basic,38.7,232.2,Credit card,3,0.69,1,1,68,87.04,1
C-03472,30,One-year,Basic,26.74,802.2,Bank transfer,0,1.47,0,0,5,888.15,0
C-03473,15,One-year,Standard,69.94,1049.1,Credit card,1,5.85,0,0,13,2265.38,0
C-03474,16,One-year,Basic,39.57,633.12,Credit card,5,2.0,0,0,4,1423.46,0
C-03475,55,Two-year,Premium,110.05,6052.75,Bank transfer,2,22.09,1,2,5,4881.41,0
C-03476,45,Two-year,Standard,45.5,2047.5,Credit card,7,5.5,0,2,2,3407.88,0
C-03477,50,Two-year,Basic,30.87,1543.5,Credit card,2,1.14,0,0,5,1280.33,0
C-03478,15,One-year,Standard,47.17,707.55,Electronic check,3,8.45,1,1,5,1164.92,0
C-03479,1,Month-to-month,Standard,67.38,67.38,Bank transfer,4,3.74,1,4,49,33.69,1
C-03480,20,Month-to-month,Premium,110.53,2210.6,Mailed check,5,13.86,1,1,1,2492.79,0
C-03481,17,Month-to-month,Basic,39.45,670.65,Electronic check,2,3.05,0,0,5,39.45,0
C-03482,31,One-year,Basic,32.17,997.27,Credit card,1,4.88,0,1,2,877.16,0
C-03483,1,Month-to-month,Premium,98.5,98.5,Bank transfer,4,16.57,1,3,107,137.74,1
C-03484,56,Two-year,Premium,98.35,5507.6,Credit card,4,17.11,1,1,0,3305.85,0
C-03485,14,One-year,Standard,54.66,765.24,Electronic check,2,8.76,0,0,10,1667.8,0
C-03486,31,One-year,Standard,56.72,1758.32,Mailed check,6,22.74,0,0,0,2503.48,0
C-03487,1,Month-to-month,Basic,32.71,32.71,Bank transfer,4,0.28,0,2,34,84.52,1
C-03488,5,Month-to-month,Standard,68.32,341.6,Electronic check,0,7.51,1,0,34,94.94,1
C-03489,1,Month-to-month,Basic,31.92,31.92,Credit card,3,0.39,1,2,28,114.66,1
C-03490,4,Month-to-month,Basic,37.14,148.56,Bank transfer,0,4.67,1,0,10,505.21,0
C-03491,1,Month-to-month,Premium,113.83,113.83,Mailed check,4,19.78,1,0,0,2795.84,0
C-03492,27,One-year,Basic,30.38,820.26,Credit card,1,6.14,0,0,13,489.08,0
C-03493,42,Two-year,Standard,53.69,2254.98,Credit card,1,25.45,1,2,0,2452.41,0
C-03494,51,Two-year,Premium,103.78,5292.78,Bank transfer,2,23.26,0,0,15,3747.85,0
C-03495,18,One-year,Basic,28.92,520.56,Electronic check,15,0.54,0,2,42,105.9,1
C-03496,4,Month-to-month,Premium,78.66,314.64,Bank transfer,15,8.7,1,0,39,113.76,1
C-03497,33,Two-year,Premium,92.0,3036.0,Mailed check,17,22.42,1,0,9,3476.69,0
C-03498,37,Two-year,Standard,69.85,2584.45,Credit card,2,7.09,1,1,0,3677.7,0
C-03499,2,Month-to-month,Basic,20.97,41.94,Bank transfer,6,0.23,0,0,79,37.75,1
C-03500,33,One-year,Basic,33.93,1119.69,Electronic check,19,0.56,0,2,28,126.14,1
C-03501,1,Month-to-month,Standard,66.03,66.03,Credit card,2,1.38,0,0,18,148.37,1
C-03502,43,Two-year,Basic,32.97,1417.71,Electronic check,0,2.65,1,0,4,1604.11,0
C-03503,40,Two-year,Basic,31.39,1255.6,Credit card,1,3.31,0,1,12,1732.86,0
C-03504,5,Month-to-month,Premium,106.84,534.2,Credit card,13,17.47,1,4,149,194.72,1
C-03505,51,Two-year,Basic,28.59,1458.09,Credit card,2,2.39,0,0,6,1440.36,0
C-03506,33,One-year,Standard,47.28,1560.24,Mailed check,4,5.41,0,1,12,1101.6,0
C-03507,50,Two-year,Basic,39.25,1962.5,Bank transfer,0,0.36,0,3,52,58.97,1
C-03508,4,Month-to-month,Standard,55.81,223.24,Electronic check,1,14.52,1,0,8,698.57,0
C-03509,51,Two-year,Premium,104.94,5351.94,Credit card,1,18.3,0,2,22,5446.67,0
C-03510,1,Month-to-month,Basic,30.63,30.63,Bank transfer,0,0.77,0,2,54,44.96,1
C-03511,1,Month-to-month,Basic,21.09,21.09,Bank transfer,0,1.87,0,0,1,478.29,0
C-03512,3,Month-to-month,Standard,68.82,206.46,Mailed check,4,24.47,0,2,6,881.35,0
C-03513,32,Two-year,Standard,64.81,2073.92,Electronic check,5,15.04,0,0,21,2484.19,0
C-03514,39,Two-year,Standard,48.73,1900.47,Electronic check,0,13.01,0,0,6,2455.28,0
C-03515,48,Two-year,Basic,39.63,1902.24,Credit card,0,0.85,0,0,10,1957.15,0
C-03516,43,Two-year,Basic,34.74,1493.82,Bank transfer,0,2.2,0,1,0,1965.22,0
C-03517,4,Month-to-month,Premium,96.25,385.0,Bank transfer,3,11.0,1,3,56,101.46,1
C-03518,11,Month-to-month,Premium,102.51,1127.61,Mailed check,2,22.61,1,0,7,898.94,0
C-03519,2,Month-to-month,Standard,47.67,95.34,Credit card,1,3.53,1,0,1,1205.9,0
C-03520,9,Month-to-month,Premium,100.22,901.98,Credit card,1,14.24,1,0,0,989.6,0
C-03521,1,Month-to-month,Standard,46.84,46.84,Bank transfer,5,1.39,1,0,112,124.77,1
C-03522,1,Month-to-month,Standard,58.62,58.62,Credit card,3,4.63,1,3,46,29.31,1
C-03523,26,Month-to-month,Basic,31.05,807.3,Credit card,3,0.26,0,3,61,76.21,1
C-03524,8,Month-to-month,Standard,66.86,534.88,Mailed check,0,2.75,0,2,38,133.12,1
C-03525,26,Month-to-month,Standard,63.13,1641.38,Bank transfer,2,7.27,0,0,22,146.7,1
C-03526,4,Month-to-month,Basic,24.99,99.96,Mailed check,39,0.93,0,2,46,65.32,1
C-03527,32,Two-year,Standard,67.21,2150.72,Electronic check,22,8.35,1,0,16,3862.75,0
C-03528,10,One-year,Standard,59.33,593.3,Credit card,0,8.42,1,1,0,2000.61,0
C-03529,47,Two-year,Standard,60.16,2827.52,Bank transfer,0,4.03,1,0,8,3390.0,0
C-03530,25,Month-to-month,Standard,49.22,1230.5,Credit card,1,12.72,0,0,0,1217.61,0
C-03531,1,Month-to-month,Premium,113.6,113.6,Mailed check,8,7.02,1,2,7,343.01,1
C-03532,37,One-year,Basic,38.62,1428.94,Bank transfer,0,1.98,0,4,0,1318.82,0
C-03533,12,Month-to-month,Standard,64.37,772.44,Bank transfer,1,11.78,1,0,4,792.82,0
C-03534,4,Month-to-month,Standard,68.52,274.08,Credit card,0,28.95,1,0,0,1130.05,0
C-03535,1,Month-to-month,Standard,52.56,52.56,Bank transfer,4,1.53,1,5,27,100.95,1
C-03536,7,Month-to-month,Basic,37.22,260.54,Credit card,5,1.6,1,2,29,54.2,1
C-03537,7,Month-to-month,Basic,29.78,208.46,Bank transfer,6,0.74,0,3,92,32.25,1
C-03538,1,Month-to-month,Premium,82.38,82.38,Electronic check,0,17.83,1,1,0,1940.16,0
C-03539,20,One-year,Standard,61.72,1234.4,Electronic check,7,12.93,0,0,0,1999.87,0
C-03540,5,Month-to-month,Premium,105.79,528.95,Credit card,1,55.8,1,0,4,1479.72,0
C-03541,3,Month-to-month,Standard,52.17,156.51,Bank transfer,0,5.7,1,0,6,950.86,0
C-03542,28,Two-year,Standard,45.69,1279.32,Mailed check,19,10.43,0,1,10,2330.55,0
C-03543,1,Month-to-month,Premium,83.99,83.99,Credit card,1,30.04,1,1,5,930.49,0
C-03544,1,Month-to-month,Standard,54.99,54.99,Mailed check,8,12.43,1,1,22,726.43,0
C-03545,43,Two-year,Basic,23.35,1004.05,Credit card,1,2.96,0,0,4,1047.48,0
C-03546,11,Month-to-month,Standard,49.85,548.35,Electronic check,2,3.74,0,1,13,93.52,1
C-03547,1,Month-to-month,Premium,92.61,92.61,Bank transfer,1,31.71,1,0,2,780.63,0
C-03548,1,Month-to-month,Basic,39.24,39.24,Bank transfer,2,0.47,0,4,52,101.9,1
C-03549,24,Month-to-month,Basic,35.28,846.72,Mailed check,0,2.19,0,2,6,641.65,0
C-03550,23,One-year,Basic,26.39,606.97,Credit card,1,1.59,0,0,5,739.28,0
C-03551,52,Two-year,Premium,117.82,6126.64,Credit card,0,13.26,1,0,2,4813.2,0
C-03552,22,Month-to-month,Basic,32.91,724.02,Bank transfer,0,1.56,0,1,0,392.3,0
C-03553,27,One-year,Standard,56.39,1522.53,Electronic check,9,10.61,0,0,2,1698.85,0
C-03554,19,One-year,Standard,56.71,1077.49,Credit card,0,11.72,1,0,0,1772.8,0
C-03555,2,Month-to-month,Standard,55.27,110.54,Electronic check,8,0.77,0,2,10,197.63,1
C-03556,23,One-year,Standard,50.82,1168.86,Bank transfer,4,5.14,0,0,2,2361.89,0
C-03557,1,Month-to-month,Basic,27.73,27.73,Credit card,0,2.89,1,0,5,410.25,0
C-03558,2,Month-to-month,Standard,58.2,116.4,Electronic check,10,6.4,0,0,64,71.76,1
C-03559,5,Month-to-month,Standard,58.2,291.0,Credit card,1,15.37,0,0,5,605.48,0
C-03560,1,Month-to-month,Premium,109.28,109.28,Bank transfer,0,48.61,1,0,5,2024.59,0
C-03561,1,Month-to-month,Basic,27.18,27.18,Credit card,1,2.64,1,0,4,285.75,0
C-03562,22,Two-year,Premium,107.26,2359.72,Bank transfer,0,19.94,1,0,4,3668.83,0
C-03563,6,Month-to-month,Standard,59.45,356.7,Bank transfer,0,9.67,1,0,10,808.14,0
C-03564,5,Month-to-month,Premium,118.28,591.4,Bank transfer,0,56.26,0,0,3,1696.29,0
C-03565,10,Month-to-month,Standard,54.63,546.3,Bank transfer,2,20.39,1,2,44,76.9,1
C-03566,18,One-year,Standard,67.53,1215.54,Bank transfer,0,11.92,1,2,1,1152.03,0
C-03567,36,One-year,Premium,111.93,4029.48,Credit card,3,32.07,0,0,7,3276.46,0
C-03568,24,One-year,Premium,103.69,2488.56,Bank transfer,2,35.26,0,0,3,3020.32,0
C-03569,28,One-year,Standard,61.36,1718.08,Mailed check,0,9.15,1,0,10,2497.46,0
C-03570,37,Two-year,Basic,21.69,802.53,Mailed check,2,3.6,0,1,3,771.71,0
C-03571,25,Month-to-month,Basic,39.0,975.0,Credit card,9,1.68,0,1,37,94.43,1
C-03572,17,One-year,Basic,22.14,376.38,Credit card,1,2.4,0,0,2,980.34,0
C-03573,44,Two-year,Basic,31.26,1375.44,Mailed check,16,1.72,0,2,1,1045.16,0
C-03574,43,Two-year,Basic,26.6,1143.8,Bank transfer,0,0.94,1,0,12,986.73,0
C-03575,44,Two-year,Premium,94.34,4150.96,Bank transfer,0,35.38,1,3,7,3341.61,0
C-03576,13,Month-to-month,Basic,32.2,418.6,Electronic check,2,2.24,1,1,0,665.96,0
C-03577,1,Month-to-month,Standard,67.72,67.72,Credit card,2,3.15,1,3,47,157.52,1
C-03578,16,Month-to-month,Basic,29.15,466.4,Bank transfer,7,0.39,1,2,15,80.53,1
C-03579,21,One-year,Basic,39.75,834.75,Mailed check,6,2.8,0,0,3,1217.69,0
C-03580,8,Month-to-month,Basic,31.86,254.88,Electronic check,12,0.42,0,3,46,109.62,1
C-03581,3,Month-to-month,Basic,23.21,69.63,Credit card,11,0.89,0,1,79,56.47,1
C-03582,37,Two-year,Standard,49.75,1840.75,Credit card,0,14.97,0,0,20,3014.15,0
C-03583,10,Month-to-month,Premium,107.22,1072.2,Credit card,0,32.3,1,0,11,2029.68,0
C-03584,33,Two-year,Basic,21.01,693.33,Electronic check,1,1.66,0,0,2,927.43,0
C-03585,10,Month-to-month,Standard,57.01,570.1,Credit card,4,2.3,1,2,38,105.96,1
C-03586,25,Month-to-month,Standard,48.71,1217.75,Credit card,1,12.84,0,0,20,1277.82,0
C-03587,1,Month-to-month,Premium,94.49,94.49,Mailed check,2,44.71,1,0,0,2151.22,0
C-03588,25,One-year,Standard,63.75,1593.75,Credit card,0,6.4,0,0,12,2286.57,0
C-03589,9,Month-to-month,Standard,56.47,508.23,Credit card,1,3.04,1,3,38,157.77,1
C-03590,4,Month-to-month,Standard,49.09,196.36,Credit card,0,23.31,0,0,0,961.42,0
C-03591,24,Two-year,Premium,86.34,2072.16,Credit card,1,29.06,1,0,4,6575.33,0
C-03592,4,Month-to-month,Basic,27.35,109.4,Bank transfer,4,0.26,0,3,62,49.79,1
C-03593,21,One-year,Standard,46.74,981.54,Mailed check,6,3.78,1,3,32,97.55,1
C-03594,24,One-year,Premium,101.3,2431.2,Mailed check,3,16.97,1,0,3,2675.41,0
C-03595,4,Month-to-month,Standard,60.19,240.76,Bank transfer,8,0.83,0,4,115,144.4,1
C-03596,42,One-year,Standard,46.55,1955.1,Bank transfer,1,14.69,1,0,0,741.52,0
C-03597,7,Month-to-month,Standard,55.06,385.42,Bank transfer,6,2.3,1,1,65,27.53,1
C-03598,11,One-year,Basic,28.28,311.08,Credit card,0,1.72,0,1,5,702.09,0
C-03599,6,Month-to-month,Standard,53.35,320.1,Credit card,0,6.2,0,0,4,1147.16,0
C-03600,13,One-year,Standard,58.94,766.22,Mailed check,9,1.23,1,4,21,166.29,1
C-03601,3,Month-to-month,Standard,53.65,160.95,Credit card,1,20.94,0,0,0,559.99,0
C-03602,25,One-year,Standard,55.41,1385.25,Credit card,2,5.83,0,3,40,36.97,1
C-03603,18,Month-to-month,Premium,110.89,1996.02,Bank transfer,0,60.19,1,0,1,1515.29,0
C-03604,1,Month-to-month,Basic,23.24,23.24,Bank transfer,7,0.65,0,0,28,32.72,1
C-03605,1,Month-to-month,Standard,60.48,60.48,Credit card,0,4.12,0,3,68,131.48,1
C-03606,2,Month-to-month,Standard,57.64,115.28,Credit card,10,0.98,0,3,9,121.06,1
C-03607,29,Two-year,Standard,52.63,1526.27,Bank transfer,2,8.06,1,4,7,3298.26,0
C-03608,38,Month-to-month,Basic,34.55,1312.9,Electronic check,13,2.0,0,2,15,57.66,1
C-03609,45,Two-year,Standard,58.78,2645.1,Credit card,3,6.95,1,0,1,2039.8,0
C-03610,53,Two-year,Premium,96.48,5113.44,Bank transfer,0,52.3,1,2,0,4925.46,0
C-03611,23,One-year,Standard,61.69,1418.87,Bank transfer,0,9.33,0,0,2,1374.1,0
C-03612,40,Month-to-month,Premium,111.1,4444.0,Mailed check,1,6.43,1,0,7,1366.44,0
C-03613,3,Month-to-month,Premium,118.77,356.31,Credit card,0,33.79,1,0,14,3348.14,0
C-03614,30,One-year,Basic,32.59,977.7,Credit card,0,3.79,0,3,0,1220.32,0
C-03615,2,Month-to-month,Basic,37.49,74.98,Bank transfer,5,0.37,0,1,43,62.19,1
C-03616,10,Month-to-month,Premium,75.05,750.5,Electronic check,1,45.45,1,1,2,2171.41,0
C-03617,35,One-year,Premium,98.86,3460.1,Credit card,0,10.66,1,0,2,3622.15,0
C-03618,27,Two-year,Basic,24.29,655.83,Bank transfer,1,1.01,0,0,6,1260.23,0
C-03619,31,One-year,Basic,21.88,678.28,Credit card,0,2.23,0,2,0,537.73,0
C-03620,3,Month-to-month,Basic,30.64,91.92,Credit card,9,0.91,0,2,52,15.32,1
C-03621,11,One-year,Premium,108.61,1194.71,Bank transfer,7,9.77,0,2,39,142.92,1
C-03622,1,Month-to-month,Basic,28.25,28.25,Credit card,6,0.53,0,1,33,45.4,1
C-03623,24,Month-to-month,Standard,61.75,1482.0,Electronic check,4,4.41,0,0,1,668.09,0
C-03624,51,Two-year,Premium,97.04,4949.04,Bank transfer,1,27.29,1,1,7,4778.02,0
C-03625,8,Month-to-month,Basic,28.74,229.92,Bank transfer,0,2.72,0,0,1,165.83,0
C-03626,1,Month-to-month,Standard,52.26,52.26,Bank transfer,3,2.93,1,0,0,1357.85,0
C-03627,2,Month-to-month,Basic,27.65,55.3,Bank transfer,2,0.54,0,0,20,45.18,1
C-03628,53,Two-year,Premium,90.74,4809.22,Credit card,2,20.74,1,2,4,5026.31,0
C-03629,28,One-year,Basic,32.92,921.76,Mailed check,32,0.72,0,3,183,85.0,1
C-03630,21,One-year,Standard,47.9,1005.9,Mailed check,9,5.66,0,3,102,48.5,1
C-03631,38,One-year,Standard,47.32,1798.16,Credit card,1,4.53,1,0,8,760.6,0
C-03632,1,Month-to-month,Basic,33.2,33.2,Credit card,0,1.32,0,2,25,49.4,1
C-03633,3,Month-to-month,Basic,30.93,92.79,Credit card,5,0.89,0,0,39,71.15,1
C-03634,31,Month-to-month,Standard,55.76,1728.56,Electronic check,16,4.75,0,1,93,117.62,1
C-03635,3,Month-to-month,Basic,23.05,69.15,Electronic check,17,0.62,1,1,26,67.6,1
C-03636,3,Month-to-month,Premium,93.5,280.5,Electronic check,14,11.56,0,2,0,1903.1,0
C-03637,43,Two-year,Premium,110.54,4753.22,Electronic check,6,28.2,1,4,6,5820.77,0
C-03638,2,Month-to-month,Standard,67.24,134.48,Bank transfer,3,2.3,1,2,48,90.99,1
C-03639,1,Month-to-month,Standard,62.56,62.56,Bank transfer,30,7.91,1,2,39,112.36,1
C-03640,2,Month-to-month,Standard,46.5,93.0,Electronic check,0,11.88,0,0,7,773.34,0
C-03641,10,Month-to-month,Premium,105.17,1051.7,Bank transfer,0,25.26,0,0,3,2282.97,0
C-03642,63,Two-year,Standard,51.02,3214.26,Bank transfer,0,8.14,0,1,0,2833.16,0
C-03643,1,Month-to-month,Basic,26.31,26.31,Bank transfer,1,0.53,0,3,18,47.73,1
C-03644,16,Month-to-month,Basic,23.92,382.72,Bank transfer,8,0.58,0,2,45,44.02,1
C-03645,9,One-year,Standard,64.39,579.51,Bank transfer,0,8.61,1,1,14,2112.73,0
C-03646,15,Month-to-month,Standard,61.22,918.3,Bank transfer,1,8.61,1,2,13,1811.91,0
C-03647,1,Month-to-month,Standard,60.3,60.3,Electronic check,27,4.17,0,1,41,36.7,1
C-03648,4,Month-to-month,Basic,33.36,133.44,Bank transfer,1,2.25,0,0,12,415.56,0
C-03649,27,One-year,Standard,50.92,1374.84,Bank transfer,1,3.18,1,3,4,1167.84,0
C-03650,44,Two-year,Basic,28.89,1271.16,Electronic check,3,3.06,0,1,4,1006.53,0
C-03651,21,One-year,Basic,32.67,686.07,Bank transfer,9,0.21,0,4,65,44.55,1
C-03652,2,Month-to-month,Standard,60.91,121.82,Credit card,7,1.62,0,1,43,140.19,1
C-03653,26,Two-year,Basic,35.84,931.84,Credit card,2,3.83,0,0,10,2059.3,0
C-03654,4,Month-to-month,Standard,52.18,208.72,Bank transfer,3,26.25,0,0,9,1011.31,0
C-03655,7,Month-to-month,Basic,35.41,247.87,Bank transfer,4,0.3,1,1,75,76.77,1
C-03656,1,Month-to-month,Standard,56.0,56.0,Mailed check,26,1.63,1,4,107,70.84,1
C-03657,12,Month-to-month,Standard,61.75,741.0,Bank transfer,13,5.37,1,2,19,30.88,1
C-03658,34,One-year,Basic,29.11,989.74,Bank transfer,0,0.95,1,3,11,960.59,0
C-03659,25,One-year,Basic,38.97,974.25,Credit card,10,3.01,1,0,11,1584.92,0
C-03660,46,Two-year,Premium,83.07,3821.22,Credit card,0,26.0,1,0,1,4783.55,0
C-03661,21,One-year,Standard,61.88,1299.48,Electronic check,1,10.14,0,0,1,1809.69,0
C-03662,29,One-year,Standard,59.41,1722.89,Credit card,0,5.2,0,0,9,1819.08,0
C-03663,8,Month-to-month,Basic,23.45,187.6,Bank transfer,3,1.12,0,2,264,73.24,1
C-03664,2,Month-to-month,Standard,46.65,93.3,Electronic check,9,4.2,0,1,22,67.32,1
C-03665,28,One-year,Standard,64.98,1819.44,Bank transfer,1,9.74,1,0,11,1713.95,0
C-03666,11,Month-to-month,Standard,48.94,538.34,Mailed check,60,2.58,0,3,59,27.4,1
C-03667,24,Two-year,Standard,49.66,1191.84,Bank transfer,0,6.95,0,0,3,2614.69,0
C-03668,11,Month-to-month,Basic,39.57,435.27,Credit card,4,0.98,0,0,46,63.32,1
C-03669,38,Month-to-month,Basic,34.35,1305.3,Mailed check,1,2.06,0,0,4,556.68,0
C-03670,1,Month-to-month,Premium,86.27,86.27,Mailed check,3,17.44,1,3,36,219.61,1
C-03671,3,Month-to-month,Premium,101.59,304.77,Credit card,28,5.95,1,4,27,142.08,1
C-03672,7,Month-to-month,Basic,30.68,214.76,Credit card,4,1.1,0,1,2,643.86,0
C-03673,26,One-year,Standard,66.11,1718.86,Credit card,0,11.2,1,2,19,2273.94,0
C-03674,1,Month-to-month,Basic,34.59,34.59,Credit card,2,0.81,0,1,22,59.2,1
C-03675,36,One-year,Basic,36.63,1318.68,Mailed check,1,2.98,1,0,1,1344.84,0
C-03676,30,Month-to-month,Basic,24.23,726.9,Bank transfer,3,2.02,0,1,3,421.16,0
C-03677,42,Month-to-month,Basic,32.8,1377.6,Bank transfer,4,1.47,1,3,20,84.37,1
C-03678,5,Month-to-month,Standard,46.01,230.05,Mailed check,10,1.12,1,3,70,69.34,1
C-03679,37,Two-year,Standard,46.72,1728.64,Bank transfer,3,9.84,1,0,7,2515.93,0
C-03680,30,Month-to-month,Basic,34.27,1028.1,Credit card,1,0.73,0,0,23,58.81,1
C-03681,13,One-year,Basic,20.49,266.37,Mailed check,27,1.09,1,0,25,669.66,0
C-03682,7,Month-to-month,Premium,101.09,707.63,Electronic check,23,6.94,1,1,21,230.75,1
C-03683,29,One-year,Basic,36.81,1067.49,Electronic check,3,1.53,0,0,2,986.9,0
C-03684,1,Month-to-month,Standard,54.5,54.5,Bank transfer,1,19.05,1,1,7,841.04,0
C-03685,21,One-year,Basic,20.9,438.9,Electronic check,1,1.51,0,0,10,591.52,0
C-03686,31,One-year,Standard,62.85,1948.35,Credit card,9,4.21,1,0,2,1921.56,0
C-03687,31,Two-year,Basic,38.59,1196.29,Bank transfer,0,2.15,0,3,2,2073.77,0
C-03688,2,Month-to-month,Basic,34.34,68.68,Mailed check,17,1.03,0,2,53,75.2,1
C-03689,48,Month-to-month,Basic,31.57,1515.36,Credit card,0,1.57,0,0,2,31.57,0
C-03690,13,Month-to-month,Basic,24.6,319.8,Electronic check,2,1.86,0,1,8,569.07,0
C-03691,45,Two-year,Standard,45.38,2042.1,Bank transfer,0,16.21,1,1,11,2361.2,0
C-03692,24,One-year,Standard,62.37,1496.88,Credit card,1,13.5,0,0,1,2458.8,0
C-03693,13,One-year,Basic,24.62,320.06,Electronic check,1,2.7,0,1,0,905.75,0
C-03694,6,Month-to-month,Basic,37.16,222.96,Credit card,3,0.36,0,1,94,61.75,1
C-03695,1,Month-to-month,Standard,56.66,56.66,Bank transfer,5,21.14,0,3,69,60.43,1
C-03696,13,Month-to-month,Standard,58.27,757.51,Credit card,2,4.14,0,0,15,200.77,1
C-03697,30,Two-year,Premium,108.93,3267.9,Mailed check,7,31.77,1,0,14,6626.54,0
C-03698,20,One-year,Standard,64.49,1289.8,Credit card,0,4.49,1,0,11,2319.76,0
C-03699,49,Two-year,Standard,61.07,2992.43,Credit card,0,15.94,1,1,1,2445.16,0
C-03700,12,Month-to-month,Standard,68.46,821.52,Credit card,2,3.01,0,3,41,65.6,1
C-03701,8,One-year,Premium,119.2,953.6,Mailed check,15,22.26,1,2,7,3161.62,0
C-03702,45,One-year,Premium,117.61,5292.45,Electronic check,5,10.59,0,0,6,4337.3,0
C-03703,1,Month-to-month,Basic,36.48,36.48,Electronic check,25,0.41,0,3,42,18.24,1
C-03704,22,Two-year,Basic,34.11,750.42,Bank transfer,0,2.51,0,0,9,1389.48,0
C-03705,64,Two-year,Basic,33.27,2129.28,Bank transfer,2,3.33,0,0,11,2487.88,0
C-03706,48,Two-year,Standard,47.59,2284.32,Credit card,1,13.61,0,0,10,2114.78,0
C-03707,25,One-year,Standard,51.79,1294.75,Bank transfer,1,13.34,1,0,0,1569.22,0
C-03708,16,Month-to-month,Standard,45.14,722.24,Credit card,1,8.68,1,0,7,805.52,0
C-03709,5,Month-to-month,Basic,22.75,113.75,Mailed check,5,0.56,0,3,28,76.88,1
C-03710,47,Two-year,Standard,55.98,2631.06,Electronic check,2,10.73,1,0,1,2506.28,0
C-03711,3,Month-to-month,Premium,81.59,244.77,Bank transfer,3,15.8,1,1,48,45.92,1
C-03712,14,One-year,Basic,38.03,532.42,Credit card,0,2.02,0,1,9,1454.44,0
C-03713,23,One-year,Standard,65.14,1498.22,Electronic check,5,18.66,1,0,2,1397.06,0
C-03714,31,One-year,Standard,46.79,1450.49,Credit card,2,7.93,0,0,3,845.06,0
C-03715,38,Two-year,Premium,86.2,3275.6,Credit card,0,15.03,0,0,2,5453.11,0
C-03716,1,Month-to-month,Premium,111.86,111.86,Credit card,0,9.05,0,0,23,290.24,1
C-03717,1,Month-to-month,Standard,65.08,65.08,Bank transfer,9,4.39,0,4,62,111.14,1
C-03718,1,Month-to-month,Standard,68.64,68.64,Electronic check,2,4.24,0,4,30,200.69,1
C-03719,5,Month-to-month,Premium,119.89,599.45,Credit card,0,46.54,1,0,3,2859.55,0
C-03720,58,Month-to-month,Standard,69.41,4025.78,Credit card,0,14.63,0,0,0,965.15,0
C-03721,1,Month-to-month,Basic,28.2,28.2,Bank transfer,0,0.46,0,2,20,60.7,1
C-03722,49,Two-year,Standard,51.26,2511.74,Electronic check,1,22.66,1,0,13,2405.7,0
C-03723,54,Two-year,Basic,35.17,1899.18,Credit card,0,0.51,1,0,11,1454.28,0
C-03724,14,Month-to-month,Basic,25.99,363.86,Credit card,17,1.61,0,0,46,52.9,1
C-03725,6,Month-to-month,Premium,111.29,667.74,Mailed check,47,11.48,1,3,48,290.97,1
C-03726,36,Two-year,Standard,58.35,2100.6,Mailed check,2,8.05,0,0,7,2255.52,0
C-03727,5,Month-to-month,Standard,64.85,324.25,Mailed check,6,3.57,0,2,48,172.39,1
C-03728,25,Month-to-month,Basic,25.52,638.0,Electronic check,10,0.68,0,0,39,13.12,1
C-03729,8,Month-to-month,Basic,30.16,241.28,Credit card,1,0.34,0,2,67,65.62,1
C-03730,12,One-year,Basic,31.28,375.36,Credit card,1,1.88,0,0,9,754.11,0
C-03731,1,Month-to-month,Basic,38.86,38.86,Credit card,1,2.11,1,4,99,126.77,1
C-03732,26,Two-year,Standard,51.66,1343.16,Credit card,0,12.67,1,0,1,1647.04,0
C-03733,33,Month-to-month,Basic,38.73,1278.09,Mailed check,17,1.25,0,0,20,641.5,0
C-03734,10,One-year,Standard,65.12,651.2,Electronic check,10,5.49,0,1,34,86.87,1
C-03735,9,Month-to-month,Basic,34.62,311.58,Electronic check,51,0.63,0,0,49,53.52,1
C-03736,10,Month-to-month,Premium,110.41,1104.1,Credit card,0,18.68,1,0,11,1233.58,0
C-03737,31,One-year,Basic,32.11,995.41,Mailed check,28,1.04,0,0,18,68.65,1
C-03738,30,One-year,Basic,24.88,746.4,Electronic check,4,1.86,0,0,1,791.62,0
C-03739,13,One-year,Basic,23.79,309.27,Credit card,1,1.8,1,0,2,384.65,0
C-03740,29,One-year,Standard,66.66,1933.14,Mailed check,23,2.4,1,3,26,166.56,1
C-03741,45,Two-year,Standard,63.13,2840.85,Credit card,5,2.1,1,0,5,2029.04,0
C-03742,48,Two-year,Standard,50.33,2415.84,Credit card,2,6.58,1,1,9,2430.57,0
C-03743,27,One-year,Standard,60.38,1630.26,Electronic check,2,13.84,1,2,1,2662.55,0
C-03744,30,Month-to-month,Basic,28.95,868.5,Electronic check,6,1.06,0,5,34,37.98,1
C-03745,1,Month-to-month,Standard,48.97,48.97,Credit card,1,4.17,1,0,2,793.62,0
C-03746,6,Month-to-month,Standard,58.3,349.8,Credit card,8,5.59,0,3,33,79.81,1
C-03747,27,One-year,Basic,25.63,692.01,Mailed check,10,1.73,0,0,1,631.34,0
C-03748,8,Month-to-month,Basic,21.92,175.36,Electronic check,2,1.09,0,0,1,435.38,0
C-03749,3,Month-to-month,Basic,29.34,88.02,Electronic check,6,2.09,0,4,82,96.55,1
C-03750,46,Two-year,Basic,31.8,1462.8,Credit card,0,1.19,1,0,0,1515.24,0
C-03751,48,Two-year,Standard,46.17,2216.16,Credit card,5,15.3,0,0,11,2766.85,0
C-03752,50,Two-year,Basic,28.04,1402.0,Credit card,0,1.37,0,0,4,1142.48,0
C-03753,8,Month-to-month,Basic,25.15,201.2,Credit card,2,1.01,0,0,33,72.6,1
C-03754,16,One-year,Basic,20.61,329.76,Credit card,4,1.28,0,2,6,892.46,0
C-03755,3,Month-to-month,Premium,80.65,241.95,Credit card,1,13.2,1,0,10,2041.31,0
C-03756,1,Month-to-month,Premium,81.26,81.26,Bank transfer,2,31.85,1,1,2,1818.42,0
C-03757,22,Month-to-month,Basic,23.66,520.52,Credit card,3,2.47,0,2,18,515.56,0
C-03758,9,Month-to-month,Basic,36.07,324.63,Electronic check,0,3.57,0,1,0,485.08,0
C-03759,17,Month-to-month,Basic,28.79,489.43,Credit card,1,0.61,0,4,11,23.61,1
C-03760,27,Two-year,Standard,48.68,1314.36,Bank transfer,1,34.2,0,0,3,2660.32,0
C-03761,4,Month-to-month,Basic,22.01,88.04,Credit card,1,2.3,1,0,3,292.42,0
C-03762,25,One-year,Standard,52.45,1311.25,Bank transfer,1,12.68,1,0,14,1276.88,0
C-03763,26,One-year,Standard,64.95,1688.7,Credit card,1,3.99,1,1,3,1175.77,0
C-03764,1,Month-to-month,Premium,91.4,91.4,Mailed check,8,4.13,1,0,41,140.8,1
C-03765,42,Month-to-month,Basic,23.2,974.4,Electronic check,3,2.61,0,1,7,568.83,0
C-03766,39,Month-to-month,Premium,93.19,3634.41,Bank transfer,0,23.52,1,0,18,2212.1,0
C-03767,23,One-year,Standard,58.88,1354.24,Credit card,0,10.1,0,0,4,1145.19,0
C-03768,55,Month-to-month,Basic,20.59,1132.45,Bank transfer,1,1.34,0,0,3,251.2,0
C-03769,6,Month-to-month,Basic,32.55,195.3,Electronic check,15,0.98,0,2,33,18.22,1
C-03770,33,Month-to-month,Basic,27.9,920.7,Credit card,0,2.14,0,3,7,563.34,0
C-03771,21,One-year,Basic,20.19,423.99,Bank transfer,2,1.12,0,1,1,635.95,0
C-03772,41,Two-year,Basic,33.48,1372.68,Electronic check,2,2.78,0,0,12,1698.34,0
C-03773,2,Month-to-month,Standard,62.81,125.62,Electronic check,16,1.67,0,1,56,103.34,1
C-03774,17,One-year,Standard,60.72,1032.24,Electronic check,2,10.08,1,0,16,2140.85,0
C-03775,24,One-year,Premium,90.39,2169.36,Mailed check,1,59.31,1,1,1,2501.57,0
C-03776,37,Two-year,Basic,30.59,1131.83,Mailed check,14,2.83,0,0,0,1761.2,0
C-03777,39,Two-year,Premium,92.42,3604.38,Bank transfer,1,34.37,1,1,1,3423.86,0
C-03778,26,One-year,Basic,34.01,884.26,Bank transfer,0,1.29,0,0,6,1256.97,0
C-03779,32,One-year,Standard,59.59,1906.88,Electronic check,2,4.39,1,1,65,139.82,1
C-03780,44,Two-year,Basic,21.64,952.16,Electronic check,0,4.01,0,1,2,1181.54,0
C-03781,35,Month-to-month,Basic,32.86,1150.1,Mailed check,4,1.32,0,1,14,527.44,0
C-03782,7,Month-to-month,Premium,105.93,741.51,Credit card,0,19.35,1,0,3,3021.63,0
C-03783,10,Month-to-month,Basic,27.41,274.1,Bank transfer,1,1.86,1,1,14,39.14,1
C-03784,48,Two-year,Standard,66.89,3210.72,Credit card,4,26.51,0,3,4,4736.51,0
C-03785,36,Two-year,Standard,66.08,2378.88,Credit card,3,4.23,1,1,2,3467.11,0
C-03786,18,Month-to-month,Standard,49.38,888.84,Credit card,0,4.94,1,1,0,1228.3,0
C-03787,45,One-year,Standard,67.61,3042.45,Electronic check,12,8.28,1,0,4,2815.24,0
C-03788,10,Month-to-month,Standard,56.02,560.2,Credit card,3,0.8,0,2,62,146.96,1
C-03789,16,Month-to-month,Basic,34.47,551.52,Electronic check,2,0.54,0,0,24,120.68,1
C-03790,35,Two-year,Standard,65.35,2287.25,Electronic check,8,18.38,0,0,2,3755.78,0
C-03791,10,Month-to-month,Premium,97.73,977.3,Credit card,0,11.95,1,0,0,2189.53,0
C-03792,2,Month-to-month,Basic,27.98,55.96,Credit card,0,2.15,0,0,5,582.71,0
C-03793,28,One-year,Basic,38.31,1072.68,Bank transfer,0,1.51,0,4,13,1266.88,0
C-03794,38,One-year,Standard,50.77,1929.26,Electronic check,4,24.14,1,0,1,1977.94,0
C-03795,58,Month-to-month,Standard,51.42,2982.36,Mailed check,0,6.41,0,1,0,667.46,0
C-03796,30,One-year,Standard,54.04,1621.2,Mailed check,15,22.45,0,2,12,1555.84,0
C-03797,22,One-year,Basic,37.19,818.18,Mailed check,6,1.49,1,0,7,1267.29,0
C-03798,17,Month-to-month,Standard,68.47,1163.99,Bank transfer,0,2.38,1,0,31,97.21,1
C-03799,18,Month-to-month,Basic,24.4,439.2,Mailed check,3,0.53,0,1,70,67.65,1
C-03800,18,One-year,Standard,66.6,1198.8,Electronic check,11,2.35,0,4,46,121.96,1
C-03801,13,Month-to-month,Standard,51.46,668.98,Mailed check,6,1.0,0,3,61,50.33,1
C-03802,38,Two-year,Basic,39.41,1497.58,Credit card,1,2.37,0,0,4,1653.29,0
C-03803,48,Two-year,Standard,59.94,2877.12,Mailed check,14,6.93,0,1,0,3453.34,0
C-03804,46,Two-year,Premium,75.32,3464.72,Bank transfer,0,17.38,1,0,6,2830.28,0
C-03805,11,Month-to-month,Standard,45.85,504.35,Electronic check,2,21.84,0,0,5,560.82,0
C-03806,48,Two-year,Premium,81.64,3918.72,Credit card,1,32.26,1,0,7,4342.51,0
C-03807,4,Month-to-month,Standard,49.69,198.76,Bank transfer,5,2.99,1,3,26,47.03,1
C-03808,4,Month-to-month,Standard,64.19,256.76,Credit card,0,7.14,1,0,1,1373.7,0
C-03809,31,Month-to-month,Basic,24.46,758.26,Credit card,0,1.83,0,0,15,138.03,0
C-03810,1,Month-to-month,Basic,39.38,39.38,Credit card,4,0.79,0,2,123,93.73,1
C-03811,18,One-year,Basic,32.72,588.96,Electronic check,28,2.38,0,0,15,957.19,0
C-03812,1,Month-to-month,Standard,62.31,62.31,Credit card,0,13.26,1,1,1,1732.55,0
C-03813,13,Month-to-month,Premium,84.8,1102.4,Credit card,0,24.16,1,0,5,534.42,0
C-03814,32,One-year,Basic,37.85,1211.2,Credit card,3,1.35,1,0,1,939.84,0
C-03815,4,Month-to-month,Standard,61.7,246.8,Bank transfer,8,6.05,1,4,81,148.96,1
C-03816,31,One-year,Standard,66.61,2064.91,Credit card,1,9.21,0,1,1,1972.64,0
C-03817,7,Month-to-month,Standard,68.91,482.37,Credit card,2,1.74,1,0,77,110.3,1
C-03818,52,Two-year,Basic,22.51,1170.52,Bank transfer,1,0.69,0,0,2,682.4,0
C-03819,46,Two-year,Standard,47.41,2180.86,Electronic check,5,10.79,1,0,14,2475.08,0
C-03820,3,Month-to-month,Basic,36.07,108.21,Credit card,0,1.33,0,1,6,1139.34,0
C-03821,13,Month-to-month,Basic,37.32,485.16,Credit card,3,2.5,0,1,0,506.66,0
C-03822,8,Month-to-month,Premium,101.27,810.16,Credit card,0,16.65,1,0,2,1868.8,0
C-03823,56,Two-year,Basic,27.32,1529.92,Mailed check,3,2.15,0,1,5,1407.41,0
C-03824,1,Month-to-month,Basic,33.05,33.05,Bank transfer,0,0.36,1,2,41,55.53,1
C-03825,23,Month-to-month,Premium,88.75,2041.25,Bank transfer,4,9.85,0,3,24,174.46,1
C-03826,7,Month-to-month,Basic,24.77,173.39,Credit card,8,1.09,0,0,17,29.01,1
C-03827,20,Month-to-month,Standard,57.2,1144.0,Bank transfer,2,20.25,0,0,0,553.74,0
C-03828,21,Month-to-month,Basic,24.32,510.72,Credit card,2,2.04,0,1,8,657.13,0
C-03829,46,Two-year,Basic,29.67,1364.82,Credit card,0,3.04,0,0,8,1387.72,0
C-03830,5,Month-to-month,Basic,39.13,195.65,Bank transfer,1,0.61,0,3,12,95.44,1
C-03831,5,Month-to-month,Basic,36.8,184.0,Bank transfer,2,1.93,0,3,50,86.51,1
C-03832,12,Two-year,Standard,68.54,822.48,Credit card,0,8.64,0,1,8,2635.97,0
C-03833,43,Two-year,Standard,65.16,2801.88,Electronic check,1,3.9,0,1,5,2277.33,0
C-03834,1,Month-to-month,Standard,53.87,53.87,Mailed check,20,0.99,0,2,75,81.15,1
C-03835,9,Month-to-month,Premium,111.54,1003.86,Bank transfer,23,29.52,0,4,11,242.92,1
C-03836,54,Month-to-month,Basic,38.46,2076.84,Bank transfer,0,2.56,0,0,0,501.37,0
C-03837,44,Two-year,Standard,68.68,3021.92,Mailed check,14,12.51,1,0,2,2975.39,0
C-03838,9,Month-to-month,Standard,62.08,558.72,Electronic check,22,3.85,1,2,35,31.04,1
C-03839,48,Two-year,Premium,84.51,4056.48,Bank transfer,0,10.74,0,2,6,4023.53,0
C-03840,29,One-year,Basic,20.79,602.91,Electronic check,2,1.68,0,0,15,636.27,0
C-03841,13,One-year,Standard,48.68,632.84,Credit card,0,7.83,0,1,1,1458.88,0
C-03842,12,Month-to-month,Premium,118.45,1421.4,Bank transfer,0,35.56,1,0,6,1415.46,0
C-03843,6,Month-to-month,Basic,29.24,175.44,Credit card,0,1.42,0,0,3,353.29,0
C-03844,8,Month-to-month,Premium,113.47,907.76,Credit card,5,13.45,1,3,5,1299.23,0
C-03845,12,Month-to-month,Basic,29.3,351.6,Bank transfer,5,0.33,0,0,44,48.65,1
C-03846,12,One-year,Standard,61.52,738.24,Credit card,3,17.99,0,1,0,1494.98,0
C-03847,34,Two-year,Premium,76.09,2587.06,Electronic check,1,16.92,1,0,5,4726.0,0
C-03848,31,One-year,Standard,51.25,1588.75,Bank transfer,0,6.48,0,1,15,2277.57,0
C-03849,20,One-year,Standard,55.91,1118.2,Bank transfer,3,13.21,0,1,6,2082.02,0
C-03850,7,Month-to-month,Basic,32.61,228.27,Credit card,2,0.44,0,0,31,67.79,1
C-03851,4,Month-to-month,Premium,82.72,330.88,Credit card,4,10.46,1,0,3,1331.3,0
C-03852,8,Month-to-month,Standard,64.11,512.88,Bank transfer,0,3.49,1,0,2,830.32,0
C-03853,17,One-year,Basic,27.29,463.93,Mailed check,24,1.96,0,0,5,833.13,0
C-03854,42,Two-year,Standard,65.44,2748.48,Credit card,1,12.16,1,1,3,3034.42,0
C-03855,18,One-year,Standard,47.45,854.1,Credit card,7,1.6,0,1,66,55.64,1
C-03856,4,Month-to-month,Basic,33.6,134.4,Mailed check,15,0.96,0,3,104,45.93,1
C-03857,7,Month-to-month,Basic,25.87,181.09,Credit card,9,0.15,0,0,54,12.94,1
C-03858,10,One-year,Basic,35.91,359.1,Mailed check,0,0.93,0,0,10,785.36,0
C-03859,23,Month-to-month,Standard,55.05,1266.15,Bank transfer,6,34.9,1,0,5,1122.53,0
C-03860,36,Two-year,Standard,61.63,2218.68,Bank transfer,1,18.91,0,0,4,3594.86,0
C-03861,47,Two-year,Standard,68.36,3212.92,Credit card,0,14.32,1,0,7,3641.85,0
C-03862,16,One-year,Premium,75.93,1214.88,Credit card,0,17.64,1,0,9,1972.2,0
C-03863,25,Month-to-month,Premium,75.5,1887.5,Credit card,0,21.78,1,4,2,605.24,0
C-03864,7,Month-to-month,Standard,64.26,449.82,Mailed check,11,3.92,0,5,38,67.03,1
C-03865,20,Month-to-month,Basic,32.93,658.6,Electronic check,5,0.64,1,2,20,77.49,1
C-03866,1,Month-to-month,Standard,52.32,52.32,Electronic check,21,5.74,0,2,48,121.67,1
C-03867,6,Month-to-month,Standard,57.36,344.16,Electronic check,6,12.37,1,2,3,808.59,0
C-03868,22,One-year,Standard,46.05,1013.1,Credit card,1,8.16,0,1,16,1231.94,0
C-03869,23,One-year,Standard,49.81,1145.63,Bank transfer,0,14.52,0,0,2,2261.72,0
C-03870,5,Month-to-month,Basic,28.49,142.45,Bank transfer,15,0.41,0,3,33,16.83,1
C-03871,4,Month-to-month,Premium,112.53,450.12,Electronic check,4,8.34,1,1,33,225.97,1
C-03872,11,Month-to-month,Basic,29.59,325.49,Credit card,5,0.29,1,2,14,30.44,1
C-03873,27,Month-to-month,Standard,59.66,1610.82,Bank transfer,1,8.43,0,0,3,661.22,0
C-03874,39,Two-year,Basic,37.48,1461.72,Mailed check,14,1.17,0,1,7,1955.38,0
C-03875,5,Month-to-month,Premium,88.9,444.5,Bank transfer,6,24.05,1,0,13,2505.25,0
C-03876,6,Month-to-month,Basic,34.01,204.06,Credit card,6,2.11,0,0,0,738.26,0
C-03877,14,Month-to-month,Basic,37.23,521.22,Bank transfer,5,0.12,0,4,25,121.01,1
C-03878,35,Two-year,Basic,24.05,841.75,Credit card,1,1.79,1,1,8,689.75,0
C-03879,20,One-year,Basic,27.13,542.6,Electronic check,1,1.12,0,0,0,920.56,0
C-03880,12,Month-to-month,Basic,39.6,475.2,Mailed check,13,1.13,0,3,47,107.89,1
C-03881,23,One-year,Standard,69.58,1600.34,Bank transfer,0,13.23,1,1,0,1951.36,0
C-03882,24,One-year,Standard,50.58,1213.92,Bank transfer,0,6.99,1,0,1,1853.52,0
C-03883,52,Two-year,Basic,21.33,1109.16,Electronic check,0,2.65,0,0,5,1573.96,0
C-03884,8,Month-to-month,Basic,25.42,203.36,Credit card,3,1.25,0,2,33,53.89,1
C-03885,37,Two-year,Premium,92.9,3437.3,Credit card,1,21.87,1,3,1,4094.76,0
C-03886,36,Two-year,Standard,56.03,2017.08,Mailed check,4,22.66,0,1,0,3325.93,0
C-03887,38,Two-year,Standard,60.47,2297.86,Electronic check,2,5.84,1,0,0,3572.78,0
C-03888,11,One-year,Standard,67.49,742.39,Credit card,3,21.82,0,0,4,1879.03,0
C-03889,24,One-year,Basic,26.61,638.64,Credit card,2,1.8,0,2,4,680.64,0
C-03890,2,Month-to-month,Basic,37.0,74.0,Electronic check,17,0.59,0,2,22,106.76,1
C-03891,30,One-year,Basic,21.87,656.1,Electronic check,3,1.69,1,0,4,579.72,0
C-03892,18,One-year,Premium,76.88,1383.84,Electronic check,1,14.16,1,0,5,2273.17,0
C-03893,12,One-year,Premium,97.68,1172.16,Credit card,0,36.32,0,1,1,3168.48,0
C-03894,9,Month-to-month,Standard,46.49,418.41,Mailed check,12,1.08,1,1,48,86.06,1
C-03895,7,One-year,Basic,27.85,194.95,Bank transfer,2,4.03,0,1,4,840.06,0
C-03896,30,Two-year,Basic,37.94,1138.2,Electronic check,1,1.26,1,0,7,1507.92,0
C-03897,8,Month-to-month,Basic,24.83,198.64,Bank transfer,8,1.67,1,3,41,60.84,1
C-03898,40,Two-year,Standard,62.65,2506.0,Credit card,1,9.16,0,0,16,2753.46,0
C-03899,23,One-year,Basic,26.05,599.15,Mailed check,1,2.31,0,1,7,1100.97,0
C-03900,39,Two-year,Premium,77.02,3003.78,Credit card,2,18.26,1,0,1,3787.76,0
C-03901,14,Month-to-month,Basic,31.13,435.82,Credit card,16,0.69,0,3,41,87.89,1
C-03902,12,Month-to-month,Premium,112.57,1350.84,Electronic check,0,26.25,0,0,2,2451.11,0
C-03903,35,Two-year,Standard,55.24,1933.4,Bank transfer,0,3.76,1,0,9,3270.67,0
C-03904,9,Month-to-month,Standard,60.43,543.87,Electronic check,10,1.26,0,2,11,99.21,1
C-03905,37,Two-year,Standard,67.5,2497.5,Bank transfer,1,6.52,1,1,6,2440.74,0
C-03906,21,Month-to-month,Standard,64.74,1359.54,Bank transfer,2,3.15,0,3,40,82.96,1
C-03907,29,One-year,Standard,49.85,1445.65,Mailed check,26,19.14,0,1,14,1107.9,0
C-03908,5,Month-to-month,Standard,63.33,316.65,Credit card,8,4.9,1,0,82,85.21,1
C-03909,11,One-year,Standard,57.55,633.05,Mailed check,2,5.66,1,0,5,1185.65,0
C-03910,1,Month-to-month,Premium,108.57,108.57,Credit card,0,19.19,1,0,0,1878.75,0
C-03911,37,Month-to-month,Standard,57.36,2122.32,Electronic check,13,2.58,0,1,11,149.0,1
C-03912,1,Month-to-month,Standard,48.2,48.2,Credit card,1,7.59,1,1,0,493.75,0
C-03913,4,Month-to-month,Premium,100.65,402.6,Bank transfer,26,3.35,1,1,31,147.13,1
C-03914,25,Two-year,Basic,29.84,746.0,Mailed check,37,1.34,0,0,2,1737.57,0
C-03915,36,Two-year,Basic,30.36,1092.96,Bank transfer,2,2.95,0,2,17,987.49,0
C-03916,1,Month-to-month,Standard,66.97,66.97,Electronic check,6,2.48,1,3,65,133.9,1
C-03917,22,One-year,Standard,67.37,1482.14,Electronic check,9,8.24,0,1,12,2338.66,0
C-03918,1,Month-to-month,Premium,95.41,95.41,Electronic check,20,8.8,0,3,25,350.05,1
C-03919,29,One-year,Standard,56.39,1635.31,Mailed check,2,8.78,1,0,6,626.77,0
C-03920,37,Two-year,Standard,57.88,2141.56,Bank transfer,0,7.96,0,1,8,2015.55,0
C-03921,33,Two-year,Standard,57.99,1913.67,Credit card,2,12.31,0,0,5,2953.23,0
C-03922,10,Month-to-month,Basic,39.01,390.1,Credit card,9,1.16,0,0,74,66.36,1
C-03923,21,One-year,Standard,61.24,1286.04,Credit card,0,3.51,0,0,5,494.62,0
C-03924,56,Month-to-month,Premium,87.49,4899.44,Credit card,2,22.97,1,0,8,1341.15,0
C-03925,34,Two-year,Basic,30.63,1041.42,Bank transfer,3,0.95,0,0,8,1192.49,0
C-03926,35,Month-to-month,Standard,60.68,2123.8,Credit card,0,13.21,0,0,1,491.87,0
C-03927,16,One-year,Standard,60.99,975.84,Credit card,1,14.3,1,3,2,1644.06,0
C-03928,24,One-year,Basic,31.71,761.04,Credit card,1,1.48,0,2,9,615.06,0
C-03929,13,One-year,Basic,23.55,306.15,Electronic check,13,0.34,0,5,47,30.79,1
C-03930,2,Month-to-month,Premium,76.51,153.02,Bank transfer,8,3.63,1,3,31,232.53,1
C-03931,36,Two-year,Basic,26.76,963.36,Bank transfer,1,3.28,0,3,10,1783.43,0
C-03932,5,Month-to-month,Basic,28.55,142.75,Mailed check,9,2.87,0,0,13,359.34,0
C-03933,31,One-year,Basic,21.24,658.44,Credit card,9,3.58,0,0,2,656.85,0
C-03934,2,Month-to-month,Standard,65.37,130.74,Mailed check,2,4.21,0,1,10,163.33,1
C-03935,22,Month-to-month,Standard,53.6,1179.2,Bank transfer,0,4.33,1,1,1,692.71,0
C-03936,22,One-year,Standard,67.84,1492.48,Credit card,1,15.38,0,1,1,1508.77,0
C-03937,10,Month-to-month,Basic,23.09,230.9,Electronic check,2,4.22,0,0,4,503.76,0
C-03938,1,Month-to-month,Premium,77.56,77.56,Electronic check,0,11.62,1,0,4,1289.58,0
C-03939,5,Month-to-month,Basic,29.65,148.25,Bank transfer,0,1.85,0,0,3,495.36,0
C-03940,9,Month-to-month,Basic,23.78,214.02,Mailed check,12,0.82,0,0,52,25.3,1
C-03941,30,One-year,Standard,68.43,2052.9,Credit card,4,15.08,1,1,0,1492.94,0
C-03942,26,Two-year,Basic,20.21,525.46,Credit card,0,0.61,0,0,15,982.77,0
C-03943,1,Month-to-month,Premium,93.57,93.57,Credit card,11,22.07,0,4,18,154.5,1
C-03944,16,Month-to-month,Premium,116.7,1867.2,Credit card,0,23.19,1,2,0,2164.9,0
C-03945,22,Month-to-month,Basic,27.69,609.18,Credit card,7,1.74,0,0,31,76.22,1
C-03946,34,Month-to-month,Premium,79.19,2692.46,Mailed check,7,23.8,1,4,0,1495.91,0
C-03947,13,One-year,Standard,52.57,683.41,Credit card,5,12.13,0,3,2,1303.72,0
C-03948,27,One-year,Premium,97.41,2630.07,Bank transfer,0,7.69,0,1,5,3627.98,0
C-03949,3,Month-to-month,Basic,23.7,71.1,Bank transfer,0,1.66,0,1,21,421.84,0
C-03950,72,Month-to-month,Standard,56.66,4079.52,Mailed check,2,15.01,1,0,1,1465.5,0
C-03951,8,Month-to-month,Basic,36.73,293.84,Mailed check,7,2.33,0,3,9,504.33,0
C-03952,59,Two-year,Premium,114.27,6741.93,Electronic check,11,10.82,1,0,14,5352.98,0
C-03953,53,Two-year,Basic,20.99,1112.47,Mailed check,24,2.08,0,2,2,935.94,0
C-03954,18,Month-to-month,Standard,49.02,882.36,Electronic check,3,2.49,0,1,35,102.15,1
C-03955,1,Month-to-month,Basic,25.51,25.51,Mailed check,18,0.45,0,3,11,55.74,1
C-03956,53,Two-year,Basic,31.9,1690.7,Electronic check,1,0.94,0,0,13,1528.69,0
C-03957,48,Two-year,Standard,54.02,2592.96,Credit card,0,13.08,1,0,0,3028.35,0
C-03958,22,Month-to-month,Premium,112.98,2485.56,Bank transfer,2,8.84,1,4,114,262.88,1
C-03959,11,Month-to-month,Standard,62.92,692.12,Bank transfer,6,11.82,1,3,34,248.88,1
C-03960,5,Month-to-month,Premium,79.52,397.6,Bank transfer,0,11.74,1,1,5,2674.05,0
C-03961,14,One-year,Basic,32.49,454.86,Credit card,0,2.96,0,0,4,791.8,0
C-03962,4,Month-to-month,Standard,47.83,191.32,Bank transfer,2,2.91,0,4,160,75.46,1
C-03963,13,Month-to-month,Standard,51.38,667.94,Mailed check,1,3.26,1,3,71,49.91,1
C-03964,29,One-year,Basic,23.56,683.24,Credit card,3,1.27,0,0,6,1010.88,0
C-03965,3,Month-to-month,Standard,49.33,147.99,Electronic check,6,1.14,1,3,44,81.28,1
C-03966,35,One-year,Standard,60.41,2114.35,Electronic check,4,6.58,1,0,1,1934.29,0
C-03967,25,Month-to-month,Standard,59.09,1477.25,Mailed check,3,10.19,0,1,24,635.35,0
C-03968,8,Month-to-month,Standard,49.4,395.2,Mailed check,7,10.13,1,1,7,103.6,1
C-03969,18,One-year,Standard,69.75,1255.5,Electronic check,8,17.52,0,0,1,1106.57,0
C-03970,4,Month-to-month,Basic,28.44,113.76,Bank transfer,4,0.24,0,3,26,84.04,1
C-03971,48,Two-year,Basic,21.94,1053.12,Credit card,7,1.36,0,1,15,1455.37,0
C-03972,1,One-year,Standard,48.01,48.01,Bank transfer,0,4.7,0,3,22,122.84,1
C-03973,13,Month-to-month,Basic,31.68,411.84,Electronic check,40,0.38,1,4,24,39.31,1
C-03974,39,One-year,Basic,39.58,1543.62,Mailed check,3,1.96,0,0,15,1362.88,0
C-03975,3,Month-to-month,Standard,59.3,177.9,Electronic check,2,1.4,0,2,151,127.96,1
C-03976,32,Two-year,Standard,68.73,2199.36,Credit card,2,18.03,0,0,13,4254.19,0
C-03977,2,Month-to-month,Basic,28.88,57.76,Bank transfer,4,0.28,0,2,91,77.31,1
C-03978,25,One-year,Standard,55.9,1397.5,Credit card,0,3.37,1,0,14,1196.68,0
C-03979,67,Month-to-month,Standard,57.5,3852.5,Credit card,5,16.95,0,1,2,1436.01,0
C-03980,2,Month-to-month,Basic,33.95,67.9,Credit card,3,5.26,0,0,3,594.66,0
C-03981,28,Two-year,Standard,54.19,1517.32,Credit card,0,7.58,0,2,9,3314.28,0
C-03982,60,Two-year,Standard,66.6,3996.0,Electronic check,9,8.77,1,0,7,2154.36,0
C-03983,21,Month-to-month,Standard,45.73,960.33,Credit card,3,15.56,0,0,0,967.6,0
C-03984,14,Month-to-month,Standard,55.99,783.86,Credit card,7,2.07,0,2,8,98.78,1
C-03985,41,Two-year,Basic,30.22,1239.02,Mailed check,7,1.67,0,0,0,1479.43,0
C-03986,42,Two-year,Standard,60.18,2527.56,Bank transfer,1,6.74,0,0,11,2480.24,0
C-03987,21,Month-to-month,Basic,25.52,535.92,Credit card,7,0.19,0,3,58,61.27,1
C-03988,5,Month-to-month,Premium,94.24,471.2,Credit card,2,27.56,1,0,4,1166.97,0
C-03989,26,Month-to-month,Premium,96.8,2516.8,Credit card,2,23.43,1,0,3,833.38,0
C-03990,61,Two-year,Standard,62.17,3792.37,Credit card,1,6.94,0,0,0,2517.81,0
C-03991,1,Month-to-month,Basic,35.47,35.47,Credit card,2,0.37,0,2,12,49.95,1
C-03992,13,Month-to-month,Basic,34.76,451.88,Bank transfer,8,0.37,0,3,50,60.77,1
C-03993,23,One-year,Basic,26.83,617.09,Credit card,0,2.74,1,0,3,957.88,0
C-03994,4,Month-to-month,Standard,69.99,279.96,Bank transfer,0,15.32,1,0,3,867.88,0
C-03995,4,Month-to-month,Basic,36.97,147.88,Mailed check,14,0.84,0,1,15,97.3,1
C-03996,1,Month-to-month,Standard,51.5,51.5,Bank transfer,1,2.64,0,5,30,126.89,1
C-03997,1,Month-to-month,Basic,23.9,23.9,Mailed check,10,0.29,0,2,22,67.08,1
C-03998,2,Month-to-month,Premium,89.13,178.26,Bank transfer,1,6.32,1,1,20,152.02,1
C-03999,29,One-year,Basic,29.05,842.45,Bank transfer,1,2.05,0,0,0,1233.83,0
C-04000,4,Month-to-month,Premium,113.29,453.16,Electronic check,19,5.63,0,3,37,199.59,1
C-04001,21,One-year,Premium,110.03,2310.63,Credit card,2,29.35,1,0,4,4090.49,0
C-04002,37,Two-year,Standard,66.28,2452.36,Credit card,0,7.5,0,0,4,4290.67,0
C-04003,25,One-year,Standard,51.8,1295.0,Electronic check,21,4.49,0,1,1,2053.55,0
C-04004,8,Month-to-month,Standard,59.84,478.72,Bank transfer,0,2.13,0,1,76,114.15,1
C-04005,6,Month-to-month,Standard,52.08,312.48,Electronic check,7,8.68,0,4,23,57.94,1
C-04006,38,Month-to-month,Basic,22.18,842.84,Mailed check,6,1.4,0,0,12,271.84,0
C-04007,18,Month-to-month,Basic,33.68,606.24,Bank transfer,7,1.64,0,0,2,406.25,0
C-04008,6,Month-to-month,Standard,48.57,291.42,Bank transfer,10,2.12,0,5,76,70.44,1
C-04009,18,One-year,Standard,61.69,1110.42,Bank transfer,1,2.03,0,0,26,121.68,1
C-04010,8,Month-to-month,Standard,61.2,489.6,Mailed check,5,1.45,1,3,34,153.91,1
C-04011,1,Month-to-month,Basic,36.2,36.2,Electronic check,1,2.55,0,3,102,94.97,1
C-04012,4,Month-to-month,Basic,22.79,91.16,Mailed check,28,0.52,0,2,67,63.11,1
C-04013,28,One-year,Basic,35.67,998.76,Credit card,1,1.55,0,0,3,1327.34,0
C-04014,2,Month-to-month,Basic,39.99,79.98,Electronic check,8,1.66,0,2,16,76.04,1
C-04015,23,One-year,Basic,37.02,851.46,Credit card,0,1.87,0,0,1,1303.41,0
C-04016,13,Month-to-month,Basic,35.04,455.52,Credit card,2,3.96,0,0,0,574.91,0
C-04017,60,Two-year,Basic,33.24,1994.4,Mailed check,17,6.09,0,1,12,1696.57,0
C-04018,33,Two-year,Premium,93.98,3101.34,Credit card,1,7.74,0,2,18,170.85,1
C-04019,13,Month-to-month,Basic,34.61,449.93,Mailed check,8,2.11,0,1,6,618.29,0
C-04020,17,Month-to-month,Standard,63.1,1072.7,Credit card,7,13.73,0,0,14,1005.2,0
C-04021,23,Month-to-month,Basic,32.63,750.49,Electronic check,23,0.52,0,0,50,18.8,1
C-04022,8,Month-to-month,Premium,110.83,886.64,Credit card,1,9.8,1,2,1,1815.66,0
C-04023,24,One-year,Standard,56.22,1349.28,Bank transfer,1,6.09,0,0,2,1957.72,0
C-04024,50,Two-year,Basic,22.43,1121.5,Credit card,3,1.25,1,0,9,1289.61,0
C-04025,30,One-year,Standard,58.98,1769.4,Bank transfer,0,6.01,0,2,7,2000.68,0
C-04026,39,Two-year,Basic,25.3,986.7,Credit card,1,4.94,0,0,3,972.38,0
C-04027,1,Month-to-month,Standard,54.61,54.61,Electronic check,25,17.7,0,1,11,818.6,0
C-04028,3,Month-to-month,Basic,20.35,61.05,Credit card,11,0.87,0,1,34,14.58,1
C-04029,21,One-year,Premium,92.23,1936.83,Credit card,3,36.82,1,0,0,3267.64,0
C-04030,6,Month-to-month,Standard,65.22,391.32,Credit card,15,0.5,1,2,64,83.89,1
C-04031,31,One-year,Basic,30.85,956.35,Bank transfer,7,2.9,0,1,4,1017.38,0
C-04032,2,Month-to-month,Standard,45.25,90.5,Electronic check,7,4.88,0,5,20,106.74,1
C-04033,1,Month-to-month,Basic,29.4,29.4,Mailed check,12,0.19,0,2,60,37.9,1
C-04034,52,Two-year,Premium,88.12,4582.24,Credit card,2,35.97,1,0,0,4468.74,0
C-04035,7,Month-to-month,Standard,56.94,398.58,Bank transfer,10,1.57,0,1,21,196.36,1
C-04036,49,Two-year,Standard,55.12,2700.88,Electronic check,0,2.77,1,0,7,2452.58,0
C-04037,39,Two-year,Basic,38.64,1506.96,Credit card,4,3.91,0,0,1,2273.79,0
C-04038,36,One-year,Premium,76.85,2766.6,Bank transfer,3,14.83,1,0,29,2469.24,0
C-04039,16,One-year,Standard,62.09,993.44,Bank transfer,0,5.87,0,0,4,2014.6,0
C-04040,19,One-year,Basic,37.02,703.38,Credit card,4,3.3,1,0,0,1083.5,0
C-04041,43,Two-year,Basic,39.18,1684.74,Credit card,5,1.73,1,3,8,2246.06,0
C-04042,1,Month-to-month,Basic,23.55,23.55,Credit card,10,0.8,0,2,50,44.14,1
C-04043,1,Month-to-month,Premium,98.91,98.91,Bank transfer,0,22.17,0,0,3,2136.66,0
C-04044,34,One-year,Basic,20.87,709.58,Credit card,0,2.4,0,0,5,782.15,0
C-04045,1,Month-to-month,Standard,57.48,57.48,Credit card,0,1.47,1,3,37,161.65,1
C-04046,9,Month-to-month,Basic,22.51,202.59,Credit card,2,2.13,1,2,9,481.38,0
C-04047,3,Month-to-month,Basic,36.76,110.28,Credit card,5,0.26,0,3,57,95.85,1
C-04048,18,One-year,Standard,47.85,861.3,Credit card,10,5.13,0,2,78,96.83,1
C-04049,47,Two-year,Premium,98.1,4610.7,Mailed check,55,10.37,1,3,18,162.88,1
C-04050,14,Month-to-month,Standard,58.03,812.42,Credit card,0,28.18,1,2,0,1159.43,0
C-04051,47,Two-year,Premium,118.72,5579.84,Electronic check,4,20.27,1,0,13,6101.44,0
C-04052,9,One-year,Standard,61.37,552.33,Bank transfer,1,8.08,1,2,1,2005.33,0
C-04053,44,Two-year,Basic,25.76,1133.44,Electronic check,5,2.27,0,1,2,1523.67,0
C-04054,19,One-year,Basic,24.82,471.58,Bank transfer,3,1.19,0,1,52,50.32,1
C-04055,27,One-year,Standard,48.21,1301.67,Credit card,0,4.69,0,0,23,924.47,0
C-04056,3,Month-to-month,Premium,109.04,327.12,Electronic check,7,14.01,1,2,12,54.52,1
C-04057,47,Two-year,Premium,106.08,4985.76,Bank transfer,0,7.0,0,0,7,5291.56,0
C-04058,11,Month-to-month,Basic,32.2,354.2,Electronic check,30,0.57,0,0,45,90.87,1
C-04059,31,Two-year,Basic,20.82,645.42,Bank transfer,0,3.44,0,3,3,955.74,0
C-04060,32,Two-year,Basic,35.26,1128.32,Mailed check,0,1.4,0,0,29,2354.87,0
C-04061,1,Month-to-month,Premium,103.88,103.88,Electronic check,5,26.8,1,0,5,1972.37,0
C-04062,24,Month-to-month,Premium,118.37,2840.88,Mailed check,0,18.83,1,0,4,3838.7,0
C-04063,38,One-year,Standard,59.68,2267.84,Bank transfer,0,5.39,0,0,4,1749.46,0
C-04064,7,Month-to-month,Basic,26.08,182.56,Bank transfer,1,3.27,1,1,6,717.07,0
C-04065,58,Two-year,Standard,54.54,3163.32,Electronic check,5,4.82,0,0,7,2395.23,0
C-04066,2,Month-to-month,Standard,49.4,98.8,Mailed check,0,10.76,0,0,0,1207.24,0
C-04067,1,Month-to-month,Basic,34.46,34.46,Mailed check,14,0.54,0,1,25,85.44,1
C-04068,25,Two-year,Standard,62.69,1567.25,Credit card,1,5.41,1,0,0,3234.09,0
C-04069,12,One-year,Basic,24.01,288.12,Electronic check,4,2.18,0,2,2,788.4,0
C-04070,37,Two-year,Basic,23.17,857.29,Credit card,2,1.26,0,0,3,1443.33,0
C-04071,2,Month-to-month,Premium,78.47,156.94,Bank transfer,0,31.85,1,0,2,1337.77,0
C-04072,24,One-year,Standard,67.8,1627.2,Credit card,1,4.1,1,0,1,2102.98,0
C-04073,31,One-year,Standard,50.83,1575.73,Credit card,3,7.36,0,0,15,2642.85,0
C-04074,39,One-year,Standard,53.6,2090.4,Mailed check,25,7.75,1,0,0,1848.81,0
C-04075,22,One-year,Basic,25.61,563.42,Credit card,4,3.51,0,1,16,1024.81,0
C-04076,26,One-year,Standard,55.34,1438.84,Bank transfer,0,9.82,0,0,14,1559.83,0
C-04077,1,Month-to-month,Standard,62.85,62.85,Bank transfer,1,16.01,0,0,6,936.42,0
C-04078,3,Month-to-month,Standard,66.76,200.28,Credit card,11,5.32,0,0,39,175.67,1
C-04079,33,One-year,Standard,49.56,1635.48,Credit card,4,12.54,0,0,10,1581.41,0
C-04080,6,Month-to-month,Basic,33.73,202.38,Bank transfer,5,0.81,0,1,22,62.58,1
C-04081,15,One-year,Basic,27.05,405.75,Credit card,5,1.18,0,2,23,17.98,1
C-04082,7,Month-to-month,Standard,69.51,486.57,Electronic check,1,7.29,1,0,2,512.7,0
C-04083,30,One-year,Basic,25.98,779.4,Mailed check,4,0.85,1,0,0,379.6,0
C-04084,19,One-year,Standard,45.18,858.42,Credit card,0,7.93,1,1,0,1484.74,0
C-04085,19,Month-to-month,Basic,30.31,575.89,Credit card,6,2.53,0,0,0,353.16,0
C-04086,20,Month-to-month,Basic,23.01,460.2,Bank transfer,0,0.9,0,0,4,175.73,0
C-04087,6,Month-to-month,Basic,20.89,125.34,Electronic check,1,1.29,0,0,5,267.29,0
C-04088,39,One-year,Premium,106.42,4150.38,Credit card,4,13.26,0,1,2,1573.02,0
C-04089,58,Two-year,Basic,34.65,2009.7,Credit card,0,2.98,0,0,10,1452.86,0
C-04090,6,Month-to-month,Standard,56.52,339.12,Bank transfer,2,10.51,0,2,10,83.35,1
C-04091,34,One-year,Standard,61.92,2105.28,Mailed check,5,7.96,0,0,13,2109.11,0
C-04092,1,Month-to-month,Basic,30.76,30.76,Bank transfer,3,0.94,0,3,82,65.54,1
C-04093,1,Month-to-month,Standard,60.75,60.75,Bank transfer,11,3.82,0,3,18,98.12,1
C-04094,53,Two-year,Standard,59.92,3175.76,Mailed check,6,22.93,0,1,4,3271.69,0
C-04095,9,Month-to-month,Standard,61.65,554.85,Electronic check,12,1.0,1,1,15,62.11,1
C-04096,2,Month-to-month,Premium,83.98,167.96,Electronic check,5,21.98,1,1,2,1271.53,0
C-04097,5,Month-to-month,Basic,25.37,126.85,Bank transfer,5,0.37,1,2,35,34.75,1
C-04098,11,Month-to-month,Basic,28.8,316.8,Mailed check,27,0.71,0,1,33,56.26,1
C-04099,7,Month-to-month,Premium,95.08,665.56,Electronic check,3,85.81,1,2,5,530.75,0
C-04100,1,Month-to-month,Basic,35.49,35.49,Mailed check,7,0.63,0,5,45,135.8,1
C-04101,33,One-year,Standard,54.18,1787.94,Electronic check,5,5.4,0,0,0,1778.59,0
C-04102,30,Month-to-month,Standard,49.06,1471.8,Electronic check,0,4.51,1,1,0,996.92,0
C-04103,20,One-year,Basic,25.03,500.6,Credit card,0,3.77,0,0,3,343.78,0
C-04104,9,Month-to-month,Standard,50.37,453.33,Credit card,5,2.63,1,2,11,109.63,1
C-04105,25,Month-to-month,Basic,34.63,865.75,Electronic check,1,2.81,0,0,1,576.87,0
C-04106,29,One-year,Basic,29.41,852.89,Credit card,2,1.43,0,0,7,1145.33,0
C-04107,42,Two-year,Basic,34.17,1435.14,Bank transfer,0,1.07,0,2,0,1541.45,0
C-04108,6,Month-to-month,Premium,93.73,562.38,Credit card,11,6.42,1,3,92,160.92,1
C-04109,32,Two-year,Basic,37.79,1209.28,Electronic check,26,1.47,0,0,6,1792.86,0
C-04110,33,One-year,Standard,69.59,2296.47,Credit card,0,11.65,1,1,18,2858.71,0
C-04111,21,One-year,Premium,105.14,2207.94,Electronic check,4,31.49,1,1,3,1830.7,0
C-04112,19,One-year,Standard,66.6,1265.4,Bank transfer,0,12.53,0,0,1,1070.2,0
C-04113,1,Month-to-month,Standard,57.7,57.7,Credit card,4,7.68,0,0,11,260.94,0
C-04114,1,Month-to-month,Standard,68.37,68.37,Bank transfer,2,2.32,0,3,64,195.87,1
C-04115,22,One-year,Basic,36.63,805.86,Credit card,2,1.27,1,1,7,1381.24,0
C-04116,5,Month-to-month,Standard,69.79,348.95,Credit card,2,0.38,1,5,36,72.15,1
C-04117,33,Two-year,Standard,60.58,1999.14,Bank transfer,0,13.79,1,0,3,2045.79,0
C-04118,10,Month-to-month,Premium,110.06,1100.6,Credit card,0,26.65,0,0,5,2614.12,0
C-04119,11,Month-to-month,Premium,99.43,1093.73,Mailed check,4,7.62,1,3,27,83.85,1
C-04120,29,One-year,Premium,86.66,2513.14,Credit card,3,11.76,1,0,5,2400.97,0
C-04121,2,Month-to-month,Premium,90.96,181.92,Electronic check,0,8.86,0,1,5,1337.14,0
C-04122,37,One-year,Standard,67.35,2491.95,Bank transfer,1,9.31,1,0,5,3773.05,0
C-04123,31,One-year,Standard,46.4,1438.4,Bank transfer,0,24.27,1,0,8,1330.78,0
C-04124,21,Two-year,Premium,101.62,2134.02,Bank transfer,0,22.89,1,0,0,6172.39,0
C-04125,20,One-year,Basic,27.45,549.0,Electronic check,4,1.68,0,0,0,924.6,0
C-04126,25,One-year,Premium,92.4,2310.0,Electronic check,15,9.4,1,1,16,149.84,1
C-04127,24,One-year,Standard,67.11,1610.64,Electronic check,5,33.37,1,2,0,1702.34,0
C-04128,22,Two-year,Standard,66.35,1459.7,Credit card,3,14.17,0,0,9,3236.57,0
C-04129,6,Month-to-month,Standard,59.97,359.82,Electronic check,5,2.07,1,2,62,124.15,1
C-04130,1,Month-to-month,Premium,87.28,87.28,Credit card,4,5.29,1,5,14,139.26,1
C-04131,8,Month-to-month,Basic,29.51,236.08,Credit card,14,0.85,0,2,14,72.19,1
C-04132,3,Month-to-month,Standard,55.21,165.63,Bank transfer,12,2.19,1,0,27,112.06,1
C-04133,13,One-year,Standard,53.84,699.92,Bank transfer,3,6.03,0,1,137,77.57,1
C-04134,23,One-year,Basic,22.06,507.38,Bank transfer,1,1.34,0,1,9,598.13,0
C-04135,15,One-year,Standard,58.58,878.7,Electronic check,4,3.65,1,0,0,1995.75,0
C-04136,1,Month-to-month,Standard,52.55,52.55,Credit card,0,9.45,1,3,7,612.16,0
C-04137,16,One-year,Standard,61.52,984.32,Credit card,0,8.59,1,0,0,1324.16,0
C-04138,1,Month-to-month,Basic,26.38,26.38,Credit card,6,0.65,0,3,25,25.76,1
C-04139,22,One-year,Standard,55.78,1227.16,Electronic check,7,1.09,0,2,68,95.43,1
C-04140,25,One-year,Standard,46.31,1157.75,Bank transfer,0,6.2,1,3,3,1296.99,0
C-04141,3,Month-to-month,Standard,69.81,209.43,Credit card,6,8.85,0,2,87,77.55,1
C-04142,6,Month-to-month,Basic,30.15,180.9,Electronic check,18,0.9,0,3,47,60.28,1
C-04143,5,Month-to-month,Premium,76.09,380.45,Bank transfer,7,7.69,1,4,25,152.64,1
C-04144,27,Two-year,Standard,58.53,1580.31,Bank transfer,0,2.8,0,2,0,3353.12,0
C-04145,51,Two-year,Standard,66.76,3404.76,Bank transfer,2,5.21,1,0,13,3803.27,0
C-04146,15,One-year,Standard,64.31,964.65,Bank transfer,0,9.92,1,0,8,900.21,0
C-04147,1,Month-to-month,Basic,34.02,34.02,Electronic check,9,0.48,0,1,67,75.88,1
C-04148,1,Month-to-month,Standard,48.49,48.49,Credit card,2,1.44,1,0,64,24.24,1
C-04149,29,One-year,Standard,61.44,1781.76,Credit card,0,6.34,1,2,0,2122.86,0
C-04150,33,One-year,Standard,64.16,2117.28,Credit card,0,8.64,1,0,27,2206.33,0
C-04151,6,Month-to-month,Standard,59.31,355.86,Bank transfer,8,3.94,0,1,37,70.98,1
C-04152,6,Month-to-month,Standard,67.32,403.92,Mailed check,1,9.02,0,0,7,1347.73,0
C-04153,1,One-year,Basic,25.54,25.54,Bank transfer,0,2.08,0,4,8,554.9,0
C-04154,4,Month-to-month,Standard,51.05,204.2,Credit card,11,7.89,1,1,10,878.08,0
C-04155,6,Month-to-month,Basic,37.39,224.34,Electronic check,7,0.5,0,2,81,77.15,1
C-04156,7,Month-to-month,Basic,32.51,227.57,Electronic check,18,1.25,0,3,22,58.14,1
C-04157,23,One-year,Premium,75.07,1726.61,Mailed check,7,35.56,1,1,9,2697.62,0
C-04158,53,Two-year,Standard,53.83,2852.99,Bank transfer,1,30.79,1,1,8,2161.6,0
C-04159,52,Two-year,Standard,66.45,3455.4,Mailed check,1,13.02,1,0,4,3522.62,0
C-04160,13,One-year,Standard,45.68,593.84,Credit card,0,6.69,1,1,3,920.7,0
C-04161,9,One-year,Premium,75.15,676.35,Credit card,1,15.61,1,0,20,986.78,0
C-04162,4,Month-to-month,Standard,52.03,208.12,Credit card,4,15.99,1,1,3,401.26,0
C-04163,5,One-year,Standard,67.85,339.25,Electronic check,0,5.53,1,0,8,1497.77,0
C-04164,22,Month-to-month,Basic,38.03,836.66,Credit card,1,3.02,0,3,3,833.95,0
C-04165,38,One-year,Premium,98.34,3736.92,Bank transfer,0,16.78,1,1,2,3380.5,0
C-04166,11,Month-to-month,Premium,99.9,1098.9,Bank transfer,0,29.21,1,0,6,1665.78,0
C-04167,22,Month-to-month,Premium,89.94,1978.68,Credit card,1,14.44,1,1,9,489.72,0
C-04168,12,Month-to-month,Basic,24.87,298.44,Mailed check,13,2.97,1,0,23,719.57,0
C-04169,35,Month-to-month,Basic,36.3,1270.5,Credit card,0,1.09,0,0,0,321.35,0
C-04170,10,Month-to-month,Basic,22.13,221.3,Bank transfer,0,2.31,1,0,12,445.77,0
C-04171,33,Month-to-month,Basic,29.75,981.75,Electronic check,3,0.83,0,2,14,49.77,1
C-04172,44,Two-year,Premium,103.55,4556.2,Credit card,12,25.81,1,0,4,5386.73,0
C-04173,5,Month-to-month,Basic,22.07,110.35,Electronic check,2,1.65,0,1,0,572.16,0
C-04174,24,One-year,Basic,30.39,729.36,Electronic check,3,1.63,1,1,9,957.23,0
C-04175,43,Two-year,Basic,31.55,1356.65,Mailed check,5,2.18,0,0,2,1738.38,0
C-04176,27,Two-year,Basic,34.85,940.95,Mailed check,0,1.22,0,0,12,2744.32,0
C-04177,13,One-year,Basic,24.7,321.1,Credit card,2,1.22,0,0,1,941.63,0
C-04178,52,Two-year,Standard,52.33,2721.16,Bank transfer,0,7.28,0,2,7,1659.11,0
C-04179,12,Month-to-month,Standard,59.24,710.88,Credit card,2,7.11,1,1,2,88.43,0
C-04180,36,Month-to-month,Basic,39.66,1427.76,Credit card,5,0.3,0,2,7,96.23,1
C-04181,22,Month-to-month,Standard,50.44,1109.68,Credit card,1,15.71,1,1,0,767.51,0
C-04182,15,One-year,Standard,69.65,1044.75,Credit card,0,7.38,1,0,1,2534.01,0
C-04183,14,One-year,Basic,34.29,480.06,Mailed check,22,1.8,0,0,4,329.69,0
C-04184,4,Month-to-month,Standard,65.65,262.6,Credit card,1,0.92,1,1,27,192.53,1
C-04185,5,Month-to-month,Standard,47.24,236.2,Bank transfer,1,31.28,1,0,9,821.5,0
C-04186,25,One-year,Standard,52.51,1312.75,Bank transfer,2,38.72,0,0,15,2453.08,0
C-04187,4,Month-to-month,Standard,46.44,185.76,Bank transfer,10,1.31,0,2,7,92.75,1
C-04188,21,One-year,Basic,27.43,576.03,Mailed check,4,3.72,0,0,18,940.36,0
C-04189,25,One-year,Premium,119.16,2979.0,Credit card,7,23.43,1,0,19,3214.5,0
C-04190,38,One-year,Premium,79.74,3030.12,Bank transfer,0,54.7,1,0,1,2101.89,0
C-04191,27,One-year,Premium,100.31,2708.37,Bank transfer,4,29.02,1,1,4,3244.43,0
C-04192,17,Two-year,Basic,20.12,342.04,Credit card,0,2.12,1,0,10,903.62,0
C-04193,3,Month-to-month,Premium,107.07,321.21,Bank transfer,14,3.68,1,2,48,163.46,1
C-04194,17,One-year,Premium,83.87,1425.79,Electronic check,0,3.41,0,2,53,192.55,1
C-04195,25,One-year,Premium,80.83,2020.75,Credit card,0,24.79,1,0,3,2052.55,0
C-04196,9,Month-to-month,Basic,26.74,240.66,Credit card,6,0.64,0,2,70,62.09,1
C-04197,3,Month-to-month,Standard,64.28,192.84,Credit card,0,4.35,1,1,3,551.09,0
C-04198,1,Month-to-month,Premium,79.8,79.8,Electronic check,25,5.87,1,2,24,160.18,1
C-04199,8,Month-to-month,Standard,50.75,406.0,Electronic check,8,12.58,1,0,3,855.63,0
C-04200,10,One-year,Standard,45.21,452.1,Bank transfer,0,3.94,1,0,5,544.86,0
C-04201,60,Two-year,Premium,118.58,7114.8,Bank transfer,0,26.23,1,0,10,4236.21,0
C-04202,1,Month-to-month,Standard,59.8,59.8,Mailed check,20,7.07,1,3,58,29.9,1
C-04203,22,Month-to-month,Standard,63.0,1386.0,Electronic check,3,5.61,0,2,65,131.14,1
C-04204,32,Two-year,Standard,61.28,1960.96,Electronic check,10,11.04,0,0,1,2452.91,0
C-04205,7,Month-to-month,Premium,81.5,570.5,Electronic check,4,8.93,1,1,10,1309.14,0
C-04206,6,Month-to-month,Basic,31.9,191.4,Bank transfer,2,0.26,0,0,8,97.77,1
C-04207,26,One-year,Standard,48.29,1255.54,Bank transfer,1,30.95,1,1,9,1448.45,0
C-04208,25,One-year,Standard,55.03,1375.75,Mailed check,10,6.3,0,2,10,1779.41,0
C-04209,16,Month-to-month,Standard,59.22,947.52,Mailed check,2,19.27,1,0,0,894.06,0
C-04210,13,Month-to-month,Standard,58.97,766.61,Credit card,0,6.26,1,2,4,801.57,0
C-04211,2,Month-to-month,Premium,80.36,160.72,Credit card,0,21.35,1,0,0,753.89,0
C-04212,19,One-year,Premium,76.55,1454.45,Mailed check,8,31.75,0,0,6,2738.39,0
C-04213,20,One-year,Basic,35.96,719.2,Credit card,1,2.12,0,0,2,1523.02,0
C-04214,29,Month-to-month,Standard,63.15,1831.35,Mailed check,14,11.35,0,1,8,1580.34,0
C-04215,31,One-year,Basic,21.64,670.84,Bank transfer,0,1.34,0,0,0,443.58,0
C-04216,41,Two-year,Basic,22.55,924.55,Credit card,1,1.14,0,0,4,1365.66,0
C-04217,9,Month-to-month,Standard,67.31,605.79,Credit card,0,5.3,0,0,0,1146.3,0
C-04218,2,Month-to-month,Premium,109.61,219.22,Credit card,2,3.63,1,3,158,348.25,1
C-04219,17,One-year,Premium,119.83,2037.11,Credit card,3,21.88,1,0,3,3964.44,0
C-04220,14,Month-to-month,Basic,25.08,351.12,Bank transfer,8,0.93,0,1,80,56.46,1
C-04221,9,Month-to-month,Basic,29.76,267.84,Electronic check,18,0.66,0,1,66,67.63,1
C-04222,24,One-year,Standard,50.91,1221.84,Mailed check,35,12.07,1,0,7,837.42,0
C-04223,39,Two-year,Standard,60.57,2362.23,Bank transfer,2,9.83,1,0,13,2142.09,0
C-04224,27,Two-year,Basic,22.31,602.37,Bank transfer,0,1.15,0,0,15,931.19,0
C-04225,23,One-year,Premium,80.73,1856.79,Bank transfer,0,24.75,1,0,3,2186.53,0
C-04226,26,One-year,Premium,78.23,2033.98,Bank transfer,0,26.19,1,0,7,2420.14,0
C-04227,3,Month-to-month,Standard,62.34,187.02,Bank transfer,11,4.27,0,3,47,101.61,1
C-04228,9,One-year,Premium,97.23,875.07,Credit card,1,14.38,1,2,3,2523.41,0
C-04229,14,Month-to-month,Basic,32.35,452.9,Credit card,4,0.22,0,0,39,96.79,1
C-04230,26,Month-to-month,Standard,66.98,1741.48,Credit card,5,10.03,1,0,8,1748.76,0
C-04231,33,One-year,Standard,63.51,2095.83,Credit card,0,11.16,0,0,0,2212.87,0
C-04232,19,One-year,Basic,29.23,555.37,Electronic check,7,1.84,0,0,5,707.46,0
C-04233,6,Month-to-month,Premium,119.3,715.8,Credit card,5,12.21,1,0,64,278.59,1
C-04234,48,Two-year,Standard,56.41,2707.68,Mailed check,18,15.29,1,1,8,3429.99,0
C-04235,7,Month-to-month,Standard,47.81,334.67,Mailed check,20,3.32,0,2,20,86.21,1
C-04236,6,Month-to-month,Basic,39.85,239.1,Mailed check,18,0.83,0,3,85,122.5,1
C-04237,11,Month-to-month,Basic,20.46,225.06,Mailed check,21,0.94,0,1,119,72.6,1
C-04238,22,One-year,Basic,31.0,682.0,Credit card,1,1.09,0,0,0,1172.01,0
C-04239,17,One-year,Standard,52.73,896.41,Bank transfer,1,8.24,1,1,0,1843.41,0
C-04240,26,Month-to-month,Standard,57.59,1497.34,Credit card,4,1.44,0,1,9,131.16,1
C-04241,14,One-year,Basic,31.17,436.38,Electronic check,2,4.57,0,0,19,1093.19,0
C-04242,11,Month-to-month,Standard,51.0,561.0,Mailed check,13,1.58,0,0,15,119.07,1
C-04243,19,One-year,Standard,58.92,1119.48,Mailed check,4,10.18,1,0,0,1190.64,0
C-04244,7,Month-to-month,Standard,63.9,447.3,Bank transfer,4,6.94,0,4,20,195.81,1
C-04245,35,Month-to-month,Standard,51.66,1808.1,Electronic check,0,5.46,0,0,1,956.43,0
C-04246,49,Two-year,Premium,92.25,4520.25,Credit card,3,48.81,1,1,3,6676.6,0
C-04247,3,Month-to-month,Standard,51.71,155.13,Credit card,4,10.09,1,3,19,217.86,1
C-04248,1,Month-to-month,Standard,65.51,65.51,Electronic check,0,8.87,1,0,7,1080.53,0
C-04249,4,One-year,Basic,34.5,138.0,Bank transfer,0,1.54,0,0,6,1091.48,0
C-04250,44,Two-year,Basic,37.42,1646.48,Mailed check,8,4.54,0,4,4,1635.15,0
C-04251,1,Month-to-month,Basic,23.4,23.4,Credit card,1,1.26,0,0,10,28.95,1
C-04252,21,Month-to-month,Standard,46.84,983.64,Mailed check,4,9.48,1,0,10,826.97,0
C-04253,46,Month-to-month,Basic,22.39,1029.94,Bank transfer,4,4.11,0,2,11,407.42,0
C-04254,35,One-year,Basic,23.22,812.7,Electronic check,11,3.9,0,0,5,454.4,0
C-04255,19,Month-to-month,Standard,58.33,1108.27,Electronic check,11,7.38,0,1,0,658.47,0
C-04256,26,One-year,Basic,39.42,1024.92,Mailed check,8,2.28,0,0,3,244.98,0
C-04257,40,Two-year,Basic,27.14,1085.6,Credit card,4,2.69,0,1,6,985.53,0
C-04258,1,Month-to-month,Basic,39.17,39.17,Mailed check,16,0.89,1,3,32,104.82,1
C-04259,1,Month-to-month,Standard,45.96,45.96,Credit card,9,2.02,1,2,16,144.98,1
C-04260,1,Month-to-month,Basic,38.54,38.54,Credit card,0,1.26,1,0,1,237.89,0
C-04261,3,Month-to-month,Standard,49.53,148.59,Bank transfer,0,3.99,0,0,0,493.28,0
C-04262,42,Two-year,Standard,67.81,2848.02,Electronic check,1,12.13,1,0,2,4086.81,0
C-04263,4,Month-to-month,Standard,46.41,185.64,Bank transfer,4,1.79,1,3,48,61.13,1
C-04264,2,Month-to-month,Standard,68.71,137.42,Electronic check,7,2.64,1,3,40,112.07,1
C-04265,24,One-year,Premium,84.04,2016.96,Electronic check,3,61.31,1,1,8,2058.96,0
C-04266,3,Month-to-month,Basic,26.05,78.15,Credit card,3,0.75,0,4,22,71.21,1
C-04267,18,One-year,Basic,29.82,536.76,Mailed check,17,0.8,0,2,4,1293.87,0
C-04268,15,Month-to-month,Basic,27.61,414.15,Credit card,6,0.34,0,3,16,56.85,1
C-04269,44,Two-year,Basic,33.35,1467.4,Mailed check,13,1.37,1,2,1,1454.39,0
C-04270,43,Two-year,Basic,39.5,1698.5,Credit card,2,1.12,0,0,10,1808.63,0
C-04271,29,One-year,Basic,32.13,931.77,Bank transfer,0,0.88,0,1,1,1193.14,0
C-04272,51,Two-year,Standard,63.04,3215.04,Bank transfer,0,8.97,0,1,2,3356.99,0
C-04273,4,Month-to-month,Standard,47.2,188.8,Credit card,5,5.98,1,1,18,84.94,1
C-04274,7,Month-to-month,Basic,32.56,227.92,Bank transfer,2,3.24,1,2,5,577.55,0
C-04275,33,One-year,Standard,56.35,1859.55,Credit card,2,6.79,1,0,17,1366.88,0
C-04276,36,One-year,Basic,37.72,1357.92,Credit card,0,1.76,0,0,7,929.83,0
C-04277,12,Month-to-month,Basic,27.76,333.12,Credit card,18,0.63,0,0,42,24.46,1
C-04278,1,Month-to-month,Standard,61.99,61.99,Bank transfer,4,1.68,1,2,30,180.79,1
C-04279,4,Month-to-month,Basic,24.56,98.24,Electronic check,13,1.66,0,2,91,12.28,1
C-04280,5,Month-to-month,Basic,25.19,125.95,Bank transfer,1,0.79,0,2,13,56.0,1
C-04281,3,Month-to-month,Standard,54.4,163.2,Mailed check,28,1.7,1,3,16,107.64,1
C-04282,22,One-year,Premium,88.68,1950.96,Bank transfer,1,9.7,1,1,6,2593.72,0
C-04283,4,Month-to-month,Standard,51.35,205.4,Electronic check,2,22.19,1,1,4,735.66,0
C-04284,6,Month-to-month,Basic,20.99,125.94,Electronic check,4,0.31,0,0,18,37.04,1
C-04285,22,One-year,Premium,112.65,2478.3,Bank transfer,2,29.33,1,0,6,4965.59,0
C-04286,30,One-year,Standard,46.61,1398.3,Electronic check,3,2.86,0,1,7,1425.56,0
C-04287,50,Two-year,Standard,67.18,3359.0,Credit card,2,8.96,1,1,1,3333.16,0
C-04288,26,One-year,Premium,80.65,2096.9,Mailed check,8,25.79,1,1,8,2544.16,0
C-04289,7,Month-to-month,Standard,46.63,326.41,Electronic check,8,4.89,1,1,34,67.09,1
C-04290,30,Two-year,Basic,31.26,937.8,Credit card,0,9.09,0,0,12,1322.93,0
C-04291,33,One-year,Standard,57.56,1899.48,Electronic check,2,6.18,1,3,1,1969.57,0
C-04292,1,Month-to-month,Standard,57.28,57.28,Credit card,0,14.77,0,1,3,742.17,0
C-04293,25,One-year,Standard,59.36,1484.0,Credit card,2,12.35,1,0,12,1734.9,0
C-04294,33,Two-year,Standard,52.18,1721.94,Credit card,2,6.01,1,0,4,3110.74,0
C-04295,9,Month-to-month,Premium,104.83,943.47,Electronic check,24,17.54,0,2,25,153.44,1
C-04296,24,Month-to-month,Premium,97.61,2342.64,Electronic check,11,22.6,1,0,0,1692.71,0
C-04297,3,Month-to-month,Premium,90.06,270.18,Electronic check,4,38.0,1,0,0,1471.11,0
C-04298,2,Month-to-month,Premium,112.19,224.38,Credit card,5,25.85,1,2,55,269.48,1
C-04299,1,Month-to-month,Premium,107.75,107.75,Bank transfer,1,26.45,1,3,21,2033.46,0
C-04300,31,One-year,Basic,27.87,863.97,Electronic check,0,1.75,1,2,1,683.61,0
C-04301,1,Month-to-month,Basic,36.95,36.95,Credit card,18,1.26,0,4,27,58.15,1
C-04302,23,Two-year,Standard,68.01,1564.23,Bank transfer,1,20.86,1,1,0,2829.08,0
C-04303,18,One-year,Premium,99.16,1784.88,Credit card,4,15.77,1,0,1,2403.0,0
C-04304,29,One-year,Standard,50.37,1460.73,Credit card,6,6.88,0,0,4,804.24,0
C-04305,45,Two-year,Standard,67.89,3055.05,Bank transfer,1,13.53,1,0,0,3381.64,0
C-04306,15,Month-to-month,Basic,23.79,356.85,Electronic check,19,1.0,1,3,64,34.84,1
C-04307,7,Month-to-month,Basic,20.97,146.79,Credit card,4,0.3,0,4,50,50.05,1
C-04308,26,One-year,Standard,53.19,1382.94,Credit card,1,12.48,0,0,3,1631.69,0
C-04309,36,Two-year,Basic,34.54,1243.44,Credit card,3,2.82,0,0,24,1527.5,0
C-04310,18,One-year,Basic,38.47,692.46,Credit card,0,1.7,1,0,0,1012.75,0
C-04311,18,Month-to-month,Basic,32.75,589.5,Credit card,1,2.08,0,0,3,330.03,0
C-04312,39,Two-year,Basic,39.04,1522.56,Bank transfer,3,1.51,0,0,2,1924.4,0
C-04313,4,Month-to-month,Standard,47.31,189.24,Electronic check,28,1.48,0,4,22,91.47,1
C-04314,46,Two-year,Basic,21.22,976.12,Bank transfer,0,1.57,0,0,7,886.31,0
C-04315,38,Two-year,Standard,60.1,2283.8,Electronic check,12,9.43,0,4,0,1693.23,0
C-04316,23,Month-to-month,Basic,39.32,904.36,Electronic check,0,0.96,0,0,5,659.21,0
C-04317,14,One-year,Premium,97.62,1366.68,Credit card,3,19.85,1,0,17,2825.95,0
C-04318,8,Month-to-month,Basic,21.03,168.24,Credit card,2,0.34,0,2,8,60.6,1
C-04319,13,Month-to-month,Standard,50.53,656.89,Mailed check,32,5.87,0,4,8,102.58,1
C-04320,13,One-year,Standard,51.12,664.56,Credit card,2,7.48,1,0,4,2020.68,0
C-04321,25,One-year,Basic,26.76,669.0,Credit card,1,1.08,0,1,3,668.2,0
C-04322,35,Two-year,Premium,76.96,2693.6,Credit card,0,22.09,1,0,3,3489.66,0
C-04323,31,One-year,Standard,67.62,2096.22,Bank transfer,0,6.42,1,2,3,1483.39,0
C-04324,2,Month-to-month,Standard,57.89,115.78,Bank transfer,3,3.82,0,1,19,103.5,1
C-04325,33,Two-year,Basic,33.42,1102.86,Mailed check,22,1.7,0,0,4,1880.45,0
C-04326,50,Two-year,Premium,78.02,3901.0,Mailed check,14,6.33,1,0,0,4412.28,0
C-04327,2,Month-to-month,Standard,46.35,92.7,Bank transfer,2,82.68,1,0,15,896.03,0
C-04328,48,Two-year,Basic,31.73,1523.04,Bank transfer,2,2.16,0,0,4,1096.15,0
C-04329,12,Month-to-month,Basic,37.75,453.0,Credit card,13,1.12,1,1,22,33.06,1
C-04330,36,Two-year,Premium,98.78,3556.08,Credit card,2,11.35,1,1,13,4495.86,0
C-04331,1,Month-to-month,Standard,66.95,66.95,Credit card,0,3.75,0,1,2,932.52,0
C-04332,1,Month-to-month,Standard,65.27,65.27,Credit card,4,2.5,1,1,28,165.17,1
C-04333,8,Month-to-month,Standard,46.9,375.2,Credit card,1,5.34,0,5,27,111.57,1
C-04334,32,One-year,Standard,50.05,1601.6,Credit card,10,13.75,1,3,3,1639.54,0
C-04335,38,Month-to-month,Basic,33.15,1259.7,Credit card,3,1.04,0,4,58,51.14,1
C-04336,17,Month-to-month,Basic,28.87,490.79,Mailed check,3,1.11,0,0,13,545.21,0
C-04337,34,One-year,Standard,52.27,1777.18,Bank transfer,0,2.01,0,0,4,1707.76,0
C-04338,17,Two-year,Premium,93.84,1595.28,Mailed check,10,23.33,1,0,3,4182.21,0
C-04339,3,Month-to-month,Basic,28.9,86.7,Bank transfer,0,1.54,0,0,4,478.66,0
C-04340,1,Month-to-month,Standard,67.76,67.76,Bank transfer,7,0.88,0,2,71,151.96,1
C-04341,6,Month-to-month,Standard,47.59,285.54,Credit card,3,7.94,1,2,37,53.5,1
C-04342,6,Month-to-month,Standard,51.99,311.94,Credit card,3,1.41,1,2,14,79.92,1
C-04343,48,Two-year,Premium,99.19,4761.12,Credit card,0,33.4,1,0,4,4108.26,0
C-04344,42,Two-year,Standard,62.46,2623.32,Mailed check,2,3.87,1,0,8,3613.17,0
C-04345,36,One-year,Basic,32.61,1173.96,Mailed check,5,0.84,0,3,22,51.33,1
C-04346,1,Month-to-month,Premium,117.37,117.37,Credit card,3,6.05,1,1,30,237.33,1
C-04347,36,One-year,Standard,64.89,2336.04,Credit card,0,7.37,0,0,5,2281.94,0
C-04348,22,One-year,Premium,100.07,2201.54,Bank transfer,0,57.11,1,0,9,2394.75,0
C-04349,51,Two-year,Standard,50.37,2568.87,Credit card,0,28.52,0,0,20,2858.98,0
C-04350,52,One-year,Premium,95.29,4955.08,Bank transfer,2,27.62,1,2,0,3591.73,0
C-04351,26,One-year,Basic,33.87,880.62,Credit card,1,2.64,1,0,8,440.61,0
C-04352,28,One-year,Basic,36.76,1029.28,Bank transfer,0,3.42,1,0,5,1207.61,0
C-04353,23,Month-to-month,Premium,118.19,2718.37,Credit card,0,32.21,1,2,0,2861.0,0
C-04354,32,Two-year,Basic,32.11,1027.52,Bank transfer,1,2.51,1,0,7,1417.85,0
C-04355,16,One-year,Basic,30.54,488.64,Credit card,0,1.55,0,0,0,1048.16,0
C-04356,31,One-year,Standard,45.44,1408.64,Bank transfer,1,3.28,1,0,9,881.73,0
C-04357,9,Month-to-month,Premium,78.24,704.16,Mailed check,60,5.26,1,0,71,57.29,1
C-04358,15,One-year,Basic,23.12,346.8,Credit card,7,1.14,0,2,80,38.4,1
C-04359,33,One-year,Premium,77.46,2556.18,Mailed check,1,28.82,1,0,0,1719.18,0
C-04360,16,Month-to-month,Standard,55.02,880.32,Electronic check,2,1.75,0,0,30,125.72,1
C-04361,7,Month-to-month,Standard,53.42,373.94,Mailed check,10,3.65,0,2,62,120.69,1
C-04362,26,One-year,Premium,103.68,2695.68,Electronic check,0,16.87,0,0,4,4572.14,0
C-04363,28,One-year,Standard,58.39,1634.92,Electronic check,3,12.81,1,2,0,2124.29,0
C-04364,21,One-year,Basic,31.92,670.32,Mailed check,28,0.63,0,3,10,48.58,1
C-04365,5,Month-to-month,Basic,29.44,147.2,Credit card,1,1.18,0,0,59,59.95,1
C-04366,22,One-year,Standard,51.94,1142.68,Bank transfer,0,7.38,0,1,5,1648.55,0
C-04367,22,Month-to-month,Standard,68.82,1514.04,Mailed check,21,2.19,1,1,65,166.7,1
C-04368,6,Month-to-month,Premium,78.89,473.34,Electronic check,1,16.26,1,0,12,429.49,0
C-04369,18,Month-to-month,Standard,68.47,1232.46,Mailed check,1,1.09,0,1,41,112.13,1
C-04370,3,Month-to-month,Standard,52.78,158.34,Electronic check,14,4.23,1,2,65,149.57,1
C-04371,4,Month-to-month,Standard,57.82,231.28,Mailed check,2,1.19,0,0,54,133.9,1
C-04372,22,Month-to-month,Basic,22.18,487.96,Electronic check,9,1.08,0,0,0,404.5,0
C-04373,5,Month-to-month,Basic,21.42,107.1,Electronic check,0,2.15,0,1,0,318.85,0
C-04374,15,Month-to-month,Premium,94.33,1414.95,Bank transfer,8,3.75,1,5,155,178.73,1
C-04375,36,One-year,Basic,34.83,1253.88,Mailed check,13,2.21,0,0,9,1056.51,0
C-04376,1,Month-to-month,Basic,25.39,25.39,Electronic check,2,0.47,1,2,24,32.28,1
C-04377,6,Month-to-month,Standard,59.06,354.36,Electronic check,0,40.91,0,2,3,1157.86,0
C-04378,46,Two-year,Standard,51.97,2390.62,Electronic check,1,9.74,1,0,16,2531.03,0
C-04379,23,Month-to-month,Premium,92.49,2127.27,Credit card,3,20.3,1,0,10,1432.91,0
C-04380,19,One-year,Basic,38.13,724.47,Credit card,2,2.12,0,2,0,1015.61,0
C-04381,1,Month-to-month,Basic,37.12,37.12,Mailed check,7,1.55,0,2,39,37.25,1
C-04382,13,Month-to-month,Basic,30.32,394.16,Bank transfer,1,1.96,0,0,3,747.46,0
C-04383,9,One-year,Standard,50.95,458.55,Credit card,2,13.61,1,1,2,1730.73,0
C-04384,19,One-year,Basic,23.86,453.34,Credit card,12,2.45,1,1,2,770.7,0
C-04385,31,Two-year,Standard,68.85,2134.35,Electronic check,2,7.58,1,0,3,3675.17,0
C-04386,22,One-year,Premium,84.12,1850.64,Electronic check,13,11.5,1,1,36,42.06,1
C-04387,62,Two-year,Premium,111.37,6904.94,Electronic check,3,54.57,1,0,7,7234.68,0
C-04388,13,Month-to-month,Basic,27.38,355.94,Bank transfer,3,0.51,0,2,21,13.69,1
C-04389,32,Month-to-month,Standard,69.64,2228.48,Bank transfer,0,4.99,0,1,10,1625.35,0
C-04390,1,Month-to-month,Standard,54.2,54.2,Credit card,0,7.45,1,0,18,1006.03,0
C-04391,12,Month-to-month,Premium,90.82,1089.84,Credit card,3,8.52,1,1,2,1054.47,0
C-04392,20,One-year,Premium,103.69,2073.8,Electronic check,10,26.28,1,1,4,3197.28,0
C-04393,12,One-year,Basic,39.23,470.76,Credit card,8,0.64,0,0,34,93.72,1
C-04394,1,Month-to-month,Standard,69.41,69.41,Bank transfer,10,1.08,0,2,19,110.82,1
C-04395,37,Two-year,Basic,34.14,1263.18,Bank transfer,0,2.17,0,1,3,2048.73,0
C-04396,33,Two-year,Basic,35.09,1157.97,Bank transfer,0,3.3,0,0,9,1154.56,0
C-04397,4,Month-to-month,Basic,31.27,125.08,Mailed check,10,1.62,0,4,12,35.94,1
C-04398,22,Month-to-month,Standard,63.89,1405.58,Credit card,0,19.45,1,0,0,664.87,0
C-04399,13,Month-to-month,Standard,66.49,864.37,Electronic check,5,1.54,0,0,27,56.82,1
C-04400,35,Month-to-month,Basic,29.72,1040.2,Credit card,7,0.98,0,3,26,63.39,1
C-04401,9,Month-to-month,Standard,60.5,544.5,Credit card,9,0.68,0,2,40,198.65,1
C-04402,17,One-year,Basic,30.75,522.75,Bank transfer,4,1.22,0,4,1,1131.68,0
C-04403,3,Month-to-month,Standard,59.06,177.18,Credit card,0,14.77,0,0,3,954.72,0
C-04404,3,Month-to-month,Basic,37.8,113.4,Electronic check,6,2.18,0,0,6,995.44,0
C-04405,30,Two-year,Basic,27.11,813.3,Bank transfer,4,1.02,0,2,26,76.57,1
C-04406,26,One-year,Standard,50.2,1305.2,Credit card,0,5.17,0,2,3,1236.47,0
C-04407,62,Two-year,Basic,29.13,1806.06,Credit card,0,4.21,0,0,14,1312.55,0
C-04408,4,Month-to-month,Standard,50.2,200.8,Bank transfer,4,7.5,0,3,21,112.03,1
C-04409,1,Month-to-month,Basic,29.97,29.97,Electronic check,6,1.65,0,1,68,41.19,1
C-04410,25,One-year,Standard,67.59,1689.75,Bank transfer,1,4.72,1,0,0,1491.83,0
C-04411,1,Month-to-month,Basic,32.35,32.35,Bank transfer,1,3.62,0,0,13,725.53,0
C-04412,12,Month-to-month,Standard,66.39,796.68,Electronic check,19,4.09,0,4,11,184.3,1
C-04413,21,One-year,Standard,49.15,1032.15,Bank transfer,0,6.25,1,0,9,1073.45,0
C-04414,18,One-year,Basic,38.02,684.36,Credit card,2,2.75,0,0,0,1251.3,0
C-04415,16,Month-to-month,Standard,60.04,960.64,Bank transfer,9,5.51,1,0,13,136.77,1
C-04416,8,Month-to-month,Basic,20.64,165.12,Bank transfer,2,0.42,1,4,126,23.06,1
C-04417,2,Month-to-month,Standard,60.83,121.66,Electronic check,0,30.99,0,1,11,1212.96,0
C-04418,22,Month-to-month,Basic,39.03,858.66,Bank transfer,1,2.53,0,5,27,94.22,1
C-04419,1,Month-to-month,Standard,46.98,46.98,Mailed check,16,6.59,1,0,34,115.19,1
C-04420,2,Month-to-month,Standard,59.56,119.12,Credit card,5,2.43,1,1,74,105.1,1
C-04421,13,Month-to-month,Premium,116.2,1510.6,Mailed check,3,28.93,1,0,11,2292.6,0
C-04422,40,Two-year,Standard,45.24,1809.6,Bank transfer,0,3.56,1,1,0,2248.71,0
C-04423,15,One-year,Standard,60.77,911.55,Electronic check,0,4.45,1,1,52,124.86,1
C-04424,32,One-year,Standard,56.87,1819.84,Credit card,2,9.58,1,1,0,2100.91,0
C-04425,1,Month-to-month,Premium,90.61,90.61,Bank transfer,2,9.52,1,1,21,110.42,1
C-04426,19,Month-to-month,Standard,60.69,1153.11,Electronic check,15,3.82,1,2,7,79.26,1
C-04427,3,Month-to-month,Basic,21.05,63.15,Electronic check,10,0.26,0,1,58,23.84,1
C-04428,2,Month-to-month,Premium,108.89,217.78,Credit card,1,14.17,1,0,0,2593.21,0
C-04429,7,Month-to-month,Standard,45.11,315.77,Bank transfer,1,5.73,1,2,81,88.92,1
C-04430,27,One-year,Premium,88.81,2397.87,Credit card,2,58.3,1,0,7,2208.28,0
C-04431,35,One-year,Premium,97.68,3418.8,Mailed check,5,15.31,1,2,8,3903.6,0
C-04432,36,One-year,Basic,27.54,991.44,Mailed check,50,1.02,0,3,78,49.43,1
C-04433,33,Month-to-month,Standard,52.69,1738.77,Credit card,13,6.22,1,2,42,26.34,1
C-04434,37,Two-year,Basic,36.62,1354.94,Mailed check,23,1.55,0,0,21,1512.89,0
C-04435,2,Month-to-month,Basic,38.7,77.4,Mailed check,4,2.82,0,0,1,713.48,0
C-04436,1,Month-to-month,Basic,37.47,37.47,Bank transfer,0,1.98,1,0,1,752.6,0
C-04437,24,Month-to-month,Standard,58.06,1393.44,Electronic check,16,5.13,0,2,24,83.57,1
C-04438,18,One-year,Basic,37.68,678.24,Bank transfer,8,0.27,0,1,98,61.81,1
C-04439,60,Two-year,Basic,38.42,2305.2,Electronic check,7,1.16,0,1,2,1645.19,0
C-04440,8,Month-to-month,Standard,55.23,441.84,Credit card,2,3.91,1,1,47,137.23,1
C-04441,50,Two-year,Basic,25.67,1283.5,Credit card,3,2.11,0,0,10,1568.06,0
C-04442,49,Two-year,Basic,21.97,1076.53,Bank transfer,1,1.96,0,0,1,886.87,0
C-04443,25,Month-to-month,Basic,29.58,739.5,Credit card,4,0.89,1,3,28,91.78,1
C-04444,5,Month-to-month,Basic,38.93,194.65,Electronic check,22,0.45,1,0,53,82.5,1
C-04445,3,Month-to-month,Standard,59.02,177.06,Credit card,1,3.97,0,0,5,995.48,0
C-04446,31,Two-year,Basic,33.35,1033.85,Bank transfer,1,1.57,0,0,2,1491.51,0
C-04447,9,Month-to-month,Premium,80.08,720.72,Mailed check,6,20.2,0,1,2,958.84,0
C-04448,38,One-year,Standard,48.59,1846.42,Bank transfer,1,7.61,1,0,2,1111.61,0
C-04449,5,Month-to-month,Basic,29.29,146.45,Bank transfer,0,0.97,0,3,85,34.2,1
C-04450,23,One-year,Basic,39.03,897.69,Mailed check,14,1.14,0,1,36,42.48,1
C-04451,11,Month-to-month,Standard,54.02,594.22,Mailed check,8,12.43,0,1,8,1084.44,0
C-04452,14,One-year,Standard,66.94,937.16,Credit card,1,10.31,1,1,3,3106.4,0
C-04453,41,Two-year,Basic,22.41,918.81,Bank transfer,2,1.62,0,1,1,896.32,0
C-04454,56,Two-year,Basic,32.34,1811.04,Mailed check,3,1.31,0,1,11,1446.48,0
C-04455,38,Two-year,Premium,102.03,3877.14,Bank transfer,3,13.48,1,0,12,5854.09,0
C-04456,15,Month-to-month,Basic,37.2,558.0,Bank transfer,0,1.42,0,0,3,434.22,0
C-04457,14,One-year,Basic,20.07,280.98,Credit card,2,1.97,0,1,7,369.8,0
C-04458,5,Month-to-month,Premium,83.55,417.75,Credit card,0,13.77,1,0,2,509.36,0
C-04459,11,Month-to-month,Standard,50.49,555.39,Electronic check,1,9.99,0,0,0,911.38,0
C-04460,11,One-year,Basic,39.0,429.0,Electronic check,8,1.83,1,2,2,956.94,0
C-04461,15,Month-to-month,Standard,48.84,732.6,Mailed check,2,2.95,0,1,78,44.28,1
C-04462,24,One-year,Basic,20.74,497.76,Electronic check,23,1.7,1,0,61,29.48,1
C-04463,42,Two-year,Standard,58.36,2451.12,Credit card,0,2.06,1,1,11,3275.76,0
C-04464,2,Month-to-month,Standard,58.21,116.42,Credit card,5,2.77,1,4,36,93.95,1
C-04465,17,One-year,Premium,112.98,1920.66,Mailed check,7,7.57,1,2,1,4088.82,0
C-04466,1,Month-to-month,Premium,117.7,117.7,Credit card,1,27.64,1,0,6,2381.86,0
C-04467,6,Month-to-month,Premium,99.23,595.38,Credit card,0,35.91,1,0,1,1834.72,0
C-04468,6,Month-to-month,Premium,116.85,701.1,Mailed check,8,5.65,1,3,28,225.62,1
C-04469,52,Two-year,Standard,63.13,3282.76,Bank transfer,0,4.33,1,1,5,3407.25,0
C-04470,50,Two-year,Basic,25.29,1264.5,Credit card,1,0.86,0,0,7,1268.27,0
C-04471,35,Two-year,Standard,68.21,2387.35,Mailed check,13,2.04,1,4,21,142.7,1
C-04472,57,Two-year,Standard,61.69,3516.33,Mailed check,12,7.36,1,0,0,1715.09,0
C-04473,9,Month-to-month,Premium,93.63,842.67,Credit card,4,4.23,1,1,68,157.96,1
C-04474,8,Month-to-month,Basic,33.6,268.8,Mailed check,10,0.37,0,0,51,23.41,1
C-04475,38,One-year,Premium,93.06,3536.28,Bank transfer,0,15.08,0,2,0,1927.45,0
C-04476,29,Month-to-month,Premium,80.14,2324.06,Bank transfer,3,21.1,1,0,14,219.67,1
C-04477,2,Month-to-month,Premium,107.35,214.7,Mailed check,25,10.47,1,2,34,194.21,1
C-04478,23,Month-to-month,Premium,112.08,2577.84,Mailed check,1,13.57,0,2,0,3073.02,0
C-04479,12,One-year,Basic,34.58,414.96,Credit card,1,1.42,0,0,5,1214.52,0
C-04480,22,One-year,Basic,24.58,540.76,Credit card,3,0.43,0,0,7,34.01,1
C-04481,3,Month-to-month,Basic,39.13,117.39,Credit card,2,1.85,0,0,46,62.75,1
C-04482,9,Month-to-month,Basic,20.51,184.59,Bank transfer,1,2.87,0,0,4,438.06,0
C-04483,21,One-year,Standard,53.32,1119.72,Credit card,1,8.37,0,0,20,1795.48,0
C-04484,27,One-year,Premium,86.7,2340.9,Bank transfer,1,57.61,0,1,1,3209.61,0
C-04485,6,Month-to-month,Premium,77.17,463.02,Credit card,5,10.12,1,1,8,38.58,1
C-04486,32,One-year,Standard,55.14,1764.48,Bank transfer,0,7.86,1,1,5,922.95,0
C-04487,27,Month-to-month,Basic,32.46,876.42,Credit card,3,0.25,0,5,15,46.98,1
C-04488,17,Month-to-month,Basic,37.65,640.05,Electronic check,19,0.46,0,4,9,92.81,1
C-04489,39,One-year,Basic,39.79,1551.81,Credit card,1,1.25,0,1,0,1419.25,0
C-04490,23,One-year,Basic,36.16,831.68,Credit card,0,4.79,0,2,6,239.26,0
C-04491,8,Month-to-month,Standard,56.72,453.76,Mailed check,12,1.23,0,5,33,69.66,1
C-04492,10,One-year,Basic,34.47,344.7,Electronic check,5,0.85,0,2,13,82.03,1
C-04493,31,One-year,Basic,36.87,1142.97,Credit card,0,2.84,1,0,3,779.82,0
C-04494,17,One-year,Basic,29.31,498.27,Credit card,2,1.73,0,2,3,926.15,0
C-04495,23,One-year,Standard,64.63,1486.49,Electronic check,4,26.74,1,1,2,2138.9,0
C-04496,35,One-year,Standard,57.07,1997.45,Bank transfer,5,1.91,1,0,29,88.25,1
C-04497,30,Month-to-month,Standard,54.66,1639.8,Electronic check,8,3.24,0,4,12,109.66,1
C-04498,32,Month-to-month,Standard,58.15,1860.8,Bank transfer,13,2.6,1,1,52,107.06,1
C-04499,8,Month-to-month,Premium,105.41,843.28,Credit card,5,39.66,1,0,7,2178.95,0
C-04500,9,Month-to-month,Basic,34.54,310.86,Bank transfer,2,0.99,0,1,49,61.18,1
C-04501,15,One-year,Standard,53.92,808.8,Electronic check,2,3.2,0,0,6,806.36,0
C-04502,28,One-year,Standard,59.28,1659.84,Mailed check,1,18.99,0,0,10,2020.51,0
C-04503,1,Month-to-month,Standard,67.75,67.75,Credit card,6,3.73,1,2,38,131.26,1
C-04504,3,Month-to-month,Premium,118.93,356.79,Bank transfer,2,7.92,1,2,17,285.76,1
C-04505,11,Month-to-month,Basic,24.54,269.94,Credit card,3,0.91,0,2,44,31.57,1
C-04506,3,Month-to-month,Standard,49.82,149.46,Bank transfer,8,1.89,0,3,28,87.16,1
C-04507,16,One-year,Basic,33.53,536.48,Mailed check,12,1.85,0,0,4,857.85,0
C-04508,1,Month-to-month,Standard,55.37,55.37,Bank transfer,10,2.32,0,4,53,148.83,1
C-04509,19,One-year,Basic,20.48,389.12,Mailed check,1,1.7,0,1,3,717.34,0
C-04510,50,Two-year,Basic,26.94,1347.0,Bank transfer,1,1.61,0,1,4,1687.25,0
C-04511,1,Month-to-month,Standard,65.17,65.17,Mailed check,11,1.72,0,2,54,122.15,1
C-04512,1,Month-to-month,Standard,64.94,64.94,Electronic check,1,11.05,0,3,0,664.82,0
C-04513,2,Month-to-month,Basic,29.89,59.78,Credit card,3,0.15,0,0,149,33.84,1
C-04514,28,One-year,Standard,56.81,1590.68,Credit card,1,9.19,1,0,1,2101.01,0
C-04515,19,One-year,Standard,59.49,1130.31,Bank transfer,2,3.07,0,1,25,2395.18,0
C-04516,3,Month-to-month,Basic,24.39,73.17,Credit card,6,0.83,0,3,44,22.17,1
C-04517,20,One-year,Standard,58.15,1163.0,Bank transfer,0,8.99,0,0,22,1492.64,0
C-04518,46,Two-year,Standard,45.28,2082.88,Bank transfer,3,11.5,1,0,1,1651.14,0
C-04519,6,Month-to-month,Standard,56.89,341.34,Mailed check,4,5.04,0,2,80,202.9,1
C-04520,11,Month-to-month,Basic,26.72,293.92,Bank transfer,6,0.56,0,2,104,60.85,1
C-04521,53,Two-year,Basic,33.5,1775.5,Electronic check,9,0.9,0,0,10,1301.09,0
C-04522,37,One-year,Standard,60.96,2255.52,Mailed check,2,8.72,0,4,2,1355.46,0
C-04523,52,Two-year,Premium,92.14,4791.28,Mailed check,2,67.05,1,4,12,5724.8,0
C-04524,23,One-year,Standard,45.18,1039.14,Credit card,4,9.69,1,4,11,1573.87,0
C-04525,48,Two-year,Basic,25.05,1202.4,Bank transfer,1,1.33,0,0,6,1201.04,0
C-04526,3,Month-to-month,Standard,60.83,182.49,Credit card,0,8.6,0,0,3,924.08,0
C-04527,13,One-year,Premium,78.26,1017.38,Bank transfer,3,20.25,1,0,5,2070.94,0
C-04528,40,Two-year,Basic,22.15,886.0,Bank transfer,0,1.12,1,1,7,747.37,0
C-04529,13,One-year,Premium,104.12,1353.56,Electronic check,2,37.88,1,0,22,2502.39,0
C-04530,9,Month-to-month,Premium,109.01,981.09,Bank transfer,1,32.86,1,1,0,1638.32,0
C-04531,2,Month-to-month,Basic,26.43,52.86,Bank transfer,11,0.53,0,2,76,49.17,1
C-04532,3,Month-to-month,Premium,97.04,291.12,Mailed check,4,23.41,1,2,3,1677.34,0
C-04533,9,Month-to-month,Basic,38.91,350.19,Credit card,1,0.81,0,1,22,106.47,1
C-04534,29,Month-to-month,Premium,117.55,3408.95,Bank transfer,1,11.01,1,1,6,1574.34,0
C-04535,32,One-year,Standard,52.69,1686.08,Electronic check,5,3.86,0,0,0,2156.38,0
C-04536,29,One-year,Standard,65.25,1892.25,Credit card,3,4.22,1,0,7,1875.37,0
C-04537,4,Month-to-month,Standard,59.85,239.4,Bank transfer,0,8.71,1,0,6,1193.16,0
C-04538,21,One-year,Standard,69.39,1457.19,Credit card,2,6.86,1,0,5,2643.46,0
C-04539,16,Month-to-month,Basic,29.55,472.8,Mailed check,2,0.64,0,1,50,71.11,1
C-04540,6,Month-to-month,Standard,64.37,386.22,Credit card,8,1.62,0,0,45,165.57,1
C-04541,18,Month-to-month,Basic,35.36,636.48,Credit card,0,2.93,0,2,10,504.61,0
C-04542,10,One-year,Basic,29.95,299.5,Bank transfer,1,2.41,1,0,0,853.79,0
C-04543,44,Month-to-month,Basic,35.91,1580.04,Credit card,11,0.94,0,3,28,92.17,1
C-04544,1,Month-to-month,Standard,51.53,51.53,Credit card,10,4.19,0,4,114,133.2,1
C-04545,1,Month-to-month,Basic,22.45,22.45,Bank transfer,1,0.86,0,2,63,47.7,1
C-04546,38,Two-year,Basic,28.5,1083.0,Bank transfer,1,2.4,0,0,4,1567.64,0
C-04547,1,Month-to-month,Basic,38.87,38.87,Bank transfer,3,1.58,0,0,4,504.91,0
C-04548,15,One-year,Basic,30.01,450.15,Bank transfer,3,0.81,1,1,28,75.73,1
C-04549,16,One-year,Standard,60.88,974.08,Bank transfer,1,4.27,0,0,9,2270.16,0
C-04550,19,One-year,Premium,103.09,1958.71,Electronic check,6,21.05,1,0,4,3086.93,0
C-04551,44,Two-year,Basic,22.65,996.6,Credit card,0,2.5,1,0,11,1125.07,0
C-04552,24,Month-to-month,Premium,92.56,2221.44,Credit card,1,33.31,1,1,0,531.93,0
C-04553,35,Month-to-month,Standard,62.67,2193.45,Electronic check,2,7.06,0,0,8,1645.68,0
C-04554,47,Two-year,Standard,69.3,3257.1,Mailed check,5,46.54,1,1,1,3561.8,0
C-04555,6,Month-to-month,Standard,49.2,295.2,Credit card,14,2.8,0,0,23,121.11,1
C-04556,18,One-year,Premium,93.47,1682.46,Bank transfer,0,10.6,0,0,1,3049.47,0
C-04557,19,One-year,Basic,21.9,416.1,Bank transfer,0,3.69,0,0,7,736.84,0
C-04558,29,One-year,Standard,51.06,1480.74,Bank transfer,2,2.74,0,4,25,117.82,1
C-04559,32,Two-year,Standard,54.42,1741.44,Electronic check,2,10.37,0,1,6,3413.27,0
C-04560,58,Two-year,Standard,58.52,3394.16,Credit card,1,6.83,1,1,1,4257.11,0
C-04561,33,One-year,Premium,85.38,2817.54,Electronic check,16,29.86,1,0,1,3302.6,0
C-04562,10,Month-to-month,Basic,24.55,245.5,Credit card,2,4.52,0,1,0,625.43,0
C-04563,53,Two-year,Standard,64.45,3415.85,Bank transfer,0,10.19,1,0,3,2803.4,0
C-04564,7,Month-to-month,Standard,69.07,483.49,Electronic check,1,3.74,1,0,2,1152.05,0
C-04565,1,Month-to-month,Basic,26.47,26.47,Bank transfer,1,0.36,0,0,0,534.33,0
C-04566,37,Two-year,Basic,33.76,1249.12,Credit card,2,2.44,0,0,10,1801.32,0
C-04567,15,Month-to-month,Standard,51.45,771.75,Mailed check,6,2.52,0,4,69,118.3,1
C-04568,30,Month-to-month,Premium,116.76,3502.8,Mailed check,2,23.34,1,1,12,1426.07,0
C-04569,1,Month-to-month,Standard,61.82,61.82,Electronic check,0,5.55,0,0,0,956.93,0
C-04570,39,Two-year,Premium,111.12,4333.68,Bank transfer,0,15.79,1,4,13,4925.0,0
C-04571,4,One-year,Standard,46.23,184.92,Credit card,2,1.16,1,1,19,109.55,1
C-04572,31,One-year,Basic,31.97,991.07,Mailed check,15,1.44,0,0,0,877.02,0
C-04573,11,Month-to-month,Basic,30.55,336.05,Bank transfer,2,2.97,1,2,6,512.63,0
C-04574,18,One-year,Basic,25.86,465.48,Mailed check,22,1.04,0,2,93,46.25,1
C-04575,13,One-year,Basic,25.25,328.25,Credit card,3,1.1,0,1,1,884.05,0
C-04576,2,Month-to-month,Basic,31.6,63.2,Credit card,11,0.33,0,1,14,93.57,1
C-04577,1,Month-to-month,Standard,62.66,62.66,Mailed check,12,11.33,1,2,2,827.66,0
C-04578,2,Month-to-month,Standard,45.83,91.66,Bank transfer,5,5.38,1,3,36,119.59,1
C-04579,46,Two-year,Basic,31.35,1442.1,Credit card,4,3.38,0,0,19,1220.94,0
C-04580,32,One-year,Basic,23.41,749.12,Credit card,0,1.22,0,1,5,824.26,0
C-04581,37,Two-year,Basic,22.81,843.97,Bank transfer,0,3.3,0,3,4,806.04,0
C-04582,4,Month-to-month,Standard,60.58,242.32,Credit card,14,0.73,0,2,22,188.12,1
C-04583,21,One-year,Basic,26.22,550.62,Bank transfer,1,1.82,0,0,10,729.23,0
C-04584,36,One-year,Basic,28.82,1037.52,Bank transfer,2,2.57,0,1,15,914.31,0
C-04585,28,One-year,Premium,91.2,2553.6,Electronic check,10,8.68,1,0,7,2819.19,0
C-04586,38,Two-year,Premium,104.18,3958.84,Bank transfer,0,69.86,0,3,13,6416.34,0
C-04587,9,Month-to-month,Basic,29.4,264.6,Mailed check,12,1.56,0,0,36,43.3,1
C-04588,16,Month-to-month,Standard,69.09,1105.44,Credit card,1,13.31,0,0,2,1221.04,0
C-04589,16,One-year,Basic,27.05,432.8,Bank transfer,0,1.24,0,1,2,845.27,0
C-04590,38,One-year,Standard,63.51,2413.38,Credit card,0,8.66,0,0,1,2400.29,0
C-04591,26,One-year,Standard,51.43,1337.18,Electronic check,4,14.5,1,0,13,1230.04,0
C-04592,13,Month-to-month,Basic,30.18,392.34,Mailed check,1,1.15,1,0,3,156.59,0
C-04593,24,One-year,Standard,58.81,1411.44,Electronic check,2,8.1,1,2,4,1224.3,0
C-04594,3,Month-to-month,Basic,26.58,79.74,Bank transfer,0,3.17,0,0,1,593.95,0
C-04595,17,Month-to-month,Basic,29.44,500.48,Bank transfer,1,0.95,0,0,19,543.32,0
C-04596,17,One-year,Basic,25.59,435.03,Electronic check,12,2.38,0,1,5,753.42,0
C-04597,31,One-year,Standard,45.15,1399.65,Mailed check,8,3.15,0,1,0,1048.9,0
C-04598,1,Month-to-month,Basic,24.31,24.31,Mailed check,7,0.69,0,2,14,49.97,1
C-04599,1,Month-to-month,Basic,34.0,34.0,Bank transfer,10,0.75,0,1,37,81.85,1
C-04600,20,Month-to-month,Basic,35.42,708.4,Mailed check,9,1.1,0,0,49,67.49,1
C-04601,18,Month-to-month,Basic,25.6,460.8,Credit card,5,0.64,0,2,68,77.76,1
C-04602,15,One-year,Standard,55.2,828.0,Credit card,0,9.73,0,0,7,2028.73,0
C-04603,32,Two-year,Basic,20.75,664.0,Credit card,0,1.43,0,0,16,968.62,0
C-04604,15,Month-to-month,Basic,24.74,371.1,Credit card,0,0.75,0,1,40,63.15,1
C-04605,12,One-year,Standard,64.48,773.76,Electronic check,1,19.11,1,0,3,1969.94,0
C-04606,47,Two-year,Standard,60.15,2827.05,Mailed check,2,4.53,0,1,22,3071.99,0
C-04607,26,Two-year,Premium,84.26,2190.76,Electronic check,4,35.86,0,0,4,3849.45,0
C-04608,16,Month-to-month,Standard,51.44,823.04,Bank transfer,1,3.06,0,0,22,110.25,1
C-04609,43,Two-year,Basic,36.34,1562.62,Bank transfer,1,1.51,0,0,5,1203.75,0
C-04610,4,Month-to-month,Standard,50.23,200.92,Electronic check,4,4.35,0,0,8,663.74,0
C-04611,17,Month-to-month,Standard,53.35,906.95,Bank transfer,0,4.54,1,0,3,1338.42,0
C-04612,4,Month-to-month,Basic,33.29,133.16,Electronic check,9,1.39,0,1,4,534.99,0
C-04613,17,Month-to-month,Premium,100.25,1704.25,Electronic check,4,8.58,1,0,43,116.0,1
C-04614,4,Month-to-month,Basic,29.22,116.88,Electronic check,2,1.38,0,2,47,97.19,1
C-04615,5,Month-to-month,Premium,115.49,577.45,Bank transfer,0,21.11,1,0,3,1872.88,0
C-04616,9,Month-to-month,Premium,84.89,764.01,Mailed check,19,9.35,1,0,34,206.11,1
C-04617,44,Two-year,Standard,63.54,2795.76,Credit card,2,8.58,0,2,0,2724.86,0
C-04618,69,Two-year,Premium,82.16,5669.04,Bank transfer,1,31.14,1,1,0,4702.84,0
C-04619,18,Month-to-month,Standard,60.39,1087.02,Electronic check,2,13.29,1,1,8,1088.83,0
C-04620,42,Two-year,Basic,37.41,1571.22,Bank transfer,0,1.01,0,0,4,1168.91,0
C-04621,53,Two-year,Standard,56.45,2991.85,Mailed check,10,7.62,1,0,0,3880.32,0
C-04622,25,One-year,Basic,34.49,862.25,Credit card,6,0.76,0,2,61,52.86,1
C-04623,4,Month-to-month,Basic,36.41,145.64,Bank transfer,9,0.48,0,3,31,63.61,1
C-04624,16,One-year,Standard,48.4,774.4,Mailed check,6,1.5,0,2,30,49.95,1
C-04625,21,Two-year,Basic,34.12,716.52,Bank transfer,0,1.85,1,0,14,1024.59,0
C-04626,20,One-year,Basic,38.4,768.0,Bank transfer,0,1.52,0,0,6,1488.75,0
C-04627,5,Month-to-month,Standard,59.41,297.05,Credit card,5,11.46,1,2,28,128.71,1
C-04628,26,One-year,Premium,83.38,2167.88,Credit card,0,24.99,1,1,5,1210.56,0
C-04629,33,One-year,Basic,22.54,743.82,Electronic check,3,4.29,0,0,9,608.21,0
C-04630,16,One-year,Basic,25.19,403.04,Credit card,4,0.94,0,1,77,58.0,1
C-04631,4,Month-to-month,Basic,22.07,88.28,Mailed check,4,1.22,0,2,66,54.79,1
C-04632,18,Month-to-month,Standard,57.83,1040.94,Electronic check,6,6.38,0,1,0,733.84,0
C-04633,32,Two-year,Basic,21.39,684.48,Credit card,1,1.52,0,0,5,917.03,0
C-04634,44,Two-year,Standard,50.59,2225.96,Electronic check,3,11.54,0,0,8,2086.07,0
C-04635,2,Month-to-month,Basic,28.8,57.6,Bank transfer,9,0.4,0,5,30,48.95,1
C-04636,49,Two-year,Basic,29.48,1444.52,Credit card,2,2.72,1,0,1,1481.37,0
C-04637,2,Month-to-month,Premium,100.44,200.88,Credit card,1,15.96,1,0,37,266.16,1
C-04638,19,One-year,Basic,34.11,648.09,Bank transfer,7,0.41,0,2,78,74.62,1
C-04639,11,One-year,Standard,46.18,507.98,Electronic check,8,5.56,0,0,0,1483.66,0
C-04640,46,Two-year,Basic,21.61,994.06,Bank transfer,2,3.08,0,0,0,995.65,0
C-04641,48,Two-year,Standard,46.52,2232.96,Bank transfer,1,2.79,1,0,3,1687.78,0
C-04642,16,Month-to-month,Standard,55.58,889.28,Electronic check,5,5.06,1,1,89,104.69,1
C-04643,50,Two-year,Basic,20.84,1042.0,Electronic check,2,1.9,0,2,3,911.73,0
C-04644,3,Month-to-month,Basic,34.92,104.76,Bank transfer,1,1.16,0,3,26,50.64,1
C-04645,24,One-year,Basic,24.46,587.04,Electronic check,0,2.48,0,0,1,737.12,0
C-04646,27,One-year,Standard,68.48,1848.96,Credit card,3,6.06,1,2,0,1198.27,0
C-04647,17,One-year,Standard,57.16,971.72,Mailed check,4,1.69,0,3,51,93.07,1
C-04648,7,Month-to-month,Standard,56.16,393.12,Bank transfer,1,6.6,1,0,3,778.82,0
C-04649,37,Two-year,Standard,64.51,2386.87,Electronic check,4,12.78,1,0,1,2554.75,0
C-04650,10,Month-to-month,Basic,34.26,342.6,Bank transfer,1,0.64,0,1,1,735.8,0
C-04651,1,Month-to-month,Basic,32.15,32.15,Credit card,2,2.18,0,0,1,602.62,0
C-04652,30,One-year,Basic,38.7,1161.0,Bank transfer,1,1.29,0,0,1,1306.21,0
C-04653,9,Month-to-month,Basic,28.45,256.05,Bank transfer,0,0.6,0,1,48,66.64,1
C-04654,33,Two-year,Basic,36.17,1193.61,Electronic check,0,2.39,0,0,3,1379.49,0
C-04655,2,Month-to-month,Standard,54.5,109.0,Bank transfer,9,0.59,0,3,9,156.68,1
C-04656,7,Month-to-month,Standard,65.96,461.72,Electronic check,12,7.88,0,0,0,998.67,0
C-04657,56,Two-year,Premium,86.68,4854.08,Electronic check,1,26.52,1,0,3,5139.54,0
C-04658,20,One-year,Basic,25.79,515.8,Electronic check,2,2.1,0,0,11,694.87,0
C-04659,2,Month-to-month,Standard,61.95,123.9,Credit card,0,8.39,1,1,0,641.91,0
C-04660,31,One-year,Premium,84.57,2621.67,Mailed check,27,13.32,1,0,17,1827.0,0
C-04661,29,One-year,Standard,50.73,1471.17,Electronic check,1,4.75,0,1,2,1906.92,0
C-04662,31,One-year,Basic,26.11,809.41,Electronic check,1,1.01,0,0,0,897.0,0
C-04663,1,Month-to-month,Basic,33.58,33.58,Credit card,0,2.66,0,0,1,453.97,0
C-04664,42,Two-year,Basic,37.79,1587.18,Bank transfer,1,1.9,0,0,0,1896.44,0
C-04665,43,Two-year,Basic,33.49,1440.07,Credit card,4,1.96,0,1,5,1932.97,0
C-04666,4,One-year,Standard,65.7,262.8,Bank transfer,2,1.19,0,0,73,217.04,1
C-04667,22,Month-to-month,Basic,30.87,679.14,Credit card,0,1.98,0,1,7,583.91,0
C-04668,42,Two-year,Basic,21.38,897.96,Bank transfer,1,2.76,0,0,3,1095.14,0
C-04669,17,One-year,Standard,47.51,807.67,Bank transfer,0,2.99,1,2,4,1363.45,0
C-04670,16,One-year,Standard,58.86,941.76,Bank transfer,8,1.36,1,2,24,118.33,1
C-04671,1,Month-to-month,Standard,53.2,53.2,Bank transfer,6,1.33,0,0,12,130.87,1
C-04672,47,Two-year,Standard,50.51,2373.97,Mailed check,20,7.01,1,0,0,1876.64,0
C-04673,35,One-year,Basic,29.33,1026.55,Credit card,7,1.28,0,0,2,1032.42,0
C-04674,9,Month-to-month,Basic,33.33,299.97,Electronic check,3,2.44,0,2,0,522.44,0
C-04675,2,Month-to-month,Basic,27.7,55.4,Credit card,0,0.88,1,0,59,39.04,1
C-04676,54,Two-year,Standard,65.06,3513.24,Credit card,2,19.59,1,1,2,2644.95,0
C-04677,4,Month-to-month,Premium,108.23,432.92,Credit card,0,23.88,1,0,4,3183.62,0
C-04678,48,Two-year,Basic,34.7,1665.6,Electronic check,1,2.39,1,1,4,2115.79,0
C-04679,19,One-year,Standard,69.63,1322.97,Bank transfer,0,6.46,1,2,0,1607.94,0
C-04680,32,One-year,Basic,25.9,828.8,Mailed check,30,1.16,0,4,0,833.06,0
C-04681,14,Month-to-month,Standard,61.12,855.68,Bank transfer,1,14.89,0,0,0,1184.46,0
C-04682,1,Month-to-month,Basic,37.11,37.11,Credit card,9,1.23,0,3,34,125.69,1
C-04683,46,Two-year,Basic,31.59,1453.14,Electronic check,0,2.87,0,0,2,1377.42,0
C-04684,39,Month-to-month,Premium,110.53,4310.67,Credit card,3,26.2,1,0,1,515.56,0
C-04685,24,One-year,Standard,55.36,1328.64,Electronic check,9,5.03,0,1,1,1607.19,0
C-04686,3,Month-to-month,Standard,59.76,179.28,Credit card,15,3.8,0,2,26,106.51,1
C-04687,5,Month-to-month,Basic,21.11,105.55,Credit card,0,0.87,0,2,21,49.93,1
C-04688,1,Month-to-month,Basic,39.72,39.72,Electronic check,4,2.78,0,5,31,106.73,1
C-04689,25,One-year,Basic,36.0,900.0,Mailed check,15,0.38,0,3,26,104.96,1
C-04690,52,Two-year,Premium,114.1,5933.2,Bank transfer,4,37.76,1,0,0,6745.73,0
C-04691,4,Month-to-month,Premium,106.24,424.96,Electronic check,30,9.27,1,2,14,267.69,1
C-04692,1,Month-to-month,Standard,49.65,49.65,Credit card,11,2.95,1,0,50,141.05,1
C-04693,29,Month-to-month,Basic,20.62,597.98,Electronic check,1,3.98,1,0,2,202.06,0
C-04694,9,One-year,Premium,113.91,1025.19,Electronic check,3,30.0,1,1,0,3182.83,0
C-04695,4,Month-to-month,Standard,54.91,219.64,Credit card,0,5.14,0,1,1,990.46,0
C-04696,44,Two-year,Standard,51.6,2270.4,Credit card,3,8.41,0,2,0,2711.65,0
C-04697,29,One-year,Basic,31.23,905.67,Credit card,0,1.25,0,0,1,779.82,0
C-04698,11,One-year,Standard,55.52,610.72,Bank transfer,0,6.81,1,2,3,1367.7,0
C-04699,26,Month-to-month,Standard,61.29,1593.54,Credit card,1,13.77,1,1,1,972.85,0
C-04700,40,Two-year,Premium,96.77,3870.8,Bank transfer,3,40.23,1,0,12,5066.53,0
C-04701,17,Month-to-month,Standard,62.43,1061.31,Mailed check,14,10.31,1,0,19,62.43,0
C-04702,5,Month-to-month,Basic,37.07,185.35,Credit card,0,0.55,0,2,69,73.58,1
C-04703,33,One-year,Standard,49.89,1646.37,Bank transfer,0,11.35,0,0,7,1208.38,0
C-04704,15,One-year,Premium,89.82,1347.3,Bank transfer,1,35.22,0,0,9,2077.05,0
C-04705,45,Month-to-month,Basic,28.74,1293.3,Mailed check,5,0.75,0,0,1,574.59,0
C-04706,1,Month-to-month,Basic,39.24,39.24,Bank transfer,4,0.4,0,0,26,83.0,1
C-04707,14,One-year,Basic,27.31,382.34,Bank transfer,2,1.83,0,2,19,863.97,0
C-04708,14,Month-to-month,Standard,54.53,763.42,Bank transfer,0,15.99,0,2,6,1036.98,0
C-04709,42,Two-year,Basic,33.07,1388.94,Credit card,7,2.44,0,0,2,2050.39,0
C-04710,29,One-year,Standard,55.48,1608.92,Credit card,0,12.07,0,0,8,2187.37,0
C-04711,1,Month-to-month,Basic,39.02,39.02,Bank transfer,5,0.39,0,2,41,34.55,1
C-04712,4,Month-to-month,Premium,115.25,461.0,Credit card,4,8.54,0,2,36,185.48,1
C-04713,1,Month-to-month,Basic,30.27,30.27,Bank transfer,5,0.96,0,4,35,51.6,1
C-04714,34,One-year,Basic,32.9,1118.6,Credit card,0,1.95,0,0,13,587.12,0
C-04715,20,One-year,Standard,46.45,929.0,Bank transfer,1,10.02,1,1,1,2405.98,0
C-04716,5,Month-to-month,Standard,62.39,311.95,Credit card,0,3.59,1,0,6,1161.59,0
C-04717,37,One-year,Basic,34.14,1263.18,Mailed check,0,1.95,0,0,2,700.55,0
C-04718,21,Two-year,Basic,27.18,570.78,Mailed check,21,0.74,1,0,2,1594.74,0
C-04719,8,Month-to-month,Basic,24.39,195.12,Credit card,5,1.56,0,1,8,458.56,0
C-04720,37,Two-year,Standard,67.88,2511.56,Credit card,1,9.38,1,0,14,2742.72,0
C-04721,17,Month-to-month,Standard,55.67,946.39,Bank transfer,3,3.98,0,5,25,142.38,1
C-04722,8,Month-to-month,Standard,61.34,490.72,Credit card,0,4.96,0,2,4,1441.46,0
C-04723,3,Month-to-month,Standard,45.83,137.49,Bank transfer,0,11.29,1,0,5,1015.17,0
C-04724,3,Month-to-month,Standard,55.35,166.05,Credit card,5,7.15,1,2,21,134.95,1
C-04725,4,Month-to-month,Basic,36.35,145.4,Mailed check,38,0.39,0,1,96,52.15,1
C-04726,9,Month-to-month,Premium,92.44,831.96,Mailed check,11,3.27,0,4,33,63.39,1
C-04727,50,Two-year,Premium,102.14,5107.0,Bank transfer,0,28.36,1,0,8,3674.35,0
C-04728,42,Two-year,Basic,24.2,1016.4,Bank transfer,0,1.11,1,0,3,1046.47,0
C-04729,23,One-year,Basic,28.33,651.59,Mailed check,0,1.34,0,2,0,456.87,0
C-04730,8,Month-to-month,Basic,38.55,308.4,Mailed check,5,1.47,0,0,35,132.68,1
C-04731,25,Month-to-month,Basic,31.33,783.25,Mailed check,6,5.15,0,0,15,376.83,0
C-04732,1,Month-to-month,Standard,67.55,67.55,Credit card,1,1.75,0,2,13,124.87,1
C-04733,29,One-year,Standard,67.55,1958.95,Credit card,0,5.8,0,0,5,2100.19,0
C-04734,37,Two-year,Standard,68.6,2538.2,Electronic check,0,6.93,1,0,4,4048.64,0
C-04735,1,Month-to-month,Standard,67.38,67.38,Bank transfer,4,3.24,1,2,21,161.08,1
C-04736,5,Month-to-month,Standard,45.08,225.4,Credit card,2,15.24,0,2,50,97.26,1
C-04737,22,One-year,Standard,68.35,1503.7,Credit card,1,6.56,0,0,0,3328.11,0
C-04738,18,Month-to-month,Basic,22.75,409.5,Mailed check,13,0.86,0,4,47,74.78,1
C-04739,9,Month-to-month,Basic,20.8,187.2,Mailed check,1,4.52,0,0,2,423.71,0
C-04740,16,One-year,Standard,46.38,742.08,Bank transfer,0,12.76,0,0,4,1498.97,0
C-04741,17,One-year,Basic,26.98,458.66,Mailed check,25,0.83,0,1,62,51.1,1
C-04742,28,Month-to-month,Basic,32.42,907.76,Bank transfer,0,1.28,1,0,2,724.97,0
C-04743,12,Month-to-month,Premium,93.1,1117.2,Electronic check,3,18.82,1,0,6,1468.64,0
C-04744,54,Two-year,Standard,45.64,2464.56,Bank transfer,4,4.84,0,0,3,1852.79,0
C-04745,5,Month-to-month,Basic,29.53,147.65,Credit card,6,1.02,0,3,30,91.98,1
C-04746,5,Month-to-month,Standard,56.05,280.25,Bank transfer,5,6.85,1,2,28,77.82,1
C-04747,25,Month-to-month,Standard,63.92,1598.0,Bank transfer,4,6.3,0,0,5,1136.82,0
C-04748,8,Month-to-month,Basic,25.59,204.72,Bank transfer,13,0.82,0,2,24,43.24,1
C-04749,12,Month-to-month,Basic,24.35,292.2,Credit card,2,1.72,0,0,9,428.49,0
C-04750,27,Two-year,Premium,86.52,2336.04,Mailed check,3,11.32,1,0,10,4327.59,0
C-04751,12,Month-to-month,Basic,26.07,312.84,Credit card,3,0.54,1,4,44,52.27,1
C-04752,9,Month-to-month,Basic,31.98,287.82,Credit card,3,0.74,0,2,70,41.54,1
C-04753,20,One-year,Standard,56.79,1135.8,Bank transfer,0,5.34,0,0,1,1518.2,0
C-04754,42,One-year,Standard,53.42,2243.64,Bank transfer,2,9.54,0,1,15,1882.16,0
C-04755,42,Two-year,Basic,27.49,1154.58,Bank transfer,4,1.05,1,1,1,1381.01,0
C-04756,48,Two-year,Basic,27.42,1316.16,Electronic check,0,1.87,0,1,1,1424.53,0
C-04757,29,Month-to-month,Basic,39.45,1144.05,Bank transfer,2,1.52,0,0,6,924.12,0
C-04758,19,One-year,Premium,85.48,1624.12,Bank transfer,2,4.92,0,2,81,207.85,1
C-04759,22,Month-to-month,Basic,36.36,799.92,Electronic check,3,0.5,0,3,55,55.29,1
C-04760,33,Two-year,Standard,62.71,2069.43,Credit card,6,15.0,1,1,3,3213.95,0
C-04761,16,Month-to-month,Premium,75.25,1204.0,Bank transfer,4,7.31,1,2,32,168.6,1
C-04762,25,Two-year,Basic,39.86,996.5,Mailed check,1,1.81,0,1,1,1280.8,0
C-04763,32,One-year,Premium,109.04,3489.28,Credit card,1,25.08,1,0,18,1812.35,0
C-04764,26,Month-to-month,Premium,105.71,2748.46,Bank transfer,0,9.9,1,0,4,2185.02,0
C-04765,41,One-year,Premium,93.24,3822.84,Mailed check,6,12.2,1,2,4,2377.44,0
C-04766,54,Two-year,Basic,31.1,1679.4,Bank transfer,1,3.83,0,2,2,1349.23,0
C-04767,71,Two-year,Standard,51.33,3644.43,Bank transfer,3,4.76,1,1,10,2604.28,0
C-04768,1,Month-to-month,Standard,45.89,45.89,Mailed check,7,7.23,1,1,64,92.34,1
C-04769,22,One-year,Premium,112.62,2477.64,Credit card,0,12.52,1,0,1,3327.36,0
C-04770,6,Month-to-month,Basic,37.93,227.58,Credit card,1,1.15,0,1,36,121.26,1
C-04771,18,Month-to-month,Standard,49.06,883.08,Mailed check,1,7.49,0,1,1,809.48,0
C-04772,9,Month-to-month,Basic,35.74,321.66,Mailed check,31,0.43,0,1,66,78.92,1
C-04773,9,Month-to-month,Basic,34.82,313.38,Bank transfer,7,1.9,0,3,61,53.24,1
C-04774,49,Two-year,Standard,49.46,2423.54,Bank transfer,2,4.25,1,1,3,2886.1,0
C-04775,3,Month-to-month,Standard,55.55,166.65,Electronic check,6,4.67,1,2,28,126.05,1
C-04776,38,Two-year,Standard,55.57,2111.66,Electronic check,11,12.58,0,2,2,3646.13,0
C-04777,1,Month-to-month,Standard,64.0,64.0,Credit card,6,26.87,0,4,47,135.33,1
C-04778,2,Month-to-month,Premium,112.69,225.38,Credit card,0,14.32,1,1,3,2237.57,0
C-04779,3,Month-to-month,Basic,21.9,65.7,Bank transfer,0,0.72,0,1,17,43.1,1
C-04780,3,Month-to-month,Standard,59.07,177.21,Mailed check,21,6.71,1,4,22,192.46,1
C-04781,11,Month-to-month,Basic,35.23,387.53,Mailed check,7,0.67,0,1,75,80.85,1
C-04782,2,Month-to-month,Basic,35.72,71.44,Mailed check,7,1.6,0,0,3,625.43,0
C-04783,26,One-year,Standard,48.7,1266.2,Mailed check,2,16.03,0,1,2,1112.71,0
C-04784,11,Month-to-month,Premium,98.65,1085.15,Bank transfer,1,21.47,1,0,3,470.03,0
C-04785,1,Month-to-month,Standard,66.44,66.44,Bank transfer,3,2.68,1,2,81,137.75,1
C-04786,1,Month-to-month,Standard,52.96,52.96,Electronic check,3,4.09,1,2,40,93.08,1
C-04787,50,Two-year,Basic,28.5,1425.0,Electronic check,5,2.43,0,1,7,467.88,0
C-04788,42,Two-year,Basic,36.09,1515.78,Bank transfer,0,1.72,0,3,1,1584.26,0
C-04789,19,Month-to-month,Standard,47.23,897.37,Credit card,5,2.52,0,3,57,55.15,1
C-04790,34,Month-to-month,Basic,37.19,1264.46,Mailed check,6,1.27,0,0,0,1041.44,0
C-04791,10,Month-to-month,Basic,26.22,262.2,Bank transfer,0,2.89,0,0,0,462.08,0
C-04792,52,Two-year,Standard,45.04,2342.08,Bank transfer,0,7.27,0,3,3,2719.27,0
C-04793,9,Month-to-month,Basic,24.68,222.12,Bank transfer,8,0.56,0,2,70,58.26,1
C-04794,1,Month-to-month,Basic,21.79,21.79,Electronic check,14,0.35,1,1,61,61.32,1
C-04795,7,Month-to-month,Standard,47.31,331.17,Credit card,6,11.42,0,1,7,1504.71,0
C-04796,4,Month-to-month,Standard,62.32,249.28,Electronic check,15,1.96,0,0,48,165.39,1
C-04797,5,Month-to-month,Premium,84.63,423.15,Credit card,0,8.97,1,0,1,3153.07,0
C-04798,35,One-year,Standard,68.37,2392.95,Credit card,2,4.38,0,1,6,2392.61,0
C-04799,7,Month-to-month,Standard,57.91,405.37,Bank transfer,9,1.53,0,2,69,172.34,1
C-04800,21,One-year,Premium,95.7,2009.7,Electronic check,1,22.14,1,0,4,2615.01,0
C-04801,1,Month-to-month,Standard,55.86,55.86,Mailed check,1,3.15,1,3,14,47.94,1
C-04802,38,Month-to-month,Basic,33.85,1286.3,Electronic check,13,1.66,1,2,3,101.06,0
C-04803,33,Two-year,Basic,29.05,958.65,Mailed check,15,0.96,0,1,1,1651.15,0
C-04804,1,Month-to-month,Standard,48.22,48.22,Credit card,3,1.21,0,2,22,77.69,1
C-04805,46,Two-year,Standard,67.0,3082.0,Credit card,1,18.36,1,1,0,2988.29,0
C-04806,21,One-year,Standard,55.71,1169.91,Bank transfer,2,16.81,0,1,11,1513.11,0
C-04807,6,Month-to-month,Standard,46.85,281.1,Credit card,1,12.77,0,1,5,655.87,0
C-04808,38,Two-year,Standard,58.23,2212.74,Electronic check,2,12.11,1,0,2,3760.0,0
C-04809,1,Month-to-month,Premium,104.13,104.13,Electronic check,12,7.92,1,0,78,134.78,1
C-04810,32,Two-year,Standard,51.89,1660.48,Mailed check,60,4.61,1,1,2,2744.46,0
C-04811,2,Month-to-month,Basic,36.01,72.02,Credit card,6,0.46,0,0,32,86.11,1
C-04812,41,Two-year,Premium,105.14,4310.74,Bank transfer,2,14.01,1,0,2,3486.12,0
C-04813,16,Month-to-month,Basic,33.01,528.16,Bank transfer,6,0.49,0,1,22,81.25,1
C-04814,18,One-year,Standard,55.52,999.36,Credit card,2,11.26,0,0,6,1154.9,0
C-04815,38,One-year,Premium,118.29,4495.02,Bank transfer,2,39.38,1,0,3,3463.28,0
C-04816,56,Two-year,Standard,51.85,2903.6,Bank transfer,1,8.03,0,2,4,2289.94,0
C-04817,36,Two-year,Standard,59.44,2139.84,Bank transfer,0,24.27,0,1,9,2884.87,0
C-04818,30,Two-year,Standard,52.73,1581.9,Bank transfer,2,10.25,1,0,29,2848.54,0
C-04819,41,Two-year,Basic,34.9,1430.9,Credit card,5,1.37,1,2,10,1367.81,0
C-04820,18,Month-to-month,Basic,20.96,377.28,Bank transfer,0,0.24,0,2,56,32.14,1
C-04821,3,Month-to-month,Standard,46.15,138.45,Credit card,3,16.62,0,0,1,380.34,0
C-04822,4,Month-to-month,Standard,65.27,261.08,Credit card,0,9.75,0,0,1,748.92,0
C-04823,13,Month-to-month,Standard,55.86,726.18,Credit card,8,7.32,1,1,112,145.69,1
C-04824,15,Month-to-month,Basic,26.82,402.3,Credit card,6,0.24,0,1,23,45.68,1
C-04825,33,One-year,Standard,60.19,1986.27,Bank transfer,1,10.45,1,1,4,2244.02,0
C-04826,2,Month-to-month,Standard,62.55,125.1,Credit card,3,6.64,1,1,13,769.05,0
C-04827,25,One-year,Standard,50.03,1250.75,Bank transfer,2,3.91,0,0,0,1192.43,0
C-04828,12,Month-to-month,Standard,49.64,595.68,Electronic check,13,8.69,1,0,1,1222.27,0
C-04829,32,Month-to-month,Standard,68.95,2206.4,Bank transfer,8,5.34,0,1,60,150.54,1
C-04830,18,One-year,Standard,59.74,1075.32,Electronic check,0,35.15,0,3,3,1079.55,0
C-04831,21,One-year,Standard,54.75,1149.75,Bank transfer,0,10.44,1,0,0,1394.59,0
C-04832,23,One-year,Premium,111.06,2554.38,Bank transfer,2,17.21,1,1,8,4096.93,0
C-04833,11,One-year,Basic,30.5,335.5,Electronic check,20,0.53,1,2,20,56.89,1
C-04834,5,Month-to-month,Premium,85.87,429.35,Bank transfer,0,39.71,1,0,2,2172.86,0
C-04835,30,One-year,Basic,24.13,723.9,Electronic check,0,1.22,0,2,1,474.25,0
C-04836,6,Month-to-month,Basic,27.94,167.64,Bank transfer,0,2.75,0,0,1,706.34,0
C-04837,1,Month-to-month,Premium,113.7,113.7,Bank transfer,8,4.35,1,3,94,119.87,1
C-04838,6,Month-to-month,Basic,21.23,127.38,Electronic check,8,2.21,0,1,3,413.36,0
C-04839,5,Month-to-month,Standard,50.46,252.3,Credit card,0,3.52,1,1,5,1195.11,0
C-04840,12,Month-to-month,Premium,115.19,1382.28,Credit card,5,10.01,1,3,82,242.34,1
C-04841,31,Two-year,Premium,80.48,2494.88,Credit card,4,11.83,1,1,7,4323.27,0
C-04842,47,Two-year,Premium,103.33,4856.51,Bank transfer,0,18.28,1,0,18,6018.65,0
C-04843,2,Month-to-month,Basic,24.27,48.54,Credit card,14,0.82,0,4,24,57.76,1
C-04844,2,Month-to-month,Standard,60.15,120.3,Bank transfer,6,3.38,0,4,45,105.27,1
C-04845,1,Month-to-month,Basic,27.66,27.66,Electronic check,8,1.02,0,2,29,50.28,1
C-04846,10,Month-to-month,Standard,47.54,475.4,Electronic check,0,6.41,0,0,4,614.52,0
C-04847,27,Two-year,Premium,101.21,2732.67,Bank transfer,0,54.27,0,0,4,3626.73,0
C-04848,3,Month-to-month,Basic,33.66,100.98,Mailed check,6,0.42,1,1,40,102.77,1
C-04849,37,One-year,Standard,62.01,2294.37,Bank transfer,2,4.57,1,0,9,2164.62,0
C-04850,24,Month-to-month,Standard,60.93,1462.32,Bank transfer,1,5.17,1,1,32,192.39,1
C-04851,41,Two-year,Standard,57.51,2357.91,Electronic check,0,11.88,0,1,1,3110.36,0
C-04852,3,Month-to-month,Premium,98.38,295.14,Electronic check,9,9.12,1,2,38,168.86,1
C-04853,28,One-year,Basic,32.71,915.88,Electronic check,0,2.12,0,2,0,676.03,0
C-04854,14,Month-to-month,Standard,62.26,871.64,Credit card,6,5.42,0,3,23,98.91,1
C-04855,26,One-year,Premium,104.47,2716.22,Bank transfer,0,27.16,0,0,0,3697.82,0
C-04856,17,Month-to-month,Standard,59.67,1014.39,Mailed check,7,3.39,1,1,52,85.3,1
C-04857,1,Month-to-month,Basic,23.12,23.12,Bank transfer,6,0.78,0,2,41,70.62,1
C-04858,36,Two-year,Standard,50.27,1809.72,Electronic check,4,12.38,1,2,4,2231.32,0
C-04859,41,Two-year,Basic,25.2,1033.2,Bank transfer,1,2.03,0,1,1,905.89,0
C-04860,49,Two-year,Basic,38.39,1881.11,Electronic check,3,1.59,0,1,17,1721.99,0
C-04861,27,One-year,Premium,109.17,2947.59,Credit card,0,21.69,1,1,11,3476.68,0
C-04862,26,Two-year,Standard,58.82,1529.32,Bank transfer,3,8.51,0,0,2,3823.57,0
C-04863,5,Month-to-month,Premium,86.34,431.7,Credit card,5,3.64,1,1,16,180.52,1
C-04864,2,Month-to-month,Premium,79.99,159.98,Electronic check,7,6.24,0,1,133,120.18,1
C-04865,5,Month-to-month,Standard,67.47,337.35,Electronic check,5,9.38,0,0,8,1788.15,0
C-04866,19,One-year,Basic,37.85,719.15,Credit card,2,1.02,0,0,3,1483.5,0
C-04867,4,Month-to-month,Standard,47.77,191.08,Electronic check,0,2.46,1,3,7,91.41,1
C-04868,1,Month-to-month,Basic,35.94,35.94,Bank transfer,7,1.18,0,1,7,25.34,1
C-04869,25,One-year,Premium,95.1,2377.5,Credit card,0,13.95,1,0,8,2410.1,0
C-04870,49,Two-year,Basic,26.48,1297.52,Bank transfer,1,1.66,0,1,4,1463.4,0
C-04871,1,Month-to-month,Basic,34.78,34.78,Credit card,5,0.52,0,3,84,104.3,1
C-04872,33,Month-to-month,Standard,60.36,1991.88,Bank transfer,1,8.41,1,0,10,1138.09,0
C-04873,1,Month-to-month,Basic,35.6,35.6,Bank transfer,13,0.51,0,5,50,68.79,1
C-04874,8,Month-to-month,Basic,21.49,171.92,Electronic check,5,0.89,1,2,50,34.16,1
C-04875,14,Month-to-month,Standard,52.96,741.44,Electronic check,8,5.86,1,1,0,1190.4,0
C-04876,34,One-year,Basic,26.39,897.26,Bank transfer,1,3.41,0,2,1,576.97,0
C-04877,17,One-year,Basic,26.6,452.2,Credit card,0,2.1,0,0,23,681.35,0
C-04878,46,One-year,Basic,30.05,1382.3,Mailed check,5,1.22,0,2,18,1231.35,0
C-04879,1,Month-to-month,Standard,52.08,52.08,Electronic check,10,4.36,0,3,28,144.68,1
C-04880,21,Two-year,Standard,56.11,1178.31,Credit card,0,5.08,1,0,1,3526.63,0
C-04881,14,Month-to-month,Standard,54.19,758.66,Electronic check,3,3.53,0,1,1,763.41,0
C-04882,5,Month-to-month,Standard,63.38,316.9,Credit card,1,2.22,0,4,13,63.32,1
C-04883,55,Two-year,Basic,32.07,1763.85,Bank transfer,1,5.23,0,1,1,2014.15,0
C-04884,11,Month-to-month,Premium,104.41,1148.51,Bank transfer,3,9.84,1,1,0,2341.36,0
C-04885,1,Month-to-month,Basic,24.21,24.21,Bank transfer,0,1.04,0,0,5,584.96,0
C-04886,42,Two-year,Standard,53.14,2231.88,Mailed check,7,14.18,1,0,1,2950.25,0
C-04887,15,Month-to-month,Premium,75.95,1139.25,Bank transfer,0,17.79,1,0,29,2212.79,0
C-04888,19,One-year,Premium,79.88,1517.72,Credit card,0,33.31,1,0,4,2849.1,0
C-04889,9,Month-to-month,Basic,25.3,227.7,Mailed check,25,1.32,1,2,2,487.17,0
C-04890,38,One-year,Basic,21.31,809.78,Mailed check,0,2.16,1,0,14,694.68,0
C-04891,4,Month-to-month,Standard,60.07,240.28,Electronic check,1,8.75,0,1,18,131.29,1
C-04892,4,Month-to-month,Basic,39.96,159.84,Bank transfer,1,1.11,0,0,4,1097.81,0
C-04893,29,One-year,Premium,79.54,2306.66,Credit card,0,40.93,1,0,3,3185.44,0
C-04894,3,Month-to-month,Standard,65.53,196.59,Electronic check,7,5.77,0,0,45,214.35,1
C-04895,12,Month-to-month,Standard,47.97,575.64,Credit card,10,1.38,0,2,62,23.98,1
C-04896,1,Month-to-month,Basic,33.4,33.4,Credit card,0,0.55,0,1,76,60.64,1
C-04897,1,Month-to-month,Standard,61.08,61.08,Bank transfer,0,2.73,0,4,25,78.6,1
C-04898,9,Month-to-month,Standard,67.57,608.13,Credit card,0,9.53,1,0,4,1978.12,0
C-04899,28,Month-to-month,Premium,80.13,2243.64,Credit card,5,5.1,1,4,7,114.0,1
C-04900,55,Two-year,Basic,26.31,1447.05,Bank transfer,0,1.69,0,0,3,1427.08,0
C-04901,11,Month-to-month,Basic,21.82,240.02,Credit card,4,2.09,0,0,0,656.12,0
C-04902,6,Month-to-month,Basic,28.15,168.9,Credit card,3,1.01,0,2,44,64.32,1
C-04903,12,Month-to-month,Basic,38.23,458.76,Credit card,17,1.47,0,5,57,66.04,1
C-04904,17,Month-to-month,Standard,64.54,1097.18,Credit card,4,3.61,1,1,3,1251.73,0
C-04905,47,Two-year,Premium,107.53,5053.91,Electronic check,0,46.78,1,0,5,3732.08,0
C-04906,2,Month-to-month,Basic,30.66,61.32,Electronic check,6,1.13,0,1,1,281.06,0
C-04907,30,Two-year,Premium,114.76,3442.8,Bank transfer,0,35.9,1,0,4,6173.28,0
C-04908,6,Month-to-month,Basic,28.99,173.94,Bank transfer,0,2.1,0,1,8,101.55,0
C-04909,18,One-year,Basic,22.99,413.82,Credit card,2,1.06,0,4,4,681.5,0
C-04910,21,One-year,Basic,36.75,771.75,Credit card,1,2.62,0,0,3,1068.76,0
C-04911,50,Two-year,Basic,25.59,1279.5,Credit card,1,1.26,0,1,3,1735.18,0
C-04912,31,One-year,Premium,77.41,2399.71,Bank transfer,0,41.86,1,0,8,2661.58,0
C-04913,21,One-year,Basic,22.52,472.92,Electronic check,0,1.41,0,2,8,627.89,0
C-04914,7,Month-to-month,Standard,60.23,421.61,Bank transfer,2,3.68,0,0,8,1431.62,0
C-04915,7,Month-to-month,Standard,60.18,421.26,Bank transfer,2,22.65,0,0,1,1156.17,0
C-04916,41,Two-year,Premium,86.71,3555.11,Credit card,0,26.86,1,0,5,3230.0,0
C-04917,11,Month-to-month,Basic,34.54,379.94,Electronic check,11,0.52,1,1,45,77.68,1
C-04918,1,Month-to-month,Basic,35.47,35.47,Bank transfer,7,0.48,0,3,101,75.81,1
C-04919,33,One-year,Basic,38.41,1267.53,Electronic check,7,0.29,0,0,52,79.95,1
C-04920,1,Month-to-month,Standard,59.62,59.62,Bank transfer,1,8.03,0,2,48,141.49,1
C-04921,40,Two-year,Basic,35.59,1423.6,Electronic check,7,2.01,0,2,1,2094.07,0
C-04922,3,One-year,Premium,108.89,326.67,Mailed check,36,11.01,1,0,66,251.17,1
C-04923,20,One-year,Standard,51.45,1029.0,Mailed check,4,13.38,0,0,2,1024.05,0
C-04924,50,Two-year,Standard,52.76,2638.0,Bank transfer,1,7.38,1,4,17,1741.6,0
C-04925,33,Month-to-month,Standard,56.96,1879.68,Bank transfer,1,10.34,1,1,1,900.37,0
C-04926,11,Month-to-month,Basic,20.38,224.18,Credit card,3,1.94,0,0,11,33.67,1
C-04927,4,Month-to-month,Standard,52.43,209.72,Mailed check,4,3.04,0,1,31,120.43,1
C-04928,12,Month-to-month,Premium,96.32,1155.84,Bank transfer,1,39.29,1,4,2,2508.94,0
C-04929,27,One-year,Premium,79.86,2156.22,Credit card,2,9.06,1,0,9,3404.28,0
C-04930,52,Two-year,Premium,80.68,4195.36,Bank transfer,1,43.03,1,1,2,3361.43,0
C-04931,4,Month-to-month,Premium,95.85,383.4,Credit card,0,11.46,1,0,1,713.96,0
C-04932,6,Month-to-month,Basic,34.62,207.72,Bank transfer,1,1.73,0,1,14,71.13,1
C-04933,44,Two-year,Basic,36.67,1613.48,Bank transfer,3,2.45,0,2,16,2166.03,0
C-04934,5,Month-to-month,Basic,30.93,154.65,Credit card,9,0.7,0,0,80,51.26,1
C-04935,1,Month-to-month,Basic,29.49,29.49,Credit card,2,1.92,0,0,2,541.88,0
C-04936,3,Month-to-month,Basic,27.69,83.07,Mailed check,12,0.32,0,2,20,51.82,1
C-04937,49,Two-year,Standard,49.82,2441.18,Electronic check,0,5.52,0,1,1,3183.44,0
C-04938,23,One-year,Standard,48.66,1119.18,Electronic check,8,4.24,0,0,80,187.19,1
C-04939,27,One-year,Premium,110.64,2987.28,Bank transfer,0,74.0,1,0,4,3912.3,0
C-04940,40,Two-year,Standard,56.63,2265.2,Electronic check,10,19.72,1,0,7,3110.72,0
C-04941,21,Month-to-month,Premium,110.56,2321.76,Bank transfer,3,3.31,0,0,22,98.04,1
C-04942,9,Month-to-month,Basic,34.08,306.72,Credit card,2,2.3,0,0,0,527.8,0
C-04943,8,Two-year,Basic,23.88,191.04,Credit card,14,0.98,0,4,22,64.68,1
C-04944,11,Month-to-month,Standard,57.76,635.36,Credit card,11,2.99,0,1,53,134.33,1
C-04945,21,One-year,Basic,28.88,606.48,Credit card,2,0.54,1,2,44,69.61,1
C-04946,41,Two-year,Basic,28.48,1167.68,Mailed check,8,2.52,0,0,8,880.73,0
C-04947,28,One-year,Basic,30.85,863.8,Credit card,1,3.07,0,0,1,400.56,0
C-04948,31,One-year,Basic,39.64,1228.84,Bank transfer,0,1.33,0,0,3,1809.63,0
C-04949,45,Two-year,Standard,65.32,2939.4,Bank transfer,0,29.18,0,0,9,3038.32,0
C-04950,53,Two-year,Standard,67.59,3582.27,Credit card,0,22.49,1,0,14,2117.19,0
C-04951,1,Month-to-month,Standard,45.74,45.74,Bank transfer,4,4.46,1,2,92,87.0,1
C-04952,4,Month-to-month,Standard,48.51,194.04,Credit card,5,4.31,1,2,1,455.83,0
C-04953,35,Month-to-month,Basic,21.7,759.5,Electronic check,1,2.46,0,0,9,240.71,0
C-04954,31,One-year,Basic,25.26,783.06,Credit card,2,2.32,1,1,0,607.52,0
C-04955,1,Month-to-month,Basic,28.84,28.84,Bank transfer,5,0.45,0,0,58,24.57,1
C-04956,21,One-year,Basic,32.84,689.64,Electronic check,22,4.46,0,0,17,93.04,0
C-04957,4,Month-to-month,Standard,57.52,230.08,Mailed check,13,2.44,0,0,33,150.0,1
C-04958,20,One-year,Standard,67.58,1351.6,Electronic check,3,30.84,1,0,2,1711.27,0
C-04959,1,Month-to-month,Standard,68.5,68.5,Bank transfer,5,4.59,1,0,27,189.1,1
C-04960,22,One-year,Basic,23.27,511.94,Bank transfer,2,1.74,0,1,3,705.02,0
C-04961,27,One-year,Standard,66.32,1790.64,Bank transfer,0,38.08,1,0,0,1023.37,0
C-04962,1,Month-to-month,Standard,57.04,57.04,Electronic check,10,14.85,1,0,2,1016.67,0
C-04963,3,Month-to-month,Standard,56.33,168.99,Mailed check,10,2.76,1,3,28,176.4,1
C-04964,20,One-year,Standard,64.62,1292.4,Credit card,0,9.49,0,0,0,1887.14,0
C-04965,1,Month-to-month,Standard,47.33,47.33,Bank transfer,0,13.21,1,0,1,646.41,0
C-04966,11,Month-to-month,Standard,67.06,737.66,Electronic check,8,8.24,1,0,13,626.87,0
C-04967,57,Two-year,Standard,61.77,3520.89,Bank transfer,0,9.78,1,0,3,2608.0,0
C-04968,34,One-year,Basic,37.51,1275.34,Credit card,4,1.34,0,1,0,776.38,0
C-04969,29,Two-year,Standard,69.86,2025.94,Bank transfer,0,3.28,1,0,6,3019.92,0
C-04970,12,Month-to-month,Basic,30.36,364.32,Bank transfer,1,2.12,0,1,18,148.49,0
C-04971,16,Month-to-month,Basic,21.87,349.92,Mailed check,12,1.16,0,1,174,22.45,1
C-04972,36,Two-year,Premium,82.49,2969.64,Bank transfer,1,31.93,1,0,15,4451.91,0
C-04973,23,One-year,Premium,89.56,2059.88,Credit card,0,18.39,0,0,3,2790.79,0
C-04974,14,One-year,Basic,22.07,308.98,Credit card,4,1.03,1,0,6,603.3,0
C-04975,2,Month-to-month,Standard,65.38,130.76,Credit card,7,1.99,0,1,23,64.4,1
C-04976,1,Month-to-month,Basic,25.94,25.94,Bank transfer,1,3.41,0,0,3,722.65,0
C-04977,13,Month-to-month,Standard,69.4,902.2,Bank transfer,13,1.6,0,2,36,259.59,1
C-04978,7,Month-to-month,Premium,106.62,746.34,Credit card,1,19.67,0,0,13,1125.75,0
C-04979,2,Month-to-month,Premium,82.8,165.6,Electronic check,17,20.98,1,1,4,1918.77,0
C-04980,3,Month-to-month,Standard,56.9,170.7,Electronic check,13,6.22,1,0,6,619.54,0
C-04981,40,Two-year,Basic,29.34,1173.6,Credit card,0,1.42,0,1,2,1564.9,0
C-04982,9,Month-to-month,Standard,57.31,515.79,Credit card,11,0.9,1,3,54,28.66,1
C-04983,32,One-year,Basic,30.71,982.72,Mailed check,39,4.06,0,0,14,769.74,0
C-04984,35,Two-year,Premium,76.4,2674.0,Bank transfer,0,34.47,1,0,6,3812.66,0
C-04985,22,One-year,Premium,105.88,2329.36,Electronic check,18,45.78,1,0,0,3505.87,0
C-04986,5,Month-to-month,Standard,57.18,285.9,Bank transfer,1,21.53,1,0,0,679.42,0
C-04987,11,One-year,Basic,35.82,394.02,Electronic check,2,0.29,0,0,21,88.57,1
C-04988,29,One-year,Basic,36.31,1052.99,Electronic check,2,2.39,0,0,7,1064.52,0
C-04989,22,One-year,Basic,24.61,541.42,Electronic check,11,0.76,0,2,46,20.32,1
C-04990,25,One-year,Premium,77.18,1929.5,Mailed check,17,42.88,1,0,2,1617.42,0
C-04991,32,Two-year,Standard,62.58,2002.56,Mailed check,3,5.78,1,0,4,4032.64,0
C-04992,21,One-year,Basic,39.56,830.76,Bank transfer,0,1.19,0,0,1,1244.89,0
C-04993,5,Month-to-month,Standard,56.17,280.85,Credit card,5,3.82,0,0,1,863.77,0
C-04994,19,One-year,Premium,86.68,1646.92,Bank transfer,0,21.09,1,1,3,1546.63,0
C-04995,7,Month-to-month,Basic,23.13,161.91,Electronic check,7,1.26,0,3,19,35.66,1
C-04996,17,Two-year,Premium,87.94,1494.98,Electronic check,4,27.88,1,0,1,4392.96,0
C-04997,3,Month-to-month,Premium,89.76,269.28,Credit card,0,13.45,1,1,1,1823.97,0
C-04998,7,Month-to-month,Premium,94.07,658.49,Credit card,0,71.98,0,0,11,1763.96,0
C-04999,22,Two-year,Basic,33.11,728.42,Electronic check,2,2.79,0,0,6,1363.31,0
C-05000,24,One-year,Basic,25.46,611.04,Credit card,0,2.97,0,0,3,375.82,0
